datasheet_id|line|description|cost|
000000001|1|YOUR UNIT COSTS||
000000001|2|1 model|100|
000000002|1|YOUR 1ST TO 2ND UNITS COST||
000000002|2|1 model|125|
000000002|3|YOUR 3RD + UNIT COSTS||
000000002|4|1 model|140|
000000003|1|YOUR UNIT COSTS||
000000003|2|1 model|75|
000000004|1|YOUR UNIT COSTS||
000000004|2|1 model|65|
000000006|1|YOUR UNIT COSTS||
000000006|2|1 model|90|
000000008|1|YOUR UNIT COSTS||
000000008|2|1 model|300|
000000009|1|YOUR UNIT COSTS||
000000009|2|1 model|80|
000000010|1|YOUR UNIT COSTS||
000000010|2|1 model|90|
000000011|1|YOUR UNIT COSTS||
000000011|2|1 model|80|
000000012|1|YOUR UNIT COSTS||
000000012|2|1 model|45|
000000013|1|YOUR UNIT COSTS||
000000013|2|1 model|45|
000000015|1|YOUR UNIT COSTS||
000000015|2|1 model|65|
000000016|1|YOUR 1ST TO 3RD UNITS COST||
000000016|2|10 models|90|
000000016|3|20 models|180|
000000016|4|YOUR 4TH + UNIT COSTS||
000000016|5|10 models|100|
000000016|6|20 models|190|
000000017|1|YOUR UNIT COSTS||
000000017|2|10 Gretchin|45|
000000017|3|20 Gretchin|80|
000000019|1|YOUR UNIT COSTS||
000000019|2|5 models|60|
000000019|3|10 models|120|
000000020|1|YOUR 1ST TO 2ND UNITS COST||
000000020|2|6 models|145|
000000020|3|YOUR 3RD + UNIT COSTS||
000000020|4|6 models|155|
000000021|1|YOUR 1ST TO 2ND UNITS COST||
000000021|2|5 models| 125|
000000021|3|10 models| 250|
000000021|4|YOUR 3RD + UNIT COSTS||
000000021|5|5 models| 155|
000000021|6|10 models| 280|
000000021|7|WARGEAR OPTIONS||
000000021|8|per Paired Krumpas|5|
000000024|1|YOUR 1ST TO 2ND UNITS COST||
000000024|2|2 models| 75|
000000024|3|3 models| 110|
000000024|4|5 models| 185|
000000024|5|6 models| 225|
000000024|6|YOUR 3RD + UNIT COSTS||
000000024|7|2 models| 115|
000000024|8|3 models| 150|
000000024|9|5 models| 225|
000000024|10|6 models| 265|
000000024|11|WARGEAR OPTIONS||
000000024|12|per Twin Killsaws|5|
000000024|13|per Killsaw|5|
000000025|1|YOUR UNIT COSTS||
000000025|2|10 models|125|
000000026|1|YOUR 1ST TO 3RD UNITS COST||
000000026|2|1 model|60|
000000026|3|YOUR 4TH + UNIT COSTS||
000000026|4|1 model|70|
000000027|1|YOUR UNIT COSTS||
000000027|2|5 models|70|
000000027|3|10 models|140|
000000028|1|YOUR 1ST TO 2ND UNITS COST||
000000028|2|3 models|80|
000000028|3|6 models|160|
000000028|4|YOUR 3RD + UNIT COSTS||
000000028|5|3 models|90|
000000028|6|6 models|170|
000000029|1|YOUR UNIT COSTS||
000000029|2|1 model|125|
000000030|1|YOUR UNIT COSTS||
000000030|2|1 model|125|
000000031|1|YOUR UNIT COSTS||
000000031|2|1 model|115|
000000032|1|YOUR 1ST TO 2ND UNITS COST||
000000032|2|1 model|215|
000000032|3|YOUR 3RD + UNIT COSTS||
000000032|4|1 model|235|
000000033|1|YOUR UNIT COSTS||
000000033|2|3 models|75|
000000033|3|6 models|140|
000000036|1|YOUR UNIT COSTS||
000000036|2|1 model|70|
000000036|3|2 models|130|
000000038|1|YOUR 1ST TO 2ND UNITS COST||
000000038|2|1 model|55|
000000038|3|2 models|110|
000000038|4|3 models|165|
000000038|5|YOUR 3RD + UNIT COSTS||
000000038|6|1 model|65|
000000038|7|2 models|120|
000000038|8|3 models|175|
000000039|1|YOUR 1ST TO 2ND UNITS COST||
000000039|2|1 model| 150|
000000039|3|YOUR 3RD + UNIT COSTS||
000000039|4|1 model|160|
000000039|5|WARGEAR COSTS REMOVED||
000000040|1|YOUR 1ST TO 2ND UNITS COST||
000000040|2|1 model|130|
000000040|3|YOUR 3RD + UNIT COSTS||
000000040|4|1 model|140|
000000041|1|YOUR 1ST TO 2ND UNITS COST||
000000041|2|3 models|130|
000000041|3|6 models|260|
000000041|4|YOUR 3RD + UNIT COSTS||
000000041|5|3 models|150|
000000041|6|6 models|280|
000000042|1|YOUR 1ST TO 2ND UNITS COST||
000000042|2|1 model|345|
000000042|3|YOUR 3RD + UNIT COSTS||
000000042|4|1 model|375|
000000043|1|YOUR 1ST TO 2ND UNITS COST||
000000043|2|1 model|325|
000000043|3|YOUR 3RD + UNIT COSTS||
000000043|4|1 model|355|
000000044|1|YOUR 1ST TO 2ND UNITS COST||
000000044|2|5 models|50|
000000044|3|10 models|100|
000000044|4|YOUR 3RD + UNIT COSTS||
000000044|5|5 models|60|
000000044|6|10 models|110|
000000045|1|YOUR 1ST TO 2ND UNITS COST||
000000045|2|5 models|105|
000000045|3|10 models|210|
000000045|4|YOUR 3RD + UNIT COSTS||
000000045|5|5 models|135|
000000045|6|10 models|240|
000000046|1|YOUR 1ST UNIT COSTS||
000000046|2|1 model|700|
000000046|3|YOUR 2ND + UNIT COSTS||
000000046|4|1 model|800|
000000049|1|YOUR UNIT COSTS||
000000049|2|4 models|155|
000000049|3|8 models|310|
000000050|1|YOUR UNIT COSTS||
000000050|2|1 model|110|
000000053|1|YOUR UNIT COSTS||
000000053|2|1 model|135|
000000054|1|YOUR UNIT COSTS||
000000054|2|1 model|90|
000000056|1|YOUR UNIT COSTS||
000000056|2|1 model|300|
000000059|1|YOUR 1ST UNIT COSTS||
000000059|2|1 model| 500|
000000059|3|YOUR 2ND + UNIT COSTS||
000000059|4|1 model| 550|
000000060|1|YOUR UNIT COSTS||
000000060|2|YOUR UNIT COSTS||
000000060|3|1 model|70|
000000060|4|1 model|70|
000000060|5|YOUR UNIT COSTS||
000000060|6|1 model|70|
000000061|1|YOUR UNIT COSTS||
000000061|2|YOUR UNIT COSTS||
000000061|3|5 models|95|
000000061|4|5 models|95|
000000061|5|10 models|190|
000000061|6|10 models|190|
000000061|7|YOUR UNIT COSTS||
000000061|8|5 models|95|
000000061|9|10 models|190|
000000063|1|YOUR UNIT COSTS||
000000063|2|YOUR UNIT COSTS||
000000063|3|1 model|65|
000000063|4|1 model|65|
000000063|5|YOUR UNIT COSTS||
000000063|6|1 model|65|
000000064|1|YOUR UNIT COSTS||
000000064|2|YOUR UNIT COSTS||
000000064|3|5 models|115|
000000064|4|5 models|115|
000000064|5|10 models|230|
000000064|6|10 models|230|
000000064|7|YOUR UNIT COSTS||
000000064|8|5 models|115|
000000064|9|10 models|230|
000000065|1|YOUR 1ST TO 2ND UNITS COST||
000000065|2|YOUR 1ST TO 2ND UNITS COST||
000000065|3|1 model|220|
000000065|4|1 model|220|
000000065|5|YOUR 3RD + UNIT COSTS||
000000065|6|YOUR 3RD + UNIT COSTS||
000000065|7|1 model|240|
000000065|8|1 model|240|
000000065|9|YOUR 1ST TO 2ND UNITS COST||
000000065|10|1 model|220|
000000065|11|YOUR 3RD + UNIT COSTS||
000000065|12|1 model|240|
000000066|1|YOUR 1ST TO 2ND UNITS COST||
000000066|2|YOUR 1ST TO 2ND UNITS COST||
000000066|3|1 model|220|
000000066|4|1 model|220|
000000066|5|YOUR 3RD + UNIT COSTS||
000000066|6|YOUR 3RD + UNIT COSTS||
000000066|7|1 model|240|
000000066|8|1 model|240|
000000066|9|YOUR 1ST TO 2ND UNITS COST||
000000066|10|1 model|220|
000000066|11|YOUR 3RD + UNIT COSTS||
000000066|12|1 model|240|
000000067|1|YOUR UNIT COSTS||
000000067|2|YOUR UNIT COSTS||
000000067|3|1 model|250|
000000067|4|1 model|250|
000000067|5|YOUR UNIT COSTS||
000000067|6|1 model|250|
000000068|1|YOUR UNIT COSTS||
000000068|2|YOUR UNIT COSTS||
000000068|3|3 models|85|
000000068|4|3 models|85|
000000068|5|YOUR UNIT COSTS||
000000068|6|3 models|85|
000000070|1|YOUR UNIT COSTS||
000000070|2|YOUR UNIT COSTS||
000000070|3|10 models|140|
000000070|4|10 models|140|
000000070|5|YOUR UNIT COSTS||
000000070|6|10 models|140|
000000071|1|YOUR 1ST TO 2ND UNITS COST||
000000071|2|YOUR 1ST TO 2ND UNITS COST||
000000071|3|3 models|80|
000000071|4|3 models|80|
000000071|5|6 models|160|
000000071|6|6 models|160|
000000071|7|YOUR 3RD + UNIT COSTS||
000000071|8|YOUR 3RD + UNIT COSTS||
000000071|9|3 models|90|
000000071|10|3 models|90|
000000071|11|6 models|170|
000000071|12|6 models|170|
000000071|13|YOUR 1ST TO 2ND UNITS COST||
000000071|14|3 models|85|
000000071|15|6 models|170|
000000071|16|YOUR 3RD + UNIT COSTS||
000000071|17|3 models|95|
000000071|18|6 models|180|
000000071|19|YOUR 1ST TO 2ND UNITS COST||
000000071|20|3 models|80|
000000071|21|6 models|160|
000000071|22|YOUR 3RD + UNIT COSTS||
000000071|23|3 models|90|
000000071|24|6 models|170|
000000072|1|YOUR UNIT COSTS||
000000072|2|YOUR UNIT COSTS||
000000072|3|1 model|215|
000000072|4|1 model|215|
000000072|5|YOUR UNIT COSTS||
000000072|6|1 model|215|
000000073|1|YOUR UNIT COSTS||
000000073|2|YOUR UNIT COSTS||
000000073|3|1 model|80|
000000073|4|1 model|80|
000000073|5|YOUR UNIT COSTS||
000000073|6|1 model|80|
000000076|1|YOUR UNIT COSTS||
000000076|2|YOUR UNIT COSTS||
000000076|3|1 model|95|
000000076|4|1 model|95|
000000076|5|YOUR UNIT COSTS||
000000076|6|1 model|95|
000000079|1|YOUR UNIT COSTS||
000000079|2|YOUR UNIT COSTS||
000000079|3|1 model| 85|
000000079|4|1 model| 85|
000000079|5|YOUR UNIT COSTS||
000000079|6|1 model| 85|
000000083|1|YOUR UNIT COSTS||
000000083|2|YOUR UNIT COSTS||
000000083|3|1 model|75|
000000083|4|1 model|75|
000000083|5|YOUR UNIT COSTS||
000000083|6|1 model|80|
000000083|7|YOUR UNIT COSTS||
000000083|8|1 model|75|
000000084|1|YOUR UNIT COSTS||
000000084|2|YOUR UNIT COSTS||
000000084|3|1 model|155|
000000084|4|1 model|155|
000000084|5|YOUR UNIT COSTS||
000000084|6|1 model|155|
000000085|1|YOUR UNIT COSTS||
000000085|2|YOUR UNIT COSTS||
000000085|3|1 model|95|
000000085|4|1 model|95|
000000085|5|YOUR UNIT COSTS||
000000085|6|1 model|95|
000000086|1|YOUR UNIT COSTS||
000000086|2|YOUR UNIT COSTS||
000000086|3|1 model|75|
000000086|4|1 model|75|
000000086|5|2 models|150|
000000086|6|2 models|150|
000000086|7|YOUR UNIT COSTS||
000000086|8|1 model|75|
000000086|9|2 models|150|
000000087|1|YOUR 1ST TO 3RD UNITS COST||
000000087|2|YOUR 1ST TO 3RD UNITS COST||
000000087|3|1 model|60|
000000087|4|1 model|60|
000000087|5|YOUR 4TH + UNIT COSTS||
000000087|6|YOUR 4TH + UNIT COSTS||
000000087|7|1 model|70|
000000087|8|1 model|70|
000000087|9|YOUR 1ST TO 3RD UNITS COST||
000000087|10|1 model|60|
000000087|11|YOUR 4TH + UNIT COSTS||
000000087|12|1 model|70|
000000091|1|YOUR 1ST TO 2ND UNITS COST||
000000091|2|YOUR 1ST TO 2ND UNITS COST||
000000091|3|1 model|150|
000000091|4|1 model|150|
000000091|5|YOUR 3RD + UNIT COSTS||
000000091|6|YOUR 3RD + UNIT COSTS||
000000091|7|1 model|160|
000000091|8|1 model|160|
000000091|9|YOUR 1ST TO 2ND UNITS COST||
000000091|10|1 model|150|
000000091|11|YOUR 3RD + UNIT COSTS||
000000091|12|1 model|160|
000000092|1|YOUR UNIT COSTS||
000000092|2|YOUR UNIT COSTS||
000000092|3|1 model|180|
000000092|4|1 model|180|
000000092|5|YOUR UNIT COSTS||
000000092|6|1 model|180|
000000093|1|YOUR UNIT COSTS||
000000093|2|YOUR UNIT COSTS||
000000093|3|1 model|320|
000000093|4|1 model|320|
000000093|5|YOUR UNIT COSTS||
000000093|6|1 model|320|
000000094|1|YOUR UNIT COSTS||
000000094|2|YOUR UNIT COSTS||
000000094|3|1 model|70|
000000094|4|1 model|70|
000000094|5|YOUR UNIT COSTS||
000000094|6|1 model|70|
000000096|1|YOUR UNIT COSTS||
000000096|2|YOUR UNIT COSTS||
000000096|3|1 model|250|
000000096|4|1 model|250|
000000096|5|YOUR UNIT COSTS||
000000096|6|1 model|250|
000000097|1|YOUR UNIT COSTS||
000000097|2|YOUR UNIT COSTS||
000000097|3|1 model|175|
000000097|4|1 model|175|
000000097|5|YOUR UNIT COSTS||
000000097|6|1 model|175|
000000098|1|YOUR UNIT COSTS||
000000098|2|YOUR UNIT COSTS||
000000098|3|1 model|30|
000000098|4|1 model|30|
000000098|5|2 models|60|
000000098|6|2 models|60|
000000098|7|3 models|90|
000000098|8|3 models|90|
000000098|9|YOUR UNIT COSTS||
000000098|10|1 model|30|
000000098|11|2 models|60|
000000098|12|3 models|90|
000000099|1|YOUR UNIT COSTS||
000000099|2|YOUR UNIT COSTS||
000000099|3|1 model|70|
000000099|4|1 model|70|
000000099|5|YOUR UNIT COSTS||
000000099|6|1 model|70|
000000103|1|YOUR 1ST TO 2ND UNITS COST||
000000103|2|YOUR 1ST TO 2ND UNITS COST||
000000103|3|3 models|90|
000000103|4|3 models|90|
000000103|5|6 models|180|
000000103|6|6 models|180|
000000103|7|YOUR 3RD + UNIT COSTS||
000000103|8|YOUR 3RD + UNIT COSTS||
000000103|9|3 models|100|
000000103|10|3 models|100|
000000103|11|6 models|190|
000000103|12|6 models|190|
000000103|13|YOUR 1ST TO 2ND UNITS COST||
000000103|14|3 models|90|
000000103|15|6 models|180|
000000103|16|YOUR 3RD + UNIT COSTS||
000000103|17|3 models|100|
000000103|18|6 models|190|
000000104|1|YOUR UNIT COSTS||
000000104|2|YOUR UNIT COSTS||
000000104|3|5 models|200|
000000104|4|5 models|200|
000000104|5|10 models|400|
000000104|6|10 models|400|
000000104|7|YOUR UNIT COSTS||
000000104|8|5 models|200|
000000104|9|10 models|400|
000000107|1|YOUR UNIT COSTS||
000000107|2|YOUR UNIT COSTS||
000000107|3|1 model|110|
000000107|4|1 model|110|
000000107|5|YOUR UNIT COSTS||
000000107|6|1 model|110|
000000110|1|YOUR UNIT COSTS||
000000110|2|YOUR UNIT COSTS||
000000110|3|1 model|90|
000000110|4|1 model|90|
000000110|5|YOUR UNIT COSTS||
000000110|6|1 model|90|
000000111|1|YOUR UNIT COSTS||
000000111|2|YOUR UNIT COSTS||
000000111|3|1 model|130|
000000111|4|1 model|130|
000000111|5|YOUR UNIT COSTS||
000000111|6|1 model|130|
000000112|1|YOUR UNIT COSTS||
000000112|2|YOUR UNIT COSTS||
000000112|3|1 model|75|
000000112|4|1 model|75|
000000112|5|YOUR UNIT COSTS||
000000112|6|1 model|80|
000000112|7|YOUR UNIT COSTS||
000000112|8|1 model|75|
000000113|1|YOUR UNIT COSTS||
000000113|2|YOUR UNIT COSTS||
000000113|3|1 model|250|
000000113|4|1 model|250|
000000113|5|YOUR UNIT COSTS||
000000113|6|1 model|250|
000000114|1|YOUR 1ST TO 2ND UNITS COST||
000000114|2|YOUR 1ST TO 2ND UNITS COST||
000000114|3|1 model|140|
000000114|4|1 model|140|
000000114|5|YOUR 3RD + UNIT COSTS||
000000114|6|YOUR 3RD + UNIT COSTS||
000000114|7|1 model|150|
000000114|8|1 model|150|
000000114|9|YOUR 1ST TO 2ND UNITS COST||
000000114|10|1 model|140|
000000114|11|YOUR 3RD + UNIT COSTS||
000000114|12|1 model|150|
000000115|1|YOUR UNIT COSTS||
000000115|2|YOUR UNIT COSTS||
000000115|3|1 model|75|
000000115|4|1 model|75|
000000115|5|YOUR UNIT COSTS||
000000115|6|1 model|75|
000000116|1|YOUR UNIT COSTS||
000000116|2|YOUR UNIT COSTS||
000000116|3|1 model|55|
000000116|4|1 model|55|
000000116|5|3 models|80|
000000116|6|3 models|80|
000000116|7|6 models|160|
000000116|8|6 models|160|
000000116|9|YOUR UNIT COSTS||
000000116|10|1 model|55|
000000116|11|3 models|80|
000000116|12|6 models|160|
000000117|1|YOUR UNIT COSTS||
000000117|2|YOUR UNIT COSTS||
000000117|3|1 model|135|
000000117|4|1 model|135|
000000117|5|YOUR UNIT COSTS||
000000117|6|1 model|135|
000000118|1|YOUR UNIT COSTS||
000000118|2|YOUR UNIT COSTS||
000000118|3|5 models|155|
000000118|4|5 models|155|
000000118|5|10 models|310|
000000118|6|10 models|310|
000000118|7|WARGEAR OPTIONS||
000000118|8|WARGEAR OPTIONS||
000000118|9|per Thunder Hammer|5|
000000118|10|per Thunder Hammer|5|
000000118|11|YOUR UNIT COSTS||
000000118|12|5 models|155|
000000118|13|10 models|310|
000000118|14|WARGEAR OPTIONS||
000000118|15|per Thunder Hammer|5|
000000119|1|YOUR UNIT COSTS||
000000119|2|YOUR UNIT COSTS||
000000119|3|1 model|70|
000000119|4|1 model|70|
000000119|5|YOUR UNIT COSTS||
000000119|6|1 model|70|
000000120|1|YOUR UNIT COSTS||
000000120|2|YOUR UNIT COSTS||
000000120|3|1 model|165|
000000120|4|1 model|165|
000000120|5|YOUR UNIT COSTS||
000000120|6|1 model|165|
000000121|1|YOUR UNIT COSTS||
000000121|2|1 model| 105|
000000122|1|YOUR UNIT COSTS||
000000122|2|YOUR UNIT COSTS||
000000122|3|1 model|75|
000000122|4|1 model|75|
000000122|5|YOUR UNIT COSTS||
000000122|6|1 model|75|
000000123|1|YOUR UNIT COSTS||
000000123|2|YOUR UNIT COSTS||
000000123|3|1 model|160|
000000123|4|1 model|160|
000000123|5|YOUR UNIT COSTS||
000000123|6|1 model|160|
000000124|1|YOUR 1ST TO 2ND UNITS COST||
000000124|2|YOUR 1ST TO 2ND UNITS COST||
000000124|3|1 model|105|
000000124|4|1 model|105|
000000124|5|YOUR 3RD + UNIT COSTS||
000000124|6|YOUR 3RD + UNIT COSTS||
000000124|7|1 model|115|
000000124|8|1 model|115|
000000124|9|YOUR 1ST TO 2ND UNITS COST||
000000124|10|1 model|105|
000000124|11|YOUR 3RD + UNIT COSTS||
000000124|12|1 model|115|
000000125|1|YOUR 1ST TO 2ND UNITS COST||
000000125|2|YOUR 1ST TO 2ND UNITS COST||
000000125|3|3 models|125|
000000125|4|3 models|125|
000000125|5|6 models|250|
000000125|6|6 models|250|
000000125|7|YOUR 3RD + UNIT COSTS||
000000125|8|YOUR 3RD + UNIT COSTS||
000000125|9|3 models|140|
000000125|10|3 models|140|
000000125|11|6 models|265|
000000125|12|6 models|265|
000000125|13|YOUR 1ST TO 2ND UNITS COST||
000000125|14|3 models|125|
000000125|15|6 models|250|
000000125|16|YOUR 3RD + UNIT COSTS||
000000125|17|3 models|140|
000000125|18|6 models|265|
000000126|1|YOUR UNIT COSTS||
000000126|2|YOUR UNIT COSTS||
000000126|3|5 models|85|
000000126|4|5 models|85|
000000126|5|10 models|180|
000000126|6|10 models|180|
000000126|7|YOUR UNIT COSTS||
000000126|8|5 models|85|
000000126|9|10 models|180|
000000127|1|YOUR UNIT COSTS||
000000127|2|1 model|85|
000000128|1|YOUR 1ST TO 2ND UNITS COST||
000000128|2|YOUR 1ST TO 2ND UNITS COST||
000000128|3|5 models|110|
000000128|4|5 models|110|
000000128|5|10 models|180|
000000128|6|10 models|180|
000000128|7|YOUR 3RD + UNIT COSTS||
000000128|8|YOUR 3RD + UNIT COSTS||
000000128|9|5 models|120|
000000128|10|5 models|120|
000000128|11|10 models|190|
000000128|12|10 models|190|
000000128|13|YOUR 1ST TO 2ND UNITS COST||
000000128|14|5 models|110|
000000128|15|10 models|180|
000000128|16|YOUR 3RD + UNIT COSTS||
000000128|17|5 models|120|
000000128|18|10 models|190|
000000129|1|YOUR 1ST TO 3RD UNITS COST||
000000129|2|YOUR 1ST TO 3RD UNITS COST||
000000129|3|1 model|85|
000000129|4|1 model|85|
000000129|5|YOUR 4TH + UNIT COSTS||
000000129|6|YOUR 4TH + UNIT COSTS||
000000129|7|1 model|95|
000000129|8|1 model|95|
000000129|9|YOUR 1ST TO 3RD UNITS COST||
000000129|10|1 model|85|
000000129|11|YOUR 4TH + UNIT COSTS||
000000129|12|1 model|95|
000000131|1|YOUR UNIT COSTS||
000000131|2|YOUR UNIT COSTS||
000000131|3|1 model|160|
000000131|4|1 model|160|
000000131|5|YOUR UNIT COSTS||
000000131|6|1 model|160|
000000132|1|YOUR UNIT COSTS||
000000132|2|YOUR UNIT COSTS||
000000132|3|1 model|70|
000000132|4|1 model|70|
000000132|5|YOUR UNIT COSTS||
000000132|6|1 model|70|
000000134|1|YOUR UNIT COSTS||
000000134|2|YOUR UNIT COSTS||
000000134|3|4 models|55|
000000134|4|4 models|55|
000000134|5|YOUR UNIT COSTS||
000000134|6|4 models|55|
000000135|1|YOUR UNIT COSTS||
000000135|2|YOUR UNIT COSTS||
000000135|3|1 model|85|
000000135|4|1 model|85|
000000135|5|YOUR UNIT COSTS||
000000135|6|1 model|85|
000000136|1|YOUR 1ST TO 2ND UNITS COST||
000000136|2|YOUR 1ST TO 2ND UNITS COST||
000000136|3|1 model|150|
000000136|4|1 model|150|
000000136|5|YOUR 3RD + UNIT COSTS||
000000136|6|YOUR 3RD + UNIT COSTS||
000000136|7|1 model|160|
000000136|8|1 model|160|
000000136|9|YOUR 1ST TO 2ND UNITS COST||
000000136|10|1 model|150|
000000136|11|YOUR 3RD + UNIT COSTS||
000000136|12|1 model|160|
000000137|1|YOUR UNIT COSTS||
000000137|2|YOUR UNIT COSTS||
000000137|3|3 models|75|
000000137|4|3 models|75|
000000137|5|6 models|150|
000000137|6|6 models|150|
000000137|7|YOUR UNIT COSTS||
000000137|8|3 models|75|
000000137|9|6 models|150|
000000138|1|YOUR UNIT COSTS||
000000138|2|1 model| 355|
000000139|1|YOUR UNIT COSTS||
000000139|2|YOUR UNIT COSTS||
000000139|3|1 model|840|
000000139|4|1 model|840|
000000139|5|YOUR UNIT COSTS||
000000139|6|1 model|840|
000000140|1|YOUR UNIT COSTS||
000000140|2|YOUR UNIT COSTS||
000000140|3|1 model|55|
000000140|4|1 model|55|
000000140|5|YOUR UNIT COSTS||
000000140|6|1 model|55|
000000146|1|YOUR UNIT COSTS||
000000146|2|YOUR UNIT COSTS||
000000146|3|1 model|100|
000000146|4|1 model|100|
000000146|5|YOUR UNIT COSTS||
000000146|6|1 model|100|
000000147|1|YOUR 1ST TO 2ND UNITS COST||
000000147|2|YOUR 1ST TO 2ND UNITS COST||
000000147|3|5 models|105|
000000147|4|5 models|105|
000000147|5|10 models|210|
000000147|6|10 models|210|
000000147|7|YOUR 3RD + UNIT COSTS||
000000147|8|YOUR 3RD + UNIT COSTS||
000000147|9|5 models|115|
000000147|10|5 models|115|
000000147|11|10 models|220|
000000147|12|10 models|220|
000000147|13|YOUR 1ST TO 2ND UNITS COST||
000000147|14|5 models| 110|
000000147|15|10 models| 220|
000000147|16|YOUR 3RD + UNIT COSTS||
000000147|17|5 models| 120|
000000147|18|10 models| 230|
000000147|19|YOUR 1ST TO 2ND UNITS COST||
000000147|20|5 models|105|
000000147|21|10 models|210|
000000147|22|YOUR 3RD + UNIT COSTS||
000000147|23|5 models|115|
000000147|24|10 models|220|
000000148|1|YOUR UNIT COSTS||
000000148|2|YOUR UNIT COSTS||
000000148|3|1 model|40|
000000148|4|1 model|40|
000000148|5|YOUR UNIT COSTS||
000000148|6|1 model|40|
000000151|1|YOUR UNIT COSTS||
000000151|2|1 model|125|
000000152|1|YOUR UNIT COSTS||
000000152|2|1 model|75|
000000153|1|YOUR UNIT COSTS||
000000153|2|1 model|90|
000000154|1|YOUR UNIT COSTS||
000000154|2|1 model|170|
000000155|1|YOUR UNIT COSTS||
000000155|2|1 model|110|
000000156|1|YOUR UNIT COSTS||
000000156|2|1 model| 120|
000000157|1|YOUR UNIT COSTS||
000000157|2|1 model|85|
000000158|1|YOUR 1ST TO 2ND UNITS COST||
000000158|2|1 model|75|
000000158|3|YOUR 3RD + UNIT COSTS||
000000158|4|1 model|85|
000000160|1|YOUR UNIT COSTS||
000000160|2|1 model|75|
000000164|1|YOUR UNIT COSTS||
000000164|2|1 model|100|
000000165|1|YOUR 1ST TO 2ND UNITS COST||
000000165|2|3 models| 120|
000000165|3|6 models|260|
000000165|4|YOUR 3RD + UNIT COSTS||
000000165|5|3 models| 140|
000000165|6|6 models|280|
000000166|1|YOUR 1ST TO 2ND UNITS COST||
000000166|2|1 model|150|
000000166|3|YOUR 3RD + UNIT COSTS||
000000166|4|1 model|160|
000000167|1|YOUR UNIT COSTS||
000000167|2|1 model|150|
000000168|1|YOUR 1ST TO 2ND UNITS COST||
000000168|2|1 model|125|
000000168|3|YOUR 3RD + UNIT COSTS||
000000168|4|1 model|135|
000000169|1|YOUR UNIT COSTS||
000000169|2|1 model|90|
000000218|1|YOUR UNIT COSTS||
000000218|2|1 model|140|
000000219|1|YOUR UNIT COSTS||
000000219|2|1 model|75|
000000225|1|YOUR UNIT COSTS||
000000225|2|1 model|70|
000000226|1|YOUR UNIT COSTS||
000000226|2|1 model|75|
000000230|1|YOUR UNIT COSTS||
000000230|2|5 models|165|
000000230|3|10 models|330|
000000231|1|YOUR 1ST TO 2ND UNITS COST||
000000231|2|5 models|240|
000000231|3|YOUR 3RD + UNIT COSTS||
000000231|4|5 models|260|
000000238|1|YOUR UNIT COSTS||
000000238|2|1 model| 70|
000000239|1|YOUR UNIT COSTS||
000000239|2|1 model| 180|
000000240|1|YOUR UNIT COSTS||
000000240|2|1 model|200|
000000241|1|YOUR 1ST TO 2ND UNITS COST||
000000241|2|3 models|75|
000000241|3|6 models|150|
000000241|4|YOUR 3RD + UNIT COSTS||
000000241|5|3 models|85|
000000241|6|6 models|160|
000000242|1|YOUR 1ST TO 2ND UNITS COST||
000000242|2|1 model| 130|
000000242|3|YOUR 3RD + UNIT COSTS||
000000242|4|1 model| 140|
000000282|1|YOUR UNIT COSTS||
000000282|2|1 model| 100|
000000283|1|YOUR UNIT COSTS||
000000283|2|1 model|180|
000000284|1|YOUR UNIT COSTS||
000000284|2|1 model|100|
000000285|1|YOUR UNIT COSTS||
000000285|2|1 model| 90|
000000286|1|YOUR UNIT COSTS||
000000286|2|1 model|65|
000000287|1|YOUR UNIT COSTS||
000000287|2|1 model|85|
000000288|1|YOUR UNIT COSTS||
000000288|2|1 model|75|
000000292|1|YOUR UNIT COSTS||
000000292|2|1 model| 75|
000000297|1|YOUR UNIT COSTS||
000000297|2|1 model|70|
000000302|1|YOUR UNIT COSTS||
000000302|2|1 model|160|
000000303|1|YOUR UNIT COSTS||
000000303|2|10 models|135|
000000303|3|20 models|270|
000000304|1|YOUR UNIT COSTS||
000000304|2|1 model|50|
000000305|1|YOUR UNIT COSTS||
000000305|2|10 models|165|
000000306|1|YOUR UNIT COSTS||
000000306|2|1 model| 50|
000000311|1|YOUR 1ST TO 2ND UNITS COST||
000000311|2|5 models|85|
000000311|3|10 models|170|
000000311|4|YOUR 3RD + UNIT COSTS||
000000311|5|5 models|95|
000000311|6|10 models|180|
000000314|1|YOUR UNIT COSTS||
000000314|2|1 model|150|
000000315|1|YOUR UNIT COSTS||
000000315|2|5 models|85|
000000315|3|10 models|170|
000000317|1|YOUR UNIT COSTS||
000000317|2|1 model| 95|
000000318|1|YOUR 1ST TO 2ND UNITS COST||
000000318|2|5 models| 155|
000000318|3|10 models| 310|
000000318|4|YOUR 3RD + UNIT COSTS||
000000318|5|5 models| 195|
000000318|6|10 models| 350|
000000318|7|WARGEAR OPTIONS||
000000318|8|per Storm Shield|5|
000000321|1|YOUR UNIT COSTS||
000000321|2|1 model|250|
000000322|1|YOUR 1ST TO 2ND UNITS COST||
000000322|2|3 models|100|
000000322|3|6 models|200|
000000322|4|YOUR 3RD + UNIT COSTS||
000000322|5|3 models| 130|
000000322|6|6 models| 230|
000000322|7|WARGEAR OPTIONS||
000000322|8|per Storm Shield|5|
000000323|1|YOUR 1ST TO 2ND UNITS COST||
000000323|2|5 models|45|
000000323|3|10 models|75|
000000323|4|YOUR 3RD + UNIT COSTS||
000000323|5|5 models|50|
000000323|6|10 models|80|
000000324|1|YOUR UNIT COSTS||
000000324|2|5 models|90|
000000324|3|10 models|165|
000000324|4|15 models|240|
000000325|1|YOUR UNIT COSTS||
000000325|2|1 model|300|
000000326|1|YOUR UNIT COSTS||
000000326|2|5 models|120|
000000326|3|6 models|145|
000000358|1|YOUR UNIT COSTS||
000000358|2|1 model|180|
000000373|1|YOUR UNIT COSTS||
000000373|2|1 model|125|
000000374|1|YOUR UNIT COSTS||
000000374|2|1 model| 125|
000000375|1|YOUR UNIT COSTS||
000000375|2|1 model|95|
000000376|1|YOUR UNIT COSTS||
000000376|2|1 model|95|
000000377|1|YOUR UNIT COSTS||
000000377|2|1 model|90|
000000379|1|YOUR UNIT COSTS||
000000379|2|1 model|70|
000000380|1|YOUR UNIT COSTS||
000000380|2|1 model|100|
000000381|1|YOUR UNIT COSTS||
000000381|2|5 models| 115|
000000381|3|10 models| 230|
000000382|1|YOUR UNIT COSTS||
000000382|2|4 models|140|
000000382|3|5 models|175|
000000382|4|8 models|300|
000000382|5|10 models| 360|
000000382|6|WARGEAR OPTIONS||
000000382|7|per Psycannon|5|
000000383|1|YOUR 1ST TO 2ND UNITS COST||
000000383|2|5 models|130|
000000383|3|10 models|260|
000000383|4|YOUR 3RD + UNIT COSTS||
000000383|5|5 models|140|
000000383|6|10 models|270|
000000384|1|YOUR 1ST TO 2ND UNITS COST||
000000384|2|4 models|170|
000000384|3|5 models|215|
000000384|4|8 models|360|
000000384|5|10 models| 460|
000000384|6|YOUR 3RD + UNIT COSTS||
000000384|7|4 models| 210|
000000384|8|5 models| 255|
000000384|9|8 models| 400|
000000384|10|10 models| 500|
000000384|11|WARGEAR OPTIONS||
000000384|12|per Psycannon|5|
000000387|1|YOUR 1ST TO 2ND UNITS COST||
000000387|2|5 models|125|
000000387|3|10 models|250|
000000387|4|YOUR 3RD + UNIT COSTS||
000000387|5|5 models|135|
000000387|6|10 models|260|
000000388|1|YOUR 1ST TO 2ND UNITS COST||
000000388|2|5 models| 105|
000000388|3|10 models| 210|
000000388|4|YOUR 3RD + UNIT COSTS||
000000388|5|5 models| 115|
000000388|6|10 models| 220|
000000388|7|WARGEAR OPTIONS||
000000388|8|per Psycannon|5|
000000389|1|YOUR 1ST TO 2ND UNITS COST||
000000389|2|1 model|195|
000000389|3|YOUR 3RD + UNIT COSTS||
000000389|4|1 model|210|
000000389|5|WARGEAR OPTIONS||
000000389|6|per Heavy psycannon|15|
000000390|1|YOUR UNIT COSTS||
000000390|2|1 model|160|
000000391|1|YOUR 1ST TO 2ND UNITS COST||
000000391|2|1 model|220|
000000391|3|YOUR 3RD + UNIT COSTS||
000000391|4|1 model|240|
000000392|1|YOUR 1ST TO 2ND UNITS COST||
000000392|2|1 model|220|
000000392|3|YOUR 3RD + UNIT COSTS||
000000392|4|1 model|240|
000000393|1|YOUR 1ST TO 2ND UNITS COST||
000000393|2|1 model| 260|
000000393|3|YOUR 3RD + UNIT COSTS||
000000393|4|1 model| 280|
000000395|1|YOUR 1ST TO 3RD UNITS COST||
000000395|2|1 model| 75|
000000395|3|YOUR 4TH + UNIT COSTS||
000000395|4|1 model|85|
000000396|1|YOUR 1ST TO 3RD UNITS COST||
000000396|2|1 model| 70|
000000396|3|YOUR 4TH + UNIT COSTS||
000000396|4|1 model|80|
000000397|1|YOUR UNIT COSTS||
000000397|2|4 models|60|
000000398|1|YOUR 1ST UNIT COSTS||
000000398|2|1 model|280|
000000398|3|YOUR 2ND + UNIT COSTS||
000000398|4|1 model|300|
000000399|1|YOUR UNIT COSTS||
000000399|2|1 model|70|
000000400|1|YOUR 1ST TO 2ND UNITS COST||
000000400|2|1 model|130|
000000400|3|YOUR 3RD + UNIT COSTS||
000000400|4|1 model|140|
000000402|1|YOUR UNIT COSTS||
000000402|2|1 model|95|
000000404|1|YOUR UNIT COSTS||
000000404|2|1 model|50|
000000405|1|YOUR UNIT COSTS||
000000405|2|1 model|50|
000000406|1|YOUR UNIT COSTS||
000000406|2|1 model| 70|
000000407|1|YOUR UNIT COSTS||
000000407|2|1 model|100|
000000408|1|YOUR UNIT COSTS||
000000408|2|1 model|50|
000000409|1|YOUR UNIT COSTS||
000000409|2|3 models|65|
000000410|1|YOUR UNIT COSTS||
000000410|2|1 model|60|
000000411|1|YOUR UNIT COSTS||
000000411|2|10 models|70|
000000412|1|YOUR UNIT COSTS||
000000412|2|10 models|90|
000000413|1|YOUR UNIT COSTS||
000000413|2|10 models|65|
000000413|3|20 models|130|
000000414|1|YOUR UNIT COSTS||
000000414|2|1 model|45|
000000414|3|2 models|60|
000000414|4|3 models|90|
000000415|1|YOUR UNIT COSTS||
000000415|2|5 models|45|
000000415|3|10 models|65|
000000417|1|YOUR 1ST TO 2ND UNITS COST||
000000417|2|5 models|100|
000000417|3|YOUR 3RD + UNIT COSTS||
000000417|4|5 models|110|
000000418|1|YOUR UNIT COSTS||
000000418|2|3 models|200|
000000418|3|6 models|400|
000000420|1|YOUR 1ST TO 2ND UNITS COST||
000000420|2|1 model|150|
000000420|3|YOUR 3RD + UNIT COSTS||
000000420|4|1 model| 165|
000000420|5|WARGEAR OPTIONS||
000000420|6|per Cyclic Ion Raker| 15|
000000421|1|YOUR 1ST TO 2ND UNITS COST||
000000421|2|1 model| 190|
000000421|3|YOUR 3RD + UNIT COSTS||
000000421|4|1 model| 220|
000000421|5|WARGEAR OPTIONS||
000000421|6|per Ion accelerator| 25|
000000422|1|YOUR 1ST TO 2ND UNITS COST||
000000422|2|10 models| 85|
000000422|3|YOUR 3RD + UNIT COSTS||
000000422|4|10 models|100|
000000422|5|WARGEAR OPTIONS||
000000422|6|per Ion rifle|5|
000000423|1|YOUR 1ST TO 2ND UNITS COST||
000000423|2|1 model|65|
000000423|3|2 models|110|
000000423|4|3 models|165|
000000423|5|YOUR 3RD + UNIT COSTS||
000000423|6|1 model|75|
000000423|7|2 models|120|
000000423|8|3 models|175|
000000424|1|YOUR 1ST TO 3RD UNITS COST||
000000424|2|1 model| 75|
000000424|3|YOUR 4TH + UNIT COSTS||
000000424|4|1 model|85|
000000425|1|YOUR UNIT COSTS||
000000425|2|1 model|160|
000000426|1|YOUR UNIT COSTS||
000000426|2|1 model|150|
000000427|1|YOUR UNIT COSTS||
000000427|2|5 models|70|
000000427|3|10 models|115|
000000428|1|YOUR UNIT COSTS||
000000428|2|1 model|55|
000000430|1|YOUR UNIT COSTS||
000000430|2|1 model|140|
000000431|1|YOUR UNIT COSTS||
000000431|2|1 model|140|
000000432|1|YOUR 1ST TO 2ND UNITS COST||
000000432|2|1 model| 150|
000000432|3|YOUR 3RD + UNIT COSTS||
000000432|4|1 model| 160|
000000433|1|YOUR 1ST TO 2ND UNITS COST||
000000433|2|1 model|75|
000000433|3|2 models|150|
000000433|4|3 models| 255|
000000433|5|YOUR 3RD + UNIT COSTS||
000000433|6|1 model|95|
000000433|7|2 models|170|
000000433|8|3 models| 275|
000000433|9|WARGEAR OPTIONS||
000000433|10|per High-yield missile pods|5|
000000434|1|YOUR 1ST UNIT COSTS||
000000434|2|1 model| 375|
000000434|3|YOUR 2ND + UNIT COSTS||
000000434|4|1 model| 400|
000000435|1|YOUR UNIT COSTS||
000000435|2|1 model|85|
000000436|1|YOUR UNIT COSTS||
000000436|2|1 model|85|
000000436|3|+ <!-- -->1 Tidewall Defence Platform|20|
000000437|1|YOUR UNIT COSTS||
000000437|2|1 model|90|
000000439|1|YOUR UNIT COSTS||
000000439|2|1 model|80|
000000443|1|YOUR UNIT COSTS||
000000443|2|1 model|55|
000000443|3|2 models|110|
000000444|1|YOUR UNIT COSTS||
000000444|2|1 model|210|
000000445|1|YOUR UNIT COSTS||
000000445|2|1 model|200|
000000446|1|YOUR 1ST UNIT COSTS||
000000446|2|1 model|790|
000000446|3|YOUR 2ND + UNIT COSTS||
000000446|4|1 model|890|
000000447|1|YOUR UNIT COSTS||
000000447|2|2 models|80|
000000447|3|4 models|160|
000000448|1|YOUR UNIT COSTS||
000000448|2|1 model|60|
000000449|1|YOUR UNIT COSTS||
000000449|2|2 models|45|
000000452|1|YOUR UNIT COSTS||
000000452|2|2 models|160|
000000453|1|YOUR UNIT COSTS||
000000453|2|1 model|220|
000000454|1|YOUR 1ST UNIT COSTS||
000000454|2|1 model| 395|
000000454|3|YOUR 2ND + UNIT COSTS||
000000454|4|1 model| 445|
000000455|1|YOUR 1ST UNIT COSTS||
000000455|2|1 model|315|
000000455|3|YOUR 2ND + UNIT COSTS||
000000455|4|1 model|375|
000000456|1|YOUR UNIT COSTS||
000000456|2|1 model|275|
000000457|1|YOUR UNIT COSTS||
000000457|2|1 model|2100|
000000458|1|YOUR UNIT COSTS||
000000458|2|1 model|50|
000000459|1|YOUR UNIT COSTS||
000000459|2|1 model|50|
000000460|1|YOUR UNIT COSTS||
000000460|2|1 model|195|
000000461|1|YOUR UNIT COSTS||
000000461|2|1 model|210|
000000462|1|YOUR UNIT COSTS||
000000462|2|1 model|140|
000000463|1|YOUR UNIT COSTS||
000000463|2|1 model|80|
000000465|1|YOUR UNIT COSTS||
000000465|2|1 model|160|
000000467|1|YOUR 1ST TO 2ND UNITS COST||
000000467|2|5 models|75|
000000467|3|10 models|140|
000000467|4|YOUR 3RD + UNIT COSTS||
000000467|5|5 models|85|
000000467|6|10 models|150|
000000468|1|YOUR UNIT COSTS||
000000468|2|10 models|60|
000000468|3|20 models|110|
000000469|1|YOUR UNIT COSTS||
000000469|2|10 models|70|
000000469|3|20 models|120|
000000470|1|YOUR UNIT COSTS||
000000470|2|1 model|30|
000000470|3|2 models|40|
000000470|4|3 models|50|
000000471|1|YOUR UNIT COSTS||
000000471|2|3 models|80|
000000471|3|6 models| 170|
000000472|1|YOUR 1ST TO 2ND UNITS COST||
000000472|2|3 models|80|
000000472|3|6 models|160|
000000472|4|YOUR 3RD + UNIT COSTS||
000000472|5|3 models|90|
000000472|6|6 models|170|
000000473|1|YOUR UNIT COSTS||
000000473|2|1 model|60|
000000474|1|YOUR 1ST TO 2ND UNITS COST||
000000474|2|1 model| 180|
000000474|3|YOUR 3RD + UNIT COSTS||
000000474|4|1 model| 190|
000000475|1|YOUR UNIT COSTS||
000000475|2|3 models|90|
000000475|3|6 models| 190|
000000476|1|YOUR UNIT COSTS||
000000476|2|3 models|55|
000000476|3|6 models|110|
000000477|1|YOUR 1ST TO 2ND UNITS COST||
000000477|2|1 model| 40|
000000477|3|2 models| 70|
000000477|4|3 models| 100|
000000477|5|YOUR 3RD + UNIT COSTS||
000000477|6|1 model| 50|
000000477|7|2 models| 80|
000000477|8|3 models| 110|
000000478|1|YOUR 1ST TO 2ND UNITS COST||
000000478|2|1 model|125|
000000478|3|YOUR 3RD + UNIT COSTS||
000000478|4|1 model|135|
000000479|1|YOUR UNIT COSTS||
000000479|2|1 model|80|
000000482|1|YOUR 1ST TO 2ND UNITS COST||
000000482|2|5 models|125|
000000482|3|YOUR 3RD + UNIT COSTS||
000000482|4|5 models|135|
000000483|1|YOUR UNIT COSTS||
000000483|2|3 models|60|
000000484|1|YOUR UNIT COSTS||
000000484|2|10 models|80|
000000484|3|20 models|155|
000000485|1|YOUR UNIT COSTS||
000000485|2|1 model|185|
000000486|1|YOUR UNIT COSTS||
000000486|2|1 model|170|
000000487|1|YOUR UNIT COSTS||
000000487|2|1 model|30|
000000487|3|2 models|60|
000000488|1|YOUR UNIT COSTS||
000000488|2|3 models|55|
000000488|3|6 models|110|
000000489|1|YOUR 1ST TO 3RD UNITS COST||
000000489|2|1 model| 80|
000000489|3|YOUR 4TH + UNIT COSTS||
000000489|4|1 model|90|
000000490|1|YOUR UNIT COSTS||
000000490|2|1 model|90|
000000490|3|2 models|180|
000000491|1|YOUR UNIT COSTS||
000000491|2|1 model|60|
000000491|3|2 models|100|
000000491|4|3 models|140|
000000493|1|YOUR UNIT COSTS||
000000493|2|1 model|140|
000000494|1|YOUR UNIT COSTS||
000000494|2|1 model|135|
000000495|1|YOUR 1ST TO 2ND UNITS COST||
000000495|2|1 model| 135|
000000495|3|YOUR 3RD + UNIT COSTS||
000000495|4|1 model| 145|
000000496|1|YOUR 1ST TO 2ND UNITS COST||
000000496|2|1 model| 170|
000000496|3|YOUR 3RD + UNIT COSTS||
000000496|4|1 model| 180|
000000496|5|WARGEAR OPTIONS||
000000496|6|per Acid spray|10|
000000496|7|per Rupture cannon|20|
000000497|1|YOUR UNIT COSTS||
000000497|2|1 model| 120|
000000498|1|YOUR UNIT COSTS||
000000498|2|1 model|145|
000000499|1|YOUR UNIT COSTS||
000000499|2|1 model|75|
000000500|1|YOUR UNIT COSTS||
000000500|2|1 model|200|
000000503|1|YOUR UNIT COSTS||
000000503|2|1 model|340|
000000504|1|YOUR 1ST UNIT COSTS||
000000504|2|1 model|610|
000000504|3|YOUR 2ND + UNIT COSTS||
000000504|4|1 model|660|
000000505|1|YOUR 1ST UNIT COSTS||
000000505|2|1 model|810|
000000505|3|YOUR 2ND + UNIT COSTS||
000000505|4|1 model|910|
000000506|1|YOUR UNIT COSTS||
000000506|2|1 model|330|
000000507|1|YOUR UNIT COSTS||
000000507|2|1 model|80|
000000508|1|YOUR UNIT COSTS||
000000508|2|1 model|50|
000000509|1|YOUR UNIT COSTS||
000000509|2|1 model|70|
000000510|1|YOUR UNIT COSTS||
000000510|2|1 model|50|
000000511|1|YOUR UNIT COSTS||
000000511|2|5 models|70|
000000511|3|10 models|130|
000000512|1|YOUR UNIT COSTS||
000000512|2|10 models|70|
000000512|3|20 models| 135|
000000513|1|YOUR 1ST TO 2ND UNITS COST||
000000513|2|5 models|75|
000000513|3|10 models| 140|
000000513|4|YOUR 3RD + UNIT COSTS||
000000513|5|5 models|85|
000000513|6|10 models| 150|
000000514|1|YOUR 1ST TO 2ND UNITS COST||
000000514|2|5 models| 140|
000000514|3|10 models| 280|
000000514|4|YOUR 3RD + UNIT COSTS||
000000514|5|5 models| 150|
000000514|6|10 models| 290|
000000515|1|YOUR 1ST TO 2ND UNITS COST||
000000515|2|5 models| 75|
000000515|3|10 models|140|
000000515|4|YOUR 3RD + UNIT COSTS||
000000515|5|5 models| 85|
000000515|6|10 models|150|
000000516|1|YOUR 1ST TO 3RD UNITS COST||
000000516|2|1 model| 75|
000000516|3|YOUR 4TH + UNIT COSTS||
000000516|4|1 model|85|
000000521|1|YOUR 1ST TO 2ND UNITS COST||
000000521|2|1 model|120|
000000521|3|YOUR 3RD + UNIT COSTS||
000000521|4|1 model|130|
000000522|1|YOUR UNIT COSTS||
000000522|2|1 model|100|
000000523|1|YOUR UNIT COSTS||
000000523|2|1 model|90|
000000524|1|YOUR UNIT COSTS||
000000524|2|1 model|65|
000000527|1|YOUR UNIT COSTS||
000000527|2|1 model|85|
000000528|1|YOUR UNIT COSTS||
000000528|2|1 model|85|
000000530|1|YOUR UNIT COSTS||
000000530|2|1 model|90|
000000531|1|YOUR UNIT COSTS||
000000531|2|1 model|95|
000000532|1|YOUR UNIT COSTS||
000000532|2|1 model|65|
000000533|1|YOUR UNIT COSTS||
000000533|2|1 model|120|
000000534|1|YOUR UNIT COSTS||
000000534|2|10 models| 85|
000000534|3|20 models|190|
000000535|1|YOUR UNIT COSTS||
000000535|2|5 models|70|
000000535|3|10 models|140|
000000536|1|YOUR UNIT COSTS||
000000536|2|5 models|80|
000000536|3|10 models|160|
000000537|1|YOUR 1ST TO 2ND UNITS COST||
000000537|2|5 models|60|
000000537|3|10 models|120|
000000537|4|YOUR 3RD + UNIT COSTS||
000000537|5|5 models|70|
000000537|6|10 models|130|
000000538|1|YOUR UNIT COSTS||
000000538|2|5 models|55|
000000538|3|10 models|100|
000000539|1|YOUR UNIT COSTS||
000000539|2|5 models|80|
000000539|3|10 models|160|
000000540|1|YOUR 1ST TO 2ND UNITS COST||
000000540|2|1 model|110|
000000540|3|YOUR 3RD + UNIT COSTS||
000000540|4|1 model|120|
000000541|1|YOUR UNIT COSTS||
000000541|2|1 model|360|
000000542|1|YOUR UNIT COSTS||
000000542|2|1 model|330|
000000543|1|YOUR UNIT COSTS||
000000543|2|1 model|100|
000000544|1|YOUR UNIT COSTS||
000000544|2|1 model|125|
000000545|1|YOUR UNIT COSTS||
000000545|2|1 model|200|
000000546|1|YOUR 1ST UNIT COSTS||
000000546|2|3 models|95|
000000546|3|6 models|220|
000000546|4|YOUR 2ND + UNIT COSTS||
000000546|5|3 models|115|
000000546|6|6 models|240|
000000548|1|YOUR 1ST TO 2ND UNITS COST||
000000548|2|3 models|70|
000000548|3|6 models|140|
000000548|4|YOUR 3RD + UNIT COSTS||
000000548|5|3 models|80|
000000548|6|6 models|150|
000000551|1|YOUR UNIT COSTS||
000000551|2|1 model|65|
000000551|3|2 models|110|
000000552|1|YOUR 1ST UNIT COSTS||
000000552|2|1 model|420|
000000552|3|YOUR 2ND + UNIT COSTS||
000000552|4|1 model|440|
000000553|1|YOUR UNIT COSTS||
000000553|2|1 model|95|
000000554|1|YOUR 1ST TO 2ND UNITS COST||
000000554|2|1 model| 210|
000000554|3|YOUR 3RD + UNIT COSTS||
000000554|4|1 model| 230|
000000555|1|YOUR 1ST UNIT COSTS||
000000555|2|1 model|340|
000000555|3|YOUR 2ND + UNIT COSTS||
000000555|4|1 model|360|
000000556|1|YOUR 1ST UNIT COSTS||
000000556|2|1 model| 465|
000000556|3|YOUR 2ND + UNIT COSTS||
000000556|4|1 model| 485|
000000557|1|YOUR 1ST UNIT COSTS||
000000557|2|1 model|280|
000000557|3|YOUR 2ND + UNIT COSTS||
000000557|4|1 model|310|
000000558|1|YOUR UNIT COSTS||
000000558|2|1 model|130|
000000559|1|YOUR UNIT COSTS||
000000559|2|3 models|85|
000000559|3|6 models|170|
000000560|1|YOUR UNIT COSTS||
000000560|2|1 model|115|
000000561|1|YOUR UNIT COSTS||
000000561|2|1 model|140|
000000562|1|YOUR UNIT COSTS||
000000562|2|1 model|120|
000000564|1|YOUR UNIT COSTS||
000000564|2|1 model|130|
000000567|1|YOUR UNIT COSTS||
000000567|2|1 model|210|
000000568|1|YOUR UNIT COSTS||
000000568|2|1 model| 120|
000000570|1|YOUR UNIT COSTS||
000000570|2|1 model|70|
000000571|1|YOUR UNIT COSTS||
000000571|2|1 model|135|
000000572|1|YOUR UNIT COSTS||
000000572|2|1 model|105|
000000573|1|YOUR UNIT COSTS||
000000573|2|1 model|90|
000000574|1|YOUR UNIT COSTS||
000000574|2|1 model|130|
000000575|1|YOUR UNIT COSTS||
000000575|2|1 model|125|
000000576|1|YOUR UNIT COSTS||
000000576|2|1 model|100|
000000577|1|YOUR UNIT COSTS||
000000577|2|1 model| 75|
000000580|1|YOUR UNIT COSTS||
000000580|2|1 model|90|
000000581|1|YOUR UNIT COSTS||
000000581|2|1 model| 250|
000000582|1|YOUR UNIT COSTS||
000000582|2|1 model| 65|
000000583|1|YOUR UNIT COSTS||
000000583|2|1 model| 60|
000000584|1|YOUR UNIT COSTS||
000000584|2|2 models|55|
000000584|3|4 models|120|
000000585|1|YOUR UNIT COSTS||
000000585|2|1 model| 40|
000000587|1|YOUR UNIT COSTS||
000000587|2|1 model| 45|
000000587|3|2 models|90|
000000588|1|YOUR UNIT COSTS||
000000588|2|1 model| 50|
000000589|1|YOUR UNIT COSTS||
000000589|2|11 models|90|
000000590|1|YOUR UNIT COSTS||
000000590|2|11 models| 100|
000000591|1|YOUR UNIT COSTS||
000000591|2|3 models|80|
000000591|3|6 models| 170|
000000592|1|YOUR UNIT COSTS||
000000592|2|5 models|60|
000000592|3|10 models|110|
000000593|1|YOUR UNIT COSTS||
000000593|2|5 models| 70|
000000593|3|10 models| 140|
000000594|1|YOUR UNIT COSTS||
000000594|2|5 models|85|
000000594|3|10 models|165|
000000595|1|YOUR UNIT COSTS||
000000595|2|5 models|75|
000000595|3|10 models|145|
000000596|1|YOUR 1ST TO 2ND UNITS COST||
000000596|2|5 models|120|
000000596|3|10 models|240|
000000596|4|YOUR 3RD + UNIT COSTS||
000000596|5|5 models|130|
000000596|6|10 models|250|
000000597|1|YOUR UNIT COSTS||
000000597|2|5 models|145|
000000598|1|YOUR UNIT COSTS||
000000598|2|5 models|140|
000000599|1|YOUR 1ST TO 3RD UNITS COST||
000000599|2|1 model| 115|
000000599|3|YOUR 4TH + UNIT COSTS||
000000599|4|1 model|125|
000000600|1|YOUR 1ST TO 2ND UNITS COST||
000000600|2|5 models| 95|
000000600|3|10 models|190|
000000600|4|YOUR 3RD + UNIT COSTS||
000000600|5|5 models| 110|
000000600|6|10 models|205|
000000601|1|YOUR 1ST TO 2ND UNITS COST||
000000601|2|5 models| 105|
000000601|3|10 models|200|
000000601|4|YOUR 3RD + UNIT COSTS||
000000601|5|5 models| 125|
000000601|6|10 models| 220|
000000602|1|YOUR UNIT COSTS||
000000602|2|3 models| 100|
000000602|3|6 models| 200|
000000603|1|YOUR UNIT COSTS||
000000603|2|1 model|160|
000000605|1|YOUR UNIT COSTS||
000000605|2|1 model|75|
000000605|3|2 models|140|
000000606|1|YOUR UNIT COSTS||
000000606|2|1 model|155|
000000607|1|YOUR UNIT COSTS||
000000607|2|5 models| 95|
000000607|3|10 models| 200|
000000609|1|YOUR UNIT COSTS||
000000609|2|1 model|130|
000000610|1|YOUR UNIT COSTS||
000000610|2|1 model|150|
000000611|1|YOUR 1ST UNIT COSTS||
000000611|2|1 model|170|
000000611|3|YOUR 2ND + UNIT COSTS||
000000611|4|1 model|190|
000000612|1|YOUR UNIT COSTS||
000000612|2|1 model| 80|
000000612|3|2 models|160|
000000613|1|YOUR UNIT COSTS||
000000613|2|1 model|125|
000000614|1|YOUR 1ST UNIT COSTS||
000000614|2|1 model| 385|
000000614|3|YOUR 2ND + UNIT COSTS||
000000614|4|1 model| 405|
000000614|5|WARGEAR OPTIONS||
000000614|6|per Heavy wraithcannon|10|
000000615|1|YOUR UNIT COSTS||
000000615|2|1 model|30|
000000615|3|5 models|115|
000000615|4|10 models|230|
000000616|1|YOUR UNIT COSTS||
000000616|2|1 model|95|
000000617|1|YOUR UNIT COSTS||
000000617|2|1 model|160|
000000618|1|YOUR UNIT COSTS||
000000618|2|1 model|100|
000000619|1|YOUR UNIT COSTS||
000000619|2|1 model|145|
000000620|1|YOUR UNIT COSTS||
000000620|2|1 model|180|
000000621|1|YOUR UNIT COSTS||
000000621|2|1 model|410|
000000622|1|YOUR UNIT COSTS||
000000622|2|1 model|415|
000000623|1|YOUR UNIT COSTS||
000000623|2|1 model|150|
000000624|1|YOUR UNIT COSTS||
000000624|2|1 model|175|
000000625|1|YOUR UNIT COSTS||
000000625|2|1 model|430|
000000626|1|YOUR UNIT COSTS||
000000626|2|1 model|460|
000000627|1|YOUR UNIT COSTS||
000000627|2|1 model|490|
000000628|1|YOUR UNIT COSTS||
000000628|2|1 model|1100|
000000629|1|YOUR UNIT COSTS||
000000629|2|3 models|125|
000000629|3|4 models|150|
000000629|4|6 models|210|
000000629|5|7 models|245|
000000630|1|YOUR UNIT COSTS||
000000630|2|1 model|105|
000000631|1|YOUR UNIT COSTS||
000000631|2|1 model|2100|
000000632|1|YOUR UNIT COSTS||
000000632|2|5 models|125|
000000632|3|6 models|150|
000000632|4|10 models|250|
000000632|5|11 models|275|
000000634|1|YOUR UNIT COSTS||
000000634|2|1 model|80|
000000639|1|YOUR UNIT COSTS||
000000639|2|1 model|50|
000000640|1|YOUR UNIT COSTS||
000000640|2|1 model|80|
000000641|1|YOUR UNIT COSTS||
000000641|2|1 model|50|
000000642|1|YOUR UNIT COSTS||
000000642|2|1 model|80|
000000643|1|YOUR UNIT COSTS||
000000643|2|1 model|85|
000000644|1|YOUR UNIT COSTS||
000000644|2|10 models|110|
000000646|1|YOUR UNIT COSTS||
000000646|2|10 models|90|
000000648|1|YOUR 1ST TO 2ND UNITS COST||
000000648|2|5 models|90|
000000648|3|10 models|180|
000000648|4|YOUR 3RD + UNIT COSTS||
000000648|5|5 models|100|
000000648|6|10 models|190|
000000649|1|YOUR 1ST TO 2ND UNITS COST||
000000649|2|5 models|80|
000000649|3|10 models|160|
000000649|4|YOUR 3RD + UNIT COSTS||
000000649|5|5 models|90|
000000649|6|10 models|170|
000000650|1|YOUR UNIT COSTS||
000000650|2|5 models|60|
000000650|3|8 models|100|
000000650|4|10 models|120|
000000651|1|YOUR UNIT COSTS||
000000651|2|3 models|80|
000000651|3|6 models|170|
000000652|1|YOUR UNIT COSTS||
000000652|2|7 models|135|
000000656|1|YOUR 1ST TO 3RD UNITS COST||
000000656|2|1 model| 75|
000000656|3|YOUR 4TH + UNIT COSTS||
000000656|4|1 model|85|
000000657|1|YOUR 1ST TO 3RD UNITS COST||
000000657|2|1 model| 65|
000000657|3|YOUR 4TH + UNIT COSTS||
000000657|4|1 model|75|
000000658|1|YOUR 1ST TO 2ND UNITS COST||
000000658|2|3 models|75|
000000658|3|6 models|150|
000000658|4|YOUR 3RD + UNIT COSTS||
000000658|5|3 models|85|
000000658|6|6 models|160|
000000659|1|YOUR 1ST TO 2ND UNITS COST||
000000659|2|5 models|90|
000000659|3|10 models|180|
000000659|4|YOUR 3RD + UNIT COSTS||
000000659|5|5 models|100|
000000659|6|10 models|190|
000000660|1|YOUR UNIT COSTS||
000000660|2|1 model|170|
000000661|1|YOUR UNIT COSTS||
000000661|2|1 model|245|
000000662|1|YOUR 1ST TO 2ND UNITS COST||
000000662|2|5 models|110|
000000662|3|YOUR 3RD + UNIT COSTS||
000000662|4|5 models|120|
000000662|5|WARGEAR OPTIONS||
000000662|6|per Haywire blaster|5|
000000662|7|per Dark lance|5|
000000663|1|YOUR 1ST TO 2ND UNITS COST||
000000663|2|1 model|75|
000000663|3|2 models|150|
000000663|4|YOUR 3RD + UNIT COSTS||
000000663|5|1 model|85|
000000663|6|2 models|160|
000000663|7|WARGEAR OPTIONS||
000000663|8|per Twin haywire blaster|5|
000000664|1|YOUR UNIT COSTS||
000000664|2|1 model|55|
000000664|3|2 models|100|
000000665|1|YOUR UNIT COSTS||
000000665|2|1 model| 110|
000000665|3|WARGEAR OPTIONS||
000000665|4|per Dark lance|5|
000000666|1|YOUR UNIT COSTS||
000000666|2|1 model|115|
000000667|1|YOUR UNIT COSTS||
000000667|2|1 model|230|
000000680|1|YOUR 1ST TO 2ND UNITS COST||
000000680|2|1 model| 195|
000000680|3|YOUR 3RD + UNIT COSTS||
000000680|4|1 model| 210|
000000680|5|WARGEAR OPTIONS||
000000680|6|per Demolisher battle cannon|15|
000000680|7|per Multi-melta|5|
000000680|8|per Lascannon|5|
000000680|9|per Plasma cannon|5|
000000686|1|YOUR UNIT COSTS||
000000686|2|3 models|65|
000000690|1|YOUR UNIT COSTS||
000000690|2|1 model|55|
000000690|3|2 models|100|
000000691|1|YOUR UNIT COSTS||
000000691|2|1 model|65|
000000691|3|2 models|120|
000000692|1|YOUR 1ST TO 3RD UNITS COST||
000000692|2|1 model| 75|
000000692|3|YOUR 4TH + UNIT COSTS||
000000692|4|1 model|85|
000000693|1|YOUR 1ST TO 3RD UNITS COST||
000000693|2|1 model| 65|
000000693|3|YOUR 4TH + UNIT COSTS||
000000693|4|1 model|75|
000000694|1|YOUR 1ST TO 2ND UNITS COST||
000000694|2|1 model|125|
000000694|3|YOUR 3RD + UNIT COSTS||
000000694|4|1 model|135|
000000695|1|YOUR 1ST UNIT COSTS||
000000695|2|1 model|115|
000000695|3|YOUR 2ND + UNIT COSTS||
000000695|4|1 model|135|
000000696|1|YOUR UNIT COSTS||
000000696|2|1 model|90|
000000697|1|YOUR 1ST UNIT COSTS||
000000697|2|1 model|95|
000000697|3|YOUR 2ND + UNIT COSTS||
000000697|4|1 model|115|
000000698|1|YOUR 1ST UNIT COSTS||
000000698|2|1 model|150|
000000698|3|YOUR 2ND + UNIT COSTS||
000000698|4|1 model|170|
000000699|1|YOUR 1ST UNIT COSTS||
000000699|2|1 model|125|
000000699|3|YOUR 2ND + UNIT COSTS||
000000699|4|1 model|135|
000000700|1|YOUR 1ST TO 2ND UNITS COST||
000000700|2|1 model| 160|
000000700|3|YOUR 3RD + UNIT COSTS||
000000700|4|1 model| 175|
000000700|5|WARGEAR OPTIONS||
000000700|6|per Multi-melta|5|
000000700|7|per Lascannon|5|
000000700|8|per Plasma cannon|5|
000000701|1|YOUR 1ST TO 2ND UNITS COST||
000000701|2|1 model| 160|
000000701|3|YOUR 3RD + UNIT COSTS||
000000701|4|1 model| 175|
000000701|5|WARGEAR OPTIONS||
000000701|6|per Multi-melta|5|
000000701|7|per Lascannon|5|
000000701|8|per Plasma cannon|5|
000000702|1|YOUR 1ST UNIT COSTS||
000000702|2|1 model| 415|
000000702|3|YOUR 2ND + UNIT COSTS||
000000702|4|1 model| 450|
000000703|1|YOUR 1ST UNIT COSTS||
000000703|2|1 model| 385|
000000703|3|YOUR 2ND + UNIT COSTS||
000000703|4|1 model| 420|
000000704|1|YOUR 1ST UNIT COSTS||
000000704|2|1 model| 415|
000000704|3|YOUR 2ND + UNIT COSTS||
000000704|4|1 model| 450|
000000705|1|YOUR 1ST UNIT COSTS||
000000705|2|1 model| 380|
000000705|3|YOUR 2ND + UNIT COSTS||
000000705|4|1 model| 410|
000000706|1|YOUR 1ST UNIT COSTS||
000000706|2|1 model| 385|
000000706|3|YOUR 2ND + UNIT COSTS||
000000706|4|1 model| 415|
000000707|1|YOUR 1ST UNIT COSTS||
000000707|2|1 model| 375|
000000707|3|YOUR 2ND + UNIT COSTS||
000000707|4|1 model| 405|
000000708|1|YOUR 1ST UNIT COSTS||
000000708|2|1 model| 395|
000000708|3|YOUR 2ND + UNIT COSTS||
000000708|4|1 model| 430|
000000709|1|YOUR 1ST UNIT COSTS||
000000709|2|1 model| 430|
000000709|3|YOUR 2ND + UNIT COSTS||
000000709|4|1 model| 465|
000000713|1|YOUR UNIT COSTS||
000000713|2|1 model|55|
000000714|1|YOUR UNIT COSTS||
000000714|2|1 model|40|
000000716|1|YOUR UNIT COSTS||
000000716|2|1 model|30|
000000719|1|YOUR 1ST TO 2ND UNITS COST||
000000719|2|5 models|85|
000000719|3|YOUR 3RD + UNIT COSTS||
000000719|4|5 models|95|
000000721|1|YOUR 1ST TO 3RD UNITS COST||
000000721|2|1 model| 75|
000000721|3|YOUR 4TH + UNIT COSTS||
000000721|4|1 model|85|
000000722|1|YOUR UNIT COSTS||
000000722|2|3 models|60|
000000722|3|6 models|120|
000000723|1|YOUR 1ST UNIT COSTS||
000000723|2|3 models|90|
000000723|3|6 models|200|
000000723|4|YOUR 2ND + UNIT COSTS||
000000723|5|3 models|105|
000000723|6|6 models|215|
000000724|1|YOUR UNIT COSTS||
000000724|2|5 models|60|
000000724|3|10 models|100|
000000725|1|YOUR UNIT COSTS||
000000725|2|1 model|60|
000000727|1|YOUR 1ST TO 2ND UNITS COST||
000000727|2|1 model|170|
000000727|3|YOUR 3RD + UNIT COSTS||
000000727|4|1 model|180|
000000728|1|YOUR UNIT COSTS||
000000728|2|1 model|80|
000000729|1|YOUR UNIT COSTS||
000000729|2|1 model|80|
000000730|1|YOUR UNIT COSTS||
000000730|2|1 model|110|
000000731|1|YOUR UNIT COSTS||
000000731|2|1 model|40|
000000733|1|YOUR UNIT COSTS||
000000733|2|1 model|80|
000000735|1|YOUR UNIT COSTS||
000000735|2|1 model|95|
000000736|1|YOUR UNIT COSTS||
000000736|2|1 model|50|
000000737|1|YOUR UNIT COSTS||
000000737|2|1 model|50|
000000739|1|YOUR UNIT COSTS||
000000739|2|1 model|105|
000000740|1|YOUR UNIT COSTS||
000000740|2|1 model|160|
000000741|1|YOUR 1ST TO 2ND UNITS COST||
000000741|2|1 model|40|
000000741|3|YOUR 3RD + UNIT COSTS||
000000741|4|1 model|45|
000000743|1|YOUR UNIT COSTS||
000000743|2|1 model|120|
000000744|1|YOUR UNIT COSTS||
000000744|2|1 model|115|
000000745|1|YOUR UNIT COSTS||
000000745|2|1 model|50|
000000746|1|YOUR UNIT COSTS||
000000746|2|1 model|50|
000000747|1|YOUR UNIT COSTS||
000000747|2|1 model|95|
000000751|1|YOUR UNIT COSTS||
000000751|2|1 model|270|
000000752|1|YOUR UNIT COSTS||
000000752|2|1 model|310|
000000753|1|YOUR UNIT COSTS||
000000753|2|1 model|250|
000000754|1|YOUR UNIT COSTS||
000000754|2|1 model|235|
000000755|1|YOUR UNIT COSTS||
000000755|2|1 model|95|
000000756|1|YOUR UNIT COSTS||
000000756|2|1 model|125|
000000757|1|YOUR UNIT COSTS||
000000757|2|1 model|35|
000000757|3|2 models|70|
000000757|4|3 models|105|
000000758|1|YOUR UNIT COSTS||
000000758|2|1 model|45|
000000758|3|2 models|90|
000000759|1|YOUR UNIT COSTS||
000000759|2|1 model|55|
000000760|1|YOUR UNIT COSTS||
000000760|2|1 model|180|
000000762|1|YOUR UNIT COSTS||
000000762|2|1 model|40|
000000762|3|2 models|80|
000000762|4|3 models|120|
000000763|1|YOUR UNIT COSTS||
000000763|2|1 model|415|
000000764|1|YOUR UNIT COSTS||
000000764|2|1 model|480|
000000766|1|YOUR UNIT COSTS||
000000766|2|1 model|180|
000000767|1|YOUR UNIT COSTS||
000000767|2|1 model|325|
000000768|1|YOUR UNIT COSTS||
000000768|2|1 model|275|
000000769|1|YOUR UNIT COSTS||
000000769|2|1 model|310|
000000770|1|YOUR UNIT COSTS||
000000770|2|1 model|310|
000000771|1|YOUR UNIT COSTS||
000000771|2|1 model|285|
000000772|1|YOUR UNIT COSTS||
000000772|2|1 model|310|
000000773|1|YOUR UNIT COSTS||
000000773|2|1 model|345|
000000774|1|YOUR UNIT COSTS||
000000774|2|1 model|375|
000000775|1|YOUR UNIT COSTS||
000000775|2|1 model|225|
000000776|1|YOUR UNIT COSTS||
000000776|2|1 model|275|
000000777|1|YOUR UNIT COSTS||
000000777|2|1 model|285|
000000778|1|YOUR UNIT COSTS||
000000778|2|1 model|120|
000000779|1|YOUR UNIT COSTS||
000000779|2|1 model|95|
000000780|1|YOUR UNIT COSTS||
000000780|2|1 model|130|
000000781|1|YOUR UNIT COSTS||
000000781|2|1 model|130|
000000783|1|YOUR UNIT COSTS||
000000783|2|1 model|255|
000000784|1|YOUR UNIT COSTS||
000000784|2|1 model|225|
000000838|1|YOUR UNIT COSTS||
000000838|2|1 model|220|
000000839|1|YOUR UNIT COSTS||
000000839|2|1 model| 60|
000000840|1|YOUR UNIT COSTS||
000000840|2|1 model|55|
000000841|1|YOUR UNIT COSTS||
000000841|2|3 models|150|
000000841|3|6 models| 310|
000000842|1|YOUR UNIT COSTS||
000000842|2|3 models|100|
000000842|3|6 models| 200|
000000843|1|YOUR UNIT COSTS||
000000843|2|5 models|70|
000000843|3|10 models|140|
000000844|1|YOUR UNIT COSTS||
000000844|2|5 models|65|
000000844|3|10 models|130|
000000845|1|YOUR 1ST UNIT COSTS||
000000845|2|2 models| 150|
000000845|3|4 models| 300|
000000845|4|YOUR 2ND + UNIT COSTS||
000000845|5|2 models|180|
000000845|6|4 models| 330|
000000846|1|YOUR UNIT COSTS||
000000846|2|1 model|25|
000000848|1|YOUR UNIT COSTS||
000000848|2|10 models|85|
000000849|1|YOUR UNIT COSTS||
000000849|2|10 models| 85|
000000850|1|YOUR 1ST TO 2ND UNITS COST||
000000850|2|5 models|75|
000000850|3|10 models|155|
000000850|4|YOUR 3RD + UNIT COSTS||
000000850|5|5 models|85|
000000850|6|10 models|165|
000000851|1|YOUR 1ST TO 2ND UNITS COST||
000000851|2|5 models|75|
000000851|3|10 models|160|
000000851|4|YOUR 3RD + UNIT COSTS||
000000851|5|5 models|85|
000000851|6|10 models|170|
000000852|1|YOUR 1ST TO 2ND UNITS COST||
000000852|2|1 model|80|
000000852|3|2 models|160|
000000852|4|3 models| 250|
000000852|5|YOUR 3RD + UNIT COSTS||
000000852|6|1 model|95|
000000852|7|2 models|175|
000000852|8|3 models| 265|
000000852|9|WARGEAR OPTIONS||
000000852|10|per Twin cognis lascannon|10|
000000853|1|YOUR UNIT COSTS||
000000853|2|1 model|60|
000000853|3|2 models|120|
000000853|4|3 models|170|
000000854|1|YOUR UNIT COSTS||
000000854|2|1 model|155|
000000855|1|YOUR 1ST TO 2ND UNITS COST||
000000855|2|1 model|375|
000000855|3|YOUR 3RD + UNIT COSTS||
000000855|4|1 model|390|
000000856|1|YOUR 1ST TO 2ND UNITS COST||
000000856|2|1 model|355|
000000856|3|YOUR 3RD + UNIT COSTS||
000000856|4|1 model|370|
000000857|1|YOUR 1ST TO 2ND UNITS COST||
000000857|2|1 model|375|
000000857|3|YOUR 3RD + UNIT COSTS||
000000857|4|1 model|390|
000000858|1|YOUR 1ST TO 2ND UNITS COST||
000000858|2|1 model|355|
000000858|3|YOUR 3RD + UNIT COSTS||
000000858|4|1 model|370|
000000859|1|YOUR 1ST UNIT COSTS||
000000859|2|1 model|395|
000000859|3|YOUR 2ND + UNIT COSTS||
000000859|4|1 model|415|
000000859|5|WARGEAR OPTIONS||
000000859|6|per Rapid-fire battle cannon|15|
000000860|1|YOUR 1ST UNIT COSTS||
000000860|2|1 model|725|
000000860|3|YOUR 2ND + UNIT COSTS||
000000860|4|1 model|800|
000000861|1|YOUR 1ST UNIT COSTS||
000000861|2|1 model|380|
000000861|3|YOUR 2ND + UNIT COSTS||
000000861|4|1 model|395|
000000862|1|YOUR 1ST UNIT COSTS||
000000862|2|1 model|405|
000000862|3|YOUR 2ND + UNIT COSTS||
000000862|4|1 model|425|
000000863|1|YOUR 1ST UNIT COSTS||
000000863|2|1 model|380|
000000863|3|YOUR 2ND + UNIT COSTS||
000000863|4|1 model|395|
000000864|1|YOUR 1ST UNIT COSTS||
000000864|2|1 model|415|
000000864|3|YOUR 2ND + UNIT COSTS||
000000864|4|1 model|435|
000000865|1|YOUR 1ST UNIT COSTS||
000000865|2|1 model|385|
000000865|3|YOUR 2ND + UNIT COSTS||
000000865|4|1 model|400|
000000866|1|YOUR 1ST UNIT COSTS||
000000866|2|1 model|375|
000000866|3|YOUR 2ND + UNIT COSTS||
000000866|4|1 model|390|
000000867|1|YOUR UNIT COSTS||
000000867|2|1 model|1100|
000000868|1|YOUR UNIT COSTS||
000000868|2|1 model|2200|
000000869|1|YOUR UNIT COSTS||
000000869|2|1 model|3500|
000000870|1|<div class="dsHeaderAoI">AGENTS OF THE IMPERIUM Detachment</div>||
000000870|2|YOUR UNIT COSTS||
000000870|3|1 model|110|
000000870|4|<div class="dsHeaderAoI">Assigned Agent</div>||
000000870|5|YOUR UNIT COSTS||
000000870|6|1 model|125|
000000871|1|YOUR UNIT COSTS||
000000871|2|1 model|100|
000000872|1|<div class="dsHeaderAoI">AGENTS OF THE IMPERIUM Detachment</div>||
000000872|2|YOUR UNIT COSTS||
000000872|3|1 model| 100|
000000872|4|<div class="dsHeaderAoI">Assigned Agent</div>||
000000872|5|YOUR UNIT COSTS||
000000872|6|1 model| 110|
000000873|1|YOUR UNIT COSTS||
000000873|2|1 model|85|
000000874|1|YOUR UNIT COSTS||
000000874|2|1 model|65|
000000875|1|YOUR UNIT COSTS||
000000875|2|1 model|140|
000000876|1|<div class="dsHeaderAoI">AGENTS OF THE IMPERIUM Detachment</div>||
000000876|2|YOUR UNIT COSTS||
000000876|3|1 model|75|
000000876|4|<div class="dsHeaderAoI">Assigned Agent</div>||
000000876|5|YOUR UNIT COSTS||
000000876|6|1 model|95|
000000877|1|<div class="dsHeaderAoI">AGENTS OF THE IMPERIUM Detachment</div>||
000000877|2|YOUR UNIT COSTS||
000000877|3|1 model|55|
000000877|4|<div class="dsHeaderAoI">Assigned Agent</div>||
000000877|5|YOUR UNIT COSTS||
000000877|6|1 model|65|
000000882|1|YOUR 1ST TO 3RD UNITS COST||
000000882|2|4 models|170|
000000882|3|5 models|215|
000000882|4|YOUR 4TH + UNIT COSTS||
000000882|5|4 models|180|
000000882|6|5 models|225|
000000883|1|YOUR 1ST TO 2ND UNITS COST||
000000883|2|1 model|170|
000000883|3|YOUR 3RD + UNIT COSTS||
000000883|4|1 model|185|
000000884|1|YOUR 1ST UNIT COSTS||
000000884|2|1 model|220|
000000884|3|YOUR 2ND + UNIT COSTS||
000000884|4|1 model|240|
000000889|1|YOUR UNIT COSTS||
000000889|2|1 model|60|
000000894|1|YOUR UNIT COSTS||
000000894|2|2 models|40|
000000894|3|4 models|80|
000000895|1|YOUR UNIT COSTS||
000000895|2|2 models|55|
000000895|3|4 models|110|
000000896|1|YOUR UNIT COSTS||
000000896|2|3 models|50|
000000896|3|10 models|140|
000000897|1|YOUR UNIT COSTS||
000000897|2|1 model|70|
000000897|3|2 models|140|
000000898|1|YOUR UNIT COSTS||
000000898|2|3 models|150|
000000899|1|YOUR UNIT COSTS||
000000899|2|1 model|60|
000000900|1|YOUR UNIT COSTS||
000000900|2|1 model| 55|
000000901|1|YOUR 1ST UNIT COSTS||
000000901|2|1 model| 65|
000000901|3|YOUR 2ND + UNIT COSTS||
000000901|4|1 model| 75|
000000902|1|YOUR UNIT COSTS||
000000902|2|1 model|40|
000000903|1|YOUR UNIT COSTS||
000000903|2|10 models|100|
000000904|1|YOUR 1ST TO 2ND UNITS COST||
000000904|2|5 models| 75|
000000904|3|10 models| 150|
000000904|4|YOUR 3RD + UNIT COSTS||
000000904|5|5 models| 85|
000000904|6|10 models| 160|
000000907|1|YOUR UNIT COSTS||
000000907|2|5 models| 70|
000000907|3|10 models| 140|
000000908|1|YOUR 1ST TO 2ND UNITS COST||
000000908|2|5 models|105|
000000908|3|YOUR 3RD + UNIT COSTS||
000000908|4|5 models|115|
000000908|5|WARGEAR OPTIONS||
000000908|6|per Multi-melta|5|
000000909|1|YOUR 1ST TO 2ND UNITS COST||
000000909|2|10 models| 90|
000000909|3|YOUR 3RD + UNIT COSTS||
000000909|4|10 models| 100|
000000909|5|WARGEAR OPTIONS||
000000909|6|per Meltagun|5|
000000910|1|YOUR 1ST TO 3RD UNITS COST||
000000910|2|1 model| 65|
000000910|3|YOUR 4TH + UNIT COSTS||
000000910|4|1 model|75|
000000911|1|YOUR 1ST TO 3RD UNITS COST||
000000911|2|1 model| 100|
000000911|3|YOUR 4TH + UNIT COSTS||
000000911|4|1 model| 115|
000000911|5|WARGEAR OPTIONS||
000000911|6|per Twin multi-melta|15|
000000912|1|YOUR 1ST UNIT COSTS||
000000912|2|1 model|180|
000000912|3|YOUR 2ND + UNIT COSTS||
000000912|4|1 model|220|
000000924|1|YOUR UNIT COSTS||
000000924|2|1 model| 295|
000000925|1|YOUR UNIT COSTS||
000000925|2|1 model| 130|
000000926|1|YOUR UNIT COSTS||
000000926|2|1 model|90|
000000928|1|YOUR UNIT COSTS||
000000928|2|2 models|100|
000000929|1|YOUR UNIT COSTS||
000000929|2|1 model|90|
000000930|1|YOUR UNIT COSTS||
000000930|2|1 model|85|
000000931|1|YOUR UNIT COSTS||
000000931|2|1 model|95|
000000932|1|YOUR UNIT COSTS||
000000932|2|1 model|115|
000000933|1|YOUR UNIT COSTS||
000000933|2|1 model|100|
000000934|1|YOUR UNIT COSTS||
000000934|2|1 model|90|
000000935|1|YOUR UNIT COSTS||
000000935|2|1 model|100|
000000936|1|YOUR UNIT COSTS||
000000936|2|3 models|65|
000000937|1|YOUR UNIT COSTS||
000000937|2|1 model|165|
000000938|1|YOUR UNIT COSTS||
000000938|2|1 model|60|
000000939|1|YOUR UNIT COSTS||
000000939|2|1 model|80|
000000940|1|YOUR UNIT COSTS||
000000940|2|1 model|75|
000000941|1|YOUR UNIT COSTS||
000000941|2|1 model|80|
000000942|1|YOUR UNIT COSTS||
000000942|2|1 model|80|
000000943|1|YOUR UNIT COSTS||
000000943|2|1 model|85|
000000944|1|YOUR UNIT COSTS||
000000944|2|1 model|60|
000000946|1|YOUR UNIT COSTS||
000000946|2|10 models|50|
000000946|3|20 models|90|
000000947|1|YOUR UNIT COSTS||
000000947|2|5 models| 175|
000000947|3|10 models| 350|
000000952|1|YOUR 1ST TO 2ND UNITS COST||
000000952|2|5 models| 135|
000000952|3|10 models| 270|
000000952|4|YOUR 3RD + UNIT COSTS||
000000952|5|5 models|145|
000000952|6|10 models|280|
000000953|1|YOUR 1ST TO 2ND UNITS COST||
000000953|2|5 models|120|
000000953|3|10 models|250|
000000953|4|YOUR 3RD + UNIT COSTS||
000000953|5|5 models|130|
000000953|6|10 models|260|
000000954|1|YOUR UNIT COSTS||
000000954|2|1 model|130|
000000956|1|YOUR 1ST TO 3RD UNITS COST||
000000956|2|1 model| 65|
000000956|3|YOUR 4TH + UNIT COSTS||
000000956|4|1 model|75|
000000957|1|YOUR UNIT COSTS||
000000957|2|3 models|70|
000000957|3|6 models|130|
000000958|1|YOUR 1ST TO 2ND UNITS COST||
000000958|2|5 models|110|
000000958|3|10 models|210|
000000958|4|YOUR 3RD + UNIT COSTS||
000000958|5|5 models|120|
000000958|6|10 models|220|
000000959|1|YOUR 1ST TO 2ND UNITS COST||
000000959|2|5 models|125|
000000959|3|10 models|280|
000000959|4|YOUR 3RD + UNIT COSTS||
000000959|5|5 models|135|
000000959|6|10 models|290|
000000960|1|YOUR UNIT COSTS||
000000960|2|2 models|60|
000000961|1|YOUR UNIT COSTS||
000000961|2|1 model|175|
000000962|1|YOUR 1ST TO 2ND UNITS COST||
000000962|2|1 model|220|
000000962|3|YOUR 3RD + UNIT COSTS||
000000962|4|1 model|240|
000000963|1|YOUR 1ST TO 2ND UNITS COST||
000000963|2|1 model| 150|
000000963|3|YOUR 3RD + UNIT COSTS||
000000963|4|1 model| 160|
000000964|1|YOUR 1ST TO 2ND UNITS COST||
000000964|2|1 model|185|
000000964|3|YOUR 3RD + UNIT COSTS||
000000964|4|1 model|195|
000000965|1|YOUR 1ST TO 2ND UNITS COST||
000000965|2|2 models|160|
000000965|3|YOUR 3RD + UNIT COSTS||
000000965|4|2 models|170|
000000966|1|YOUR 1ST TO 2ND UNITS COST||
000000966|2|5 models|125|
000000966|3|YOUR 3RD + UNIT COSTS||
000000966|4|5 models|135|
000000967|1|YOUR 1ST TO 2ND UNITS COST||
000000967|2|1 model|160|
000000967|3|YOUR 3RD + UNIT COSTS||
000000967|4|1 model|170|
000000967|5|WARGEAR OPTIONS||
000000967|6|per Ectoplasma cannon|5|
000000968|1|YOUR UNIT COSTS||
000000968|2|1 model|130|
000000969|1|YOUR 1ST UNIT COSTS||
000000969|2|1 model|300|
000000969|3|YOUR 2ND + UNIT COSTS||
000000969|4|1 model| 350|
000000969|5|WARGEAR OPTIONS||
000000969|6|per Heavy reaper autocannon|15|
000000969|7|per Hades lascannon|15|
000000970|1|YOUR 1ST UNIT COSTS||
000000970|2|1 model|450|
000000970|3|YOUR 2ND + UNIT COSTS||
000000970|4|1 model|475|
000001016|1|YOUR 1ST TO 2ND UNITS COST||
000001016|2|1 model| 95|
000001016|3|YOUR 3RD + UNIT COSTS||
000001016|4|1 model| 105|
000001017|1|YOUR 1ST TO 2ND UNITS COST||
000001017|2|1 model| 100|
000001017|3|YOUR 3RD + UNIT COSTS||
000001017|4|1 model| 110|
000001020|1|YOUR 1ST TO 3RD UNITS COST||
000001020|2|5 models|100|
000001020|3|10 models|190|
000001020|4|YOUR 4TH + UNIT COSTS||
000001020|5|5 models|110|
000001020|6|10 models|200|
000001021|1|YOUR UNIT COSTS||
000001021|2|1 model|110|
000001022|1|YOUR 1ST TO 3RD UNITS COST||
000001022|2|1 model| 80|
000001022|3|YOUR 4TH + UNIT COSTS||
000001022|4|1 model|90|
000001023|1|YOUR UNIT COSTS||
000001023|2|2 models|65|
000001024|1|YOUR UNIT COSTS||
000001024|2|1 model|175|
000001025|1|YOUR 1ST TO 2ND UNITS COST||
000001025|2|1 model|220|
000001025|3|YOUR 3RD + UNIT COSTS||
000001025|4|1 model|240|
000001026|1|YOUR 1ST TO 2ND UNITS COST||
000001026|2|1 model| 140|
000001026|3|YOUR 3RD + UNIT COSTS||
000001026|4|1 model| 150|
000001027|1|YOUR 1ST TO 2ND UNITS COST||
000001027|2|1 model|185|
000001027|3|YOUR 3RD + UNIT COSTS||
000001027|4|1 model|195|
000001028|1|YOUR 1ST TO 2ND UNITS COST||
000001028|2|1 model|135|
000001028|3|YOUR 3RD + UNIT COSTS||
000001028|4|1 model|145|
000001028|5|WARGEAR OPTIONS||
000001028|6|per Ectoplasma cannon|5|
000001029|1|YOUR 1ST TO 2ND UNITS COST||
000001029|2|1 model|120|
000001029|3|YOUR 3RD + UNIT COSTS||
000001029|4|1 model|130|
000001030|1|YOUR 1ST UNIT COSTS||
000001030|2|1 model|300|
000001030|3|YOUR 2ND + UNIT COSTS||
000001030|4|1 model| 350|
000001030|5|WARGEAR OPTIONS||
000001030|6|per Hades lascannon|15|
000001030|7|per Heavy reaper autocannon|15|
000001031|1|YOUR UNIT COSTS||
000001031|2|1 model|455|
000001032|1|YOUR UNIT COSTS||
000001032|2|1 model|100|
000001033|1|YOUR UNIT COSTS||
000001033|2|1 model| 95|
000001034|1|YOUR UNIT COSTS||
000001034|2|10 models|75|
000001034|3|20 models|145|
000001035|1|YOUR 1ST TO 2ND UNITS COST||
000001035|2|5 models|180|
000001035|3|10 models| 385|
000001035|4|YOUR 3RD + UNIT COSTS||
000001035|5|5 models|195|
000001035|6|10 models| 400|
000001036|1|YOUR UNIT COSTS||
000001036|2|1 model|170|
000001037|1|YOUR UNIT COSTS||
000001037|2|1 model|65|
000001038|1|YOUR UNIT COSTS||
000001038|2|1 model|85|
000001041|1|YOUR UNIT COSTS||
000001041|2|1 model|70|
000001043|1|YOUR UNIT COSTS||
000001043|2|10 models|50|
000001043|3|20 models|100|
000001044|1|YOUR UNIT COSTS||
000001044|2|5 models|90|
000001044|3|7 models|125|
000001044|4|10 models| 180|
000001045|1|YOUR UNIT COSTS||
000001045|2|5 models|155|
000001045|3|10 models|310|
000001046|1|YOUR UNIT COSTS||
000001046|2|1 model|110|
000001047|1|YOUR 1ST TO 3RD UNITS COST||
000001047|2|1 model| 75|
000001047|3|YOUR 4TH + UNIT COSTS||
000001047|4|1 model|85|
000001048|1|YOUR UNIT COSTS||
000001048|2|2 models|80|
000001049|1|YOUR 1ST TO 2ND UNITS COST||
000001049|2|1 model|220|
000001049|3|YOUR 3RD + UNIT COSTS||
000001049|4|1 model|240|
000001050|1|YOUR 1ST TO 2ND UNITS COST||
000001050|2|1 model|135|
000001050|3|YOUR 3RD + UNIT COSTS||
000001050|4|1 model|145|
000001052|1|YOUR UNIT COSTS||
000001052|2|1 model|195|
000001053|1|YOUR UNIT COSTS||
000001053|2|1 model|100|
000001054|1|YOUR UNIT COSTS||
000001054|2|1 model|120|
000001055|1|YOUR UNIT COSTS||
000001055|2|1 model|60|
000001056|1|YOUR UNIT COSTS||
000001056|2|10 models|65|
000001056|3|20 models|130|
000001057|1|YOUR 1ST TO 2ND UNITS COST||
000001057|2|1 model|100|
000001057|3|YOUR 3RD + UNIT COSTS||
000001057|4|1 model|110|
000001058|1|YOUR UNIT COSTS||
000001058|2|1 model| 50|
000001094|1|YOUR 1ST UNIT COSTS||
000001094|2|1 model|370|
000001094|3|YOUR 2ND + UNIT COSTS||
000001094|4|1 model|385|
000001095|1|YOUR 1ST UNIT COSTS||
000001095|2|1 model| 385|
000001095|3|YOUR 2ND + UNIT COSTS||
000001095|4|1 model|415|
000001096|1|YOUR 1ST UNIT COSTS||
000001096|2|1 model|370|
000001096|3|YOUR 2ND + UNIT COSTS||
000001096|4|1 model|385|
000001097|1|YOUR 1ST UNIT COSTS||
000001097|2|1 model| 385|
000001097|3|YOUR 2ND + UNIT COSTS||
000001097|4|1 model|415|
000001098|1|YOUR 1ST UNIT COSTS||
000001098|2|1 model|375|
000001098|3|YOUR 2ND + UNIT COSTS||
000001098|4|1 model|390|
000001099|1|YOUR 1ST UNIT COSTS||
000001099|2|1 model|725|
000001099|3|YOUR 2ND + UNIT COSTS||
000001099|4|1 model|800|
000001100|1|YOUR 1ST UNIT COSTS||
000001100|2|1 model|365|
000001100|3|YOUR 2ND + UNIT COSTS||
000001100|4|1 model|380|
000001104|1|YOUR UNIT COSTS||
000001104|2|1 model|70|
000001105|1|YOUR UNIT COSTS||
000001105|2|1 model|315|
000001106|1|YOUR UNIT COSTS||
000001106|2|1 model|85|
000001111|1|YOUR 1ST TO 2ND UNITS COST||
000001111|2|1 model| 160|
000001111|3|YOUR 3RD + UNIT COSTS||
000001111|4|1 model| 180|
000001112|1|YOUR UNIT COSTS||
000001112|2|5 models|75|
000001112|3|10 models|150|
000001114|1|YOUR UNIT COSTS||
000001114|2|10 models|110|
000001115|1|YOUR 1ST TO 2ND UNITS COST||
000001115|2|3 models|95|
000001115|3|6 models| 200|
000001115|4|YOUR 3RD + UNIT COSTS||
000001115|5|3 models| 135|
000001115|6|6 models| 240|
000001116|1|YOUR UNIT COSTS||
000001116|2|1 model| 100|
000001117|1|YOUR UNIT COSTS||
000001117|2|1 model| 305|
000001118|1|YOUR UNIT COSTS||
000001118|2|1 model|105|
000001119|1|YOUR UNIT COSTS||
000001119|2|1 model|75|
000001120|1|YOUR 1ST TO 2ND UNITS COST||
000001120|2|1 model| 320|
000001120|3|YOUR 3RD + UNIT COSTS||
000001120|4|1 model| 340|
000001125|1|YOUR UNIT COSTS||
000001125|2|3 models|65|
000001125|3|6 models|130|
000001126|1|YOUR UNIT COSTS||
000001126|2|1 model|65|
000001127|1|YOUR UNIT COSTS||
000001127|2|3 models|80|
000001127|3|6 models|160|
000001128|1|YOUR UNIT COSTS||
000001128|2|1 model|115|
000001129|1|YOUR UNIT COSTS||
000001129|2|1 model|80|
000001130|1|YOUR 1ST TO 2ND UNITS COST||
000001130|2|1 model|265|
000001130|3|YOUR 3RD + UNIT COSTS||
000001130|4|1 model|280|
000001132|1|YOUR UNIT COSTS||
000001132|2|10 models|115|
000001133|1|YOUR UNIT COSTS||
000001133|2|3 models|45|
000001133|3|6 models|90|
000001134|1|YOUR UNIT COSTS||
000001134|2|1 model| 80|
000001134|3|2 models| 150|
000001135|1|YOUR UNIT COSTS||
000001135|2|3 models|110|
000001135|3|6 models|220|
000001136|1|YOUR UNIT COSTS||
000001136|2|1 model|95|
000001137|1|YOUR 1ST TO 2ND UNITS COST||
000001137|2|1 model| 265|
000001137|3|YOUR 3RD + UNIT COSTS||
000001137|4|1 model| 280|
000001138|1|YOUR UNIT COSTS||
000001138|2|1 model|60|
000001139|1|YOUR UNIT COSTS||
000001139|2|1 model|70|
000001142|1|YOUR UNIT COSTS||
000001142|2|10 models| 100|
000001143|1|YOUR 1ST TO 2ND UNITS COST||
000001143|2|3 models|90|
000001143|3|6 models| 190|
000001143|4|YOUR 3RD + UNIT COSTS||
000001143|5|3 models|105|
000001143|6|6 models|205|
000001144|1|YOUR UNIT COSTS||
000001144|2|1 model|80|
000001144|3|2 models|160|
000001145|1|YOUR UNIT COSTS||
000001145|2|5 models| 85|
000001145|3|10 models|155|
000001148|1|YOUR UNIT COSTS||
000001148|2|1 model|390|
000001149|1|YOUR UNIT COSTS||
000001149|2|1 model|165|
000001150|1|YOUR UNIT COSTS||
000001150|2|5 models|40|
000001150|3|10 models|80|
000001151|1|YOUR 1ST TO 2ND UNITS COST||
000001151|2|1 model|180|
000001151|3|YOUR 3RD + UNIT COSTS||
000001151|4|1 model|195|
000001153|1|YOUR UNIT COSTS||
000001153|2|YOUR UNIT COSTS||
000001153|3|1 model|270|
000001153|4|1 model|270|
000001153|5|YOUR UNIT COSTS||
000001153|6|1 model|270|
000001154|1|YOUR UNIT COSTS||
000001154|2|YOUR UNIT COSTS||
000001154|3|5 models|120|
000001154|4|5 models|120|
000001154|5|10 models|240|
000001154|6|10 models|240|
000001154|7|YOUR UNIT COSTS||
000001154|8|5 models|120|
000001154|9|10 models|240|
000001156|1|YOUR UNIT COSTS||
000001156|2|YOUR UNIT COSTS||
000001156|3|1 model|125|
000001156|4|1 model|125|
000001156|5|YOUR UNIT COSTS||
000001156|6|1 model|125|
000001157|1|YOUR UNIT COSTS||
000001157|2|YOUR UNIT COSTS||
000001157|3|5 models|80|
000001157|4|5 models|80|
000001157|5|10 models|150|
000001157|6|10 models|150|
000001157|7|YOUR UNIT COSTS||
000001157|8|5 models|80|
000001157|9|10 models|150|
000001158|1|YOUR UNIT COSTS||
000001158|2|YOUR UNIT COSTS||
000001158|3|1 model|60|
000001158|4|1 model|60|
000001158|5|YOUR UNIT COSTS||
000001158|6|1 model|60|
000001159|1|YOUR 1ST TO 2ND UNITS COST||
000001159|2|YOUR 1ST TO 2ND UNITS COST||
000001159|3|5 models|85|
000001159|4|5 models|85|
000001159|5|10 models|150|
000001159|6|10 models|150|
000001159|7|YOUR 3RD + UNIT COSTS||
000001159|8|YOUR 3RD + UNIT COSTS||
000001159|9|5 models|95|
000001159|10|5 models|95|
000001159|11|10 models|160|
000001159|12|10 models|160|
000001159|13|YOUR 1ST TO 2ND UNITS COST||
000001159|14|5 models|85|
000001159|15|10 models|150|
000001159|16|YOUR 3RD + UNIT COSTS||
000001159|17|5 models|95|
000001159|18|10 models|160|
000001160|1|YOUR 1ST TO 2ND UNITS COST||
000001160|2|YOUR 1ST TO 2ND UNITS COST||
000001160|3|5 models|65|
000001160|4|5 models|65|
000001160|5|10 models|120|
000001160|6|10 models|120|
000001160|7|YOUR 3RD + UNIT COSTS||
000001160|8|YOUR 3RD + UNIT COSTS||
000001160|9|5 models|75|
000001160|10|5 models|75|
000001160|11|10 models|130|
000001160|12|10 models|130|
000001160|13|YOUR 1ST TO 2ND UNITS COST||
000001160|14|5 models|65|
000001160|15|10 models|120|
000001160|16|YOUR 3RD + UNIT COSTS||
000001160|17|5 models|75|
000001160|18|10 models|130|
000001161|1|YOUR UNIT COSTS||
000001161|2|YOUR UNIT COSTS||
000001161|3|1 model|160|
000001161|4|1 model|160|
000001161|5|YOUR UNIT COSTS||
000001161|6|1 model|160|
000001162|1|YOUR UNIT COSTS||
000001162|2|1 model|70|
000001163|1|YOUR UNIT COSTS||
000001163|2|YOUR UNIT COSTS||
000001163|3|1 model|180|
000001163|4|1 model|180|
000001163|5|YOUR UNIT COSTS||
000001163|6|1 model|180|
000001164|1|YOUR UNIT COSTS||
000001164|2|YOUR UNIT COSTS||
000001164|3|2 models|90|
000001164|4|2 models|90|
000001164|5|YOUR UNIT COSTS||
000001164|6|2 models|90|
000001165|1|YOUR UNIT COSTS||
000001165|2|YOUR UNIT COSTS||
000001165|3|1 model|40|
000001165|4|1 model|40|
000001165|5|YOUR UNIT COSTS||
000001165|6|1 model|40|
000001166|1|YOUR UNIT COSTS||
000001166|2|YOUR UNIT COSTS||
000001166|3|2 models|110|
000001166|4|2 models|110|
000001166|5|5 models|275|
000001166|6|5 models|275|
000001166|7|YOUR UNIT COSTS||
000001166|8|2 models|110|
000001166|9|5 models|275|
000001168|1|YOUR UNIT COSTS||
000001168|2|YOUR UNIT COSTS||
000001168|3|1 model|95|
000001168|4|1 model|95|
000001168|5|YOUR UNIT COSTS||
000001168|6|1 model|95|
000001169|1|YOUR UNIT COSTS||
000001169|2|YOUR UNIT COSTS||
000001169|3|1 model|95|
000001169|4|1 model|95|
000001169|5|YOUR UNIT COSTS||
000001169|6|1 model|95|
000001172|1|YOUR UNIT COSTS||
000001172|2|YOUR UNIT COSTS||
000001172|3|1 model|80|
000001172|4|1 model|80|
000001172|5|YOUR UNIT COSTS||
000001172|6|1 model|80|
000001174|1|YOUR UNIT COSTS||
000001174|2|YOUR UNIT COSTS||
000001174|3|1 model|60|
000001174|4|1 model|60|
000001174|5|YOUR UNIT COSTS||
000001174|6|1 model|60|
000001175|1|YOUR UNIT COSTS||
000001175|2|YOUR UNIT COSTS||
000001175|3|1 model|240|
000001175|4|1 model|240|
000001175|5|YOUR UNIT COSTS||
000001175|6|1 model|240|
000001177|1|YOUR UNIT COSTS||
000001177|2|YOUR UNIT COSTS||
000001177|3|5 models|100|
000001177|4|5 models|100|
000001177|5|10 models|200|
000001177|6|10 models|200|
000001177|7|YOUR UNIT COSTS||
000001177|8|5 models|100|
000001177|9|10 models|200|
000001178|1|YOUR UNIT COSTS||
000001178|2|YOUR UNIT COSTS||
000001178|3|1 model|175|
000001178|4|1 model|175|
000001178|5|YOUR UNIT COSTS||
000001178|6|1 model|175|
000001179|1|YOUR UNIT COSTS||
000001179|2|YOUR UNIT COSTS||
000001179|3|1 model|900|
000001179|4|1 model|900|
000001179|5|YOUR UNIT COSTS||
000001179|6|1 model|900|
000001182|1|YOUR UNIT COSTS||
000001182|2|YOUR UNIT COSTS||
000001182|3|1 model|90|
000001182|4|1 model|90|
000001182|5|YOUR UNIT COSTS||
000001182|6|1 model|90|
000001183|1|YOUR UNIT COSTS||
000001183|2|YOUR UNIT COSTS||
000001183|3|5 models|160|
000001183|4|5 models|160|
000001183|5|10 models|320|
000001183|6|10 models|320|
000001183|7|YOUR UNIT COSTS||
000001183|8|5 models|160|
000001183|9|10 models|320|
000001184|1|YOUR UNIT COSTS||
000001184|2|YOUR UNIT COSTS||
000001184|3|1 model|285|
000001184|4|1 model|285|
000001184|5|YOUR UNIT COSTS||
000001184|6|1 model|285|
000001185|1|YOUR UNIT COSTS||
000001185|2|YOUR UNIT COSTS||
000001185|3|1 model|160|
000001185|4|1 model|160|
000001185|5|YOUR UNIT COSTS||
000001185|6|1 model|160|
000001188|1|YOUR 1ST TO 2ND UNITS COST||
000001188|2|YOUR 1ST TO 2ND UNITS COST||
000001188|3|1 model|185|
000001188|4|1 model|185|
000001188|5|YOUR 3RD + UNIT COSTS||
000001188|6|YOUR 3RD + UNIT COSTS||
000001188|7|1 model|200|
000001188|8|1 model|200|
000001188|9|YOUR 1ST TO 2ND UNITS COST||
000001188|10|1 model|185|
000001188|11|YOUR 3RD + UNIT COSTS||
000001188|12|1 model|200|
000001189|1|YOUR UNIT COSTS||
000001189|2|YOUR UNIT COSTS||
000001189|3|1 model|540|
000001189|4|1 model|540|
000001189|5|YOUR UNIT COSTS||
000001189|6|1 model|540|
000001190|1|YOUR UNIT COSTS||
000001190|2|YOUR UNIT COSTS||
000001190|3|1 model|165|
000001190|4|1 model|165|
000001190|5|YOUR UNIT COSTS||
000001190|6|1 model|165|
000001191|1|YOUR 1ST UNIT COSTS||
000001191|2|YOUR 1ST UNIT COSTS||
000001191|3|1 model|280|
000001191|4|1 model|280|
000001191|5|YOUR 2ND + UNIT COSTS||
000001191|6|YOUR 2ND + UNIT COSTS||
000001191|7|1 model|300|
000001191|8|1 model|300|
000001191|9|YOUR 1ST UNIT COSTS||
000001191|10|1 model|280|
000001191|11|YOUR 2ND + UNIT COSTS||
000001191|12|1 model|300|
000001192|1|YOUR UNIT COSTS||
000001192|2|YOUR UNIT COSTS||
000001192|3|1 model|150|
000001192|4|1 model|150|
000001192|5|YOUR UNIT COSTS||
000001192|6|1 model|150|
000001193|1|YOUR UNIT COSTS||
000001193|2|YOUR UNIT COSTS||
000001193|3|3 models|175|
000001193|4|3 models|175|
000001193|5|6 models| 365|
000001193|6|6 models| 365|
000001193|7|WARGEAR OPTIONS||
000001193|8|WARGEAR OPTIONS||
000001193|9|per Twin lascannon|5|
000001193|10|per Twin lascannon|5|
000001193|11|YOUR UNIT COSTS||
000001193|12|3 models|175|
000001193|13|6 models|350|
000001193|14|WARGEAR OPTIONS||
000001193|15|per Twin lascannon|5|
000001193|16|YOUR UNIT COSTS||
000001193|17|3 models|175|
000001193|18|6 models|350|
000001193|19|WARGEAR OPTIONS||
000001193|20|per Twin lascannon|5|
000001193|21|YOUR UNIT COSTS||
000001193|22|3 models|175|
000001193|23|6 models|350|
000001193|24|WARGEAR OPTIONS||
000001193|25|per Twin lascannon|5|
000001193|26|YOUR UNIT COSTS||
000001193|27|3 models|175|
000001193|28|6 models|350|
000001193|29|WARGEAR OPTIONS||
000001193|30|per Twin lascannon|5|
000001193|31|YOUR UNIT COSTS||
000001193|32|3 models|175|
000001193|33|6 models| 365|
000001193|34|WARGEAR OPTIONS||
000001193|35|per Twin lascannon|5|
000001197|1|YOUR 1ST UNIT COSTS||
000001197|2|1 model|805|
000001197|3|YOUR 2ND + UNIT COSTS||
000001197|4|1 model|855|
000001199|1|YOUR UNIT COSTS||
000001199|2|1 model|130|
000001237|1|YOUR UNIT COSTS||
000001237|2|1 model|185|
000001293|1|YOUR UNIT COSTS||
000001293|2|1 model|160|
000001294|1|YOUR UNIT COSTS||
000001294|2|1 model|150|
000001295|1|YOUR UNIT COSTS||
000001295|2|1 model|165|
000001297|1|YOUR UNIT COSTS||
000001297|2|1 model|400|
000001298|1|YOUR UNIT COSTS||
000001298|2|1 model|500|
000001302|1|YOUR UNIT COSTS||
000001302|2|1 model|115|
000001310|1|YOUR UNIT COSTS||
000001310|2|1 model|115|
000001311|1|YOUR UNIT COSTS||
000001311|2|1 model|300|
000001317|1|YOUR UNIT COSTS||
000001317|2|1 model|115|
000001318|1|YOUR UNIT COSTS||
000001318|2|1 model|140|
000001321|1|YOUR UNIT COSTS||
000001321|2|1 model|840|
000001329|1|YOUR UNIT COSTS||
000001329|2|1 model|415|
000001332|1|YOUR UNIT COSTS||
000001332|2|1 model|320|
000001333|1|YOUR UNIT COSTS||
000001333|2|1 model|315|
000001336|1|YOUR UNIT COSTS||
000001336|2|3 models|120|
000001337|1|YOUR UNIT COSTS||
000001337|2|3 models|160|
000001338|1|YOUR UNIT COSTS||
000001338|2|1 model|145|
000001339|1|YOUR UNIT COSTS||
000001339|2|1 model|130|
000001340|1|YOUR UNIT COSTS||
000001340|2|1 model|275|
000001344|1|YOUR UNIT COSTS||
000001344|2|YOUR UNIT COSTS||
000001344|3|1 model|75|
000001344|4|1 model|75|
000001344|5|YOUR UNIT COSTS||
000001344|6|1 model|75|
000001345|1|YOUR UNIT COSTS||
000001345|2|YOUR UNIT COSTS||
000001345|3|1 model|45|
000001345|4|1 model|45|
000001345|5|YOUR UNIT COSTS||
000001345|6|1 model|45|
000001346|1|YOUR UNIT COSTS||
000001346|2|YOUR UNIT COSTS||
000001346|3|1 model|45|
000001346|4|1 model|45|
000001346|5|YOUR UNIT COSTS||
000001346|6|1 model|45|
000001347|1|YOUR UNIT COSTS||
000001347|2|YOUR UNIT COSTS||
000001347|3|1 model|250|
000001347|4|1 model|250|
000001347|5|YOUR UNIT COSTS||
000001347|6|1 model|250|
000001348|1|YOUR UNIT COSTS||
000001348|2|YOUR UNIT COSTS||
000001348|3|1 model|80|
000001348|4|1 model|80|
000001348|5|YOUR UNIT COSTS||
000001348|6|1 model|80|
000001355|1|YOUR UNIT COSTS||
000001355|2|1 model|70|
000001360|1|YOUR 1ST TO 2ND UNITS COST||
000001360|2|1 model|200|
000001360|3|YOUR 3RD + UNIT COSTS||
000001360|4|1 model|215|
000001360|5|WARGEAR OPTIONS||
000001360|6|per Sublimator|15|
000001360|7|per Heavy psycannon|15|
000001361|1|YOUR 1ST UNIT COSTS||
000001361|2|1 model|90|
000001361|3|YOUR 2ND + UNIT COSTS||
000001361|4|1 model|100|
000001362|1|YOUR UNIT COSTS||
000001362|2|1 model|65|
000001363|1|YOUR UNIT COSTS||
000001363|2|1 model|160|
000001364|1|YOUR UNIT COSTS||
000001364|2|1 model|170|
000001367|1|YOUR UNIT COSTS||
000001367|2|1 model| 60|
000001368|1|YOUR UNIT COSTS||
000001368|2|1 model|60|
000001369|1|YOUR UNIT COSTS||
000001369|2|1 model|50|
000001370|1|YOUR UNIT COSTS||
000001370|2|1 model|60|
000001371|1|YOUR 1ST TO 2ND UNITS COST||
000001371|2|3 models|160|
000001371|3|6 models| 305|
000001371|4|YOUR 3RD + UNIT COSTS||
000001371|5|3 models|170|
000001371|6|6 models| 315|
000001372|1|YOUR UNIT COSTS||
000001372|2|3 models|115|
000001372|3|5 models| 180|
000001372|4|10 models| 360|
000001374|1|YOUR UNIT COSTS||
000001374|2|1 model| 95|
000001374|3|2 models| 190|
000001376|1|YOUR 1ST UNIT COSTS||
000001376|2|1 model| 170|
000001376|3|YOUR 2ND + UNIT COSTS||
000001376|4|1 model| 200|
000001377|1|YOUR UNIT COSTS||
000001377|2|1 model| 375|
000001383|1|YOUR UNIT COSTS||
000001383|2|3 models|110|
000001390|1|YOUR UNIT COSTS||
000001390|2|1 model|170|
000001391|1|YOUR UNIT COSTS||
000001391|2|3 models|110|
000001392|1|YOUR UNIT COSTS||
000001392|2|1 model|100|
000001393|1|YOUR UNIT COSTS||
000001393|2|1 model|115|
000001394|1|YOUR UNIT COSTS||
000001394|2|1 model|35|
000001396|1|YOUR UNIT COSTS||
000001396|2|1 model|45|
000001397|1|YOUR UNIT COSTS||
000001397|2|4 models|35|
000001398|1|YOUR UNIT COSTS||
000001398|2|1 model|40|
000001400|1|YOUR UNIT COSTS||
000001400|2|1 model|45|
000001406|1|YOUR UNIT COSTS||
000001406|2|1 model|55|
000001423|1|YOUR UNIT COSTS||
000001423|2|1 model|105|
000001446|1|YOUR UNIT COSTS||
000001446|2|1 model|135|
000001447|1|YOUR UNIT COSTS||
000001447|2|1 model|110|
000001448|1|YOUR UNIT COSTS||
000001448|2|1 model|130|
000001449|1|YOUR UNIT COSTS||
000001449|2|1 model|140|
000001450|1|YOUR 1ST UNIT COSTS||
000001450|2|4 models| 200|
000001450|3|5 models| 250|
000001450|4|YOUR 2ND + UNIT COSTS||
000001450|5|4 models| 220|
000001450|6|5 models| 270|
000001453|1|YOUR 1ST TO 2ND UNITS COST||
000001453|2|2 models|110|
000001453|3|3 models|165|
000001453|4|5 models| 280|
000001453|5|6 models| 340|
000001453|6|YOUR 3RD + UNIT COSTS||
000001453|7|2 models|140|
000001453|8|3 models|195|
000001453|9|5 models|310|
000001453|10|6 models|370|
000001454|1|YOUR 1ST TO 2ND UNITS COST||
000001454|2|2 models|145|
000001454|3|3 models|215|
000001454|4|YOUR 3RD + UNIT COSTS||
000001454|5|2 models|170|
000001454|6|3 models|240|
000001455|1|YOUR UNIT COSTS||
000001455|2|1 model|65|
000001456|1|YOUR UNIT COSTS||
000001456|2|1 model|85|
000001458|1|YOUR 1ST TO 2ND UNITS COST||
000001458|2|1 model|155|
000001458|3|YOUR 3RD + UNIT COSTS||
000001458|4|1 model|170|
000001460|1|YOUR 1ST TO 2ND UNITS COST||
000001460|2|1 model|210|
000001460|3|YOUR 3RD + UNIT COSTS||
000001460|4|1 model|225|
000001460|5|WARGEAR OPTIONS||
000001460|6|per Twin arachnus heavy blaze cannon|15|
000001461|1|YOUR 1ST TO 2ND UNITS COST||
000001461|2|1 model|180|
000001461|3|YOUR 3RD + UNIT COSTS||
000001461|4|1 model|200|
000001462|1|YOUR UNIT COSTS||
000001462|2|1 model|60|
000001463|1|YOUR UNIT COSTS||
000001463|2|1 model|95|
000001464|1|YOUR UNIT COSTS||
000001464|2|1 model| 70|
000001465|1|YOUR UNIT COSTS||
000001465|2|1 model|280|
000001466|1|YOUR UNIT COSTS||
000001466|2|1 model|120|
000001467|1|YOUR 1ST TO 2ND UNITS COST||
000001467|2|1 model| 60|
000001467|3|YOUR 3RD + UNIT COSTS||
000001467|4|1 model|70|
000001468|1|YOUR UNIT COSTS||
000001468|2|1 model|55|
000001469|1|YOUR UNIT COSTS||
000001469|2|1 model|60|
000001470|1|YOUR UNIT COSTS||
000001470|2|1 model|100|
000001472|1|YOUR UNIT COSTS||
000001472|2|1 model| 65|
000001474|1|YOUR UNIT COSTS||
000001474|2|3 models| 50|
000001474|3|6 models|90|
000001476|1|YOUR 1ST TO 2ND UNITS COST||
000001476|2|1 model|170|
000001476|3|YOUR 3RD + UNIT COSTS||
000001476|4|1 model|190|
000001477|1|YOUR UNIT COSTS||
000001477|2|1 model|80|
000001478|1|YOUR UNIT COSTS||
000001478|2|1 model|80|
000001479|1|YOUR 1ST UNIT COSTS||
000001479|2|1 model|225|
000001479|3|YOUR 2ND + UNIT COSTS||
000001479|4|1 model|245|
000001481|1|YOUR UNIT COSTS||
000001481|2|1 model|140|
000001482|1|YOUR UNIT COSTS||
000001482|2|1 model|140|
000001483|1|YOUR 1ST TO 2ND UNITS COST||
000001483|2|1 model|365|
000001483|3|YOUR 3RD + UNIT COSTS||
000001483|4|1 model|380|
000001484|1|YOUR UNIT COSTS||
000001484|2|1 model|415|
000001485|1|YOUR 1ST UNIT COSTS||
000001485|2|1 model| 425|
000001485|3|YOUR 2ND + UNIT COSTS||
000001485|4|1 model| 450|
000001486|1|YOUR 1ST TO 2ND UNITS COST||
000001486|2|1 model|400|
000001486|3|YOUR 3RD + UNIT COSTS||
000001486|4|1 model|415|
000001523|1|YOUR UNIT COSTS||
000001523|2|YOUR UNIT COSTS||
000001523|3|5 models|75|
000001523|4|5 models|75|
000001523|5|10 models|150|
000001523|6|10 models|150|
000001523|7|YOUR UNIT COSTS||
000001523|8|5 models|75|
000001523|9|10 models|150|
000001524|1|YOUR UNIT COSTS||
000001524|2|1 model|75|
000001525|1|YOUR UNIT COSTS||
000001525|2|5 models|65|
000001525|3|10 models|130|
000001526|1|YOUR UNIT COSTS||
000001526|2|5 models|50|
000001526|3|10 models|100|
000001527|1|YOUR UNIT COSTS||
000001527|2|YOUR UNIT COSTS||
000001527|3|1 model|110|
000001527|4|1 model|110|
000001527|5|YOUR UNIT COSTS||
000001527|6|1 model|110|
000001533|1|YOUR UNIT COSTS||
000001533|2|1 model|200|
000001536|1|YOUR 1ST UNIT COSTS||
000001536|2|1 model|95|
000001536|3|YOUR 2ND + UNIT COSTS||
000001536|4|1 model|105|
000001537|1|YOUR UNIT COSTS||
000001537|2|1 model|80|
000001545|1|YOUR UNIT COSTS||
000001545|2|1 model|80|
000001546|1|YOUR 1ST TO 2ND UNITS COST||
000001546|2|1 model|85|
000001546|3|YOUR 3RD + UNIT COSTS||
000001546|4|1 model|95|
000001553|1|YOUR UNIT COSTS||
000001553|2|1 model|50|
000001556|1|YOUR UNIT COSTS||
000001556|2|1 model|90|
000001557|1|YOUR 1ST TO 2ND UNITS COST||
000001557|2|1 model|165|
000001557|3|YOUR 3RD + UNIT COSTS||
000001557|4|1 model|180|
000001558|1|YOUR UNIT COSTS||
000001558|2|3 models|195|
000001558|3|6 models|390|
000001559|1|YOUR 1ST TO 3RD UNITS COST||
000001559|2|5 models|250|
000001559|3|YOUR 4TH + UNIT COSTS||
000001559|4|5 models|260|
000001560|1|YOUR UNIT COSTS||
000001560|2|3 models|225|
000001560|3|6 models|450|
000001561|1|YOUR 1ST TO 2ND UNITS COST||
000001561|2|3 models| 150|
000001561|3|6 models| 300|
000001561|4|YOUR 3RD + UNIT COSTS||
000001561|5|3 models|160|
000001561|6|6 models|310|
000001561|7|WARGEAR OPTIONS||
000001561|8|per Venatari lance|5|
000001562|1|YOUR UNIT COSTS||
000001562|2|1 model|100|
000001563|1|YOUR UNIT COSTS||
000001563|2|5 models|225|
000001564|1|YOUR 1ST UNIT COSTS||
000001564|2|1 model|690|
000001564|3|YOUR 2ND + UNIT COSTS||
000001564|4|1 model|740|
000001565|1|YOUR UNIT COSTS||
000001565|2|1 model|55|
000001567|1|YOUR UNIT COSTS||
000001567|2|1 model|50|
000001568|1|YOUR UNIT COSTS||
000001568|2|1 model|35|
000001569|1|YOUR UNIT COSTS||
000001569|2|1 model|65|
000001570|1|YOUR UNIT COSTS||
000001570|2|1 model|60|
000001571|1|YOUR UNIT COSTS||
000001571|2|1 model|60|
000001572|1|YOUR UNIT COSTS||
000001572|2|1 model|50|
000001573|1|YOUR 1ST TO 2ND UNITS COST||
000001573|2|1 model|95|
000001573|3|2 models|160|
000001573|4|YOUR 3RD + UNIT COSTS||
000001573|5|1 model|105|
000001573|6|2 models|170|
000001573|7|WARGEAR OPTIONS||
000001573|8|per Heavy mining laser|10|
000001574|1|YOUR 1ST TO 2ND UNITS COST||
000001574|2|5 models| 85|
000001574|3|10 models| 150|
000001574|4|9 models|160|
000001574|5|YOUR 3RD + UNIT COSTS||
000001574|6|5 models| 95|
000001574|7|10 models| 160|
000001574|8|9 models|170|
000001576|1|YOUR UNIT COSTS||
000001576|2|1 model|125|
000001577|1|YOUR 1ST UNIT COSTS||
000001577|2|1 model|540|
000001577|3|YOUR 2ND + UNIT COSTS||
000001577|4|1 model|570|
000001579|1|YOUR UNIT COSTS||
000001579|2|1 model|65|
000001580|1|YOUR UNIT COSTS||
000001580|2|1 model|60|
000001581|1|YOUR UNIT COSTS||
000001581|2|1 model|60|
000001583|1|YOUR UNIT COSTS||
000001583|2|1 model|160|
000001584|1|YOUR UNIT COSTS||
000001584|2|1 model|70|
000001586|1|YOUR 1ST TO 2ND UNITS COST||
000001586|2|1 model| 120|
000001586|3|YOUR 3RD + UNIT COSTS||
000001586|4|1 model| 130|
000001587|1|YOUR UNIT COSTS||
000001587|2|1 model|125|
000001588|1|YOUR UNIT COSTS||
000001588|2|1 model|105|
000001589|1|YOUR UNIT COSTS||
000001589|2|1 model|60|
000001596|1|YOUR UNIT COSTS||
000001596|2|2 models|50|
000001598|1|YOUR UNIT COSTS||
000001598|2|1 model|75|
000001600|1|YOUR UNIT COSTS||
000001600|2|1 model|60|
000001601|1|YOUR UNIT COSTS||
000001601|2|4 models|55|
000001604|1|YOUR UNIT COSTS||
000001604|2|10 models|60|
000001606|1|YOUR UNIT COSTS||
000001606|2|YOUR UNIT COSTS||
000001606|3|5 models|75|
000001606|4|5 models|75|
000001606|5|10 models|150|
000001606|6|10 models|150|
000001606|7|YOUR UNIT COSTS||
000001606|8|5 models|80|
000001606|9|10 models|150|
000001606|10|YOUR UNIT COSTS||
000001606|11|5 models|75|
000001606|12|10 models|150|
000001607|1|YOUR UNIT COSTS||
000001607|2|YOUR UNIT COSTS||
000001607|3|1 model|230|
000001607|4|1 model|230|
000001607|5|YOUR UNIT COSTS||
000001607|6|1 model|230|
000001608|1|YOUR UNIT COSTS||
000001608|2|YOUR UNIT COSTS||
000001608|3|1 model|220|
000001608|4|1 model|220|
000001608|5|YOUR UNIT COSTS||
000001608|6|1 model|220|
000001609|1|YOUR UNIT COSTS||
000001609|2|YOUR UNIT COSTS||
000001609|3|1 model|290|
000001609|4|1 model|290|
000001609|5|YOUR UNIT COSTS||
000001609|6|1 model|290|
000001610|1|YOUR 1ST TO 2ND UNITS COST||
000001610|2|YOUR 1ST TO 2ND UNITS COST||
000001610|3|1 model|135|
000001610|4|1 model|135|
000001610|5|YOUR 3RD + UNIT COSTS||
000001610|6|YOUR 3RD + UNIT COSTS||
000001610|7|1 model|145|
000001610|8|1 model|145|
000001610|9|YOUR 1ST TO 2ND UNITS COST||
000001610|10|1 model|135|
000001610|11|YOUR 3RD + UNIT COSTS||
000001610|12|1 model|145|
000001611|1|YOUR UNIT COSTS||
000001611|2|1 model| 85|
000001647|1|YOUR 1ST TO 2ND UNITS COST||
000001647|2|1 model| 115|
000001647|3|YOUR 3RD + UNIT COSTS||
000001647|4|1 model|125|
000001648|1|YOUR UNIT COSTS||
000001648|2|1 model| 315|
000001649|1|YOUR UNIT COSTS||
000001649|2|1 model|120|
000001650|1|YOUR 1ST TO 3RD UNITS COST||
000001650|2|1 model| 75|
000001650|3|YOUR 4TH + UNIT COSTS||
000001650|4|1 model|85|
000001651|1|YOUR UNIT COSTS||
000001651|2|1 model|160|
000001651|3|WARGEAR OPTIONS||
000001651|4|per Ferrumite cannon|10|
000001658|1|YOUR 1ST UNIT COSTS||
000001658|2|1 model| 360|
000001658|3|YOUR 2ND + UNIT COSTS||
000001658|4|1 model| 390|
000001658|5|WARGEAR OPTIONS||
000001658|6|per Despoiler gatling cannon|25|
000001658|7|per Despoiler battle cannon| 10|
000001659|1|YOUR 1ST UNIT COSTS||
000001659|2|1 model|400|
000001659|3|YOUR 2ND + UNIT COSTS||
000001659|4|1 model|420|
000001660|1|YOUR 1ST TO 2ND UNITS COST||
000001660|2|1 model|355|
000001660|3|YOUR 3RD + UNIT COSTS||
000001660|4|1 model|370|
000001661|1|YOUR 1ST TO 2ND UNITS COST||
000001661|2|1 model| 355|
000001661|3|YOUR 3RD + UNIT COSTS||
000001661|4|1 model| 370|
000001662|1|YOUR 1ST UNIT COSTS||
000001662|2|1 model|785|
000001662|3|YOUR 2ND + UNIT COSTS||
000001662|4|1 model|860|
000001663|1|YOUR 1ST TO 2ND UNITS COST||
000001663|2|1 model|150|
000001663|3|YOUR 3RD + UNIT COSTS||
000001663|4|1 model|160|
000001664|1|YOUR 1ST UNIT COSTS||
000001664|2|1 model|785|
000001664|3|YOUR 2ND + UNIT COSTS||
000001664|4|1 model|860|
000001666|1|YOUR UNIT COSTS||
000001666|2|YOUR UNIT COSTS||
000001666|3|1 model|420|
000001666|4|1 model|420|
000001666|5|YOUR UNIT COSTS||
000001666|6|1 model|420|
000001667|1|YOUR 1ST TO 2ND UNITS COST||
000001667|2|YOUR 1ST TO 2ND UNITS COST||
000001667|3|1 model|160|
000001667|4|1 model|160|
000001667|5|YOUR 3RD + UNIT COSTS||
000001667|6|YOUR 3RD + UNIT COSTS||
000001667|7|1 model|170|
000001667|8|1 model|170|
000001667|9|YOUR 1ST TO 2ND UNITS COST||
000001667|10|1 model|160|
000001667|11|YOUR 3RD + UNIT COSTS||
000001667|12|1 model|170|
000001668|1|YOUR UNIT COSTS||
000001668|2|YOUR UNIT COSTS||
000001668|3|3 models|75|
000001668|4|3 models|75|
000001668|5|YOUR UNIT COSTS||
000001668|6|3 models|75|
000001680|1|YOUR 1ST UNIT COSTS||
000001680|2|1 model|580|
000001680|3|YOUR 2ND + UNIT COSTS||
000001680|4|1 model|610|
000001822|1|YOUR UNIT COSTS||
000001822|2|1 model|40|
000001825|1|YOUR 1ST TO 2ND UNITS COST||
000001825|2|YOUR 1ST TO 2ND UNITS COST||
000001825|3|1 model|150|
000001825|4|1 model|150|
000001825|5|YOUR 3RD + UNIT COSTS||
000001825|6|YOUR 3RD + UNIT COSTS||
000001825|7|1 model|160|
000001825|8|1 model|160|
000001825|9|YOUR 1ST TO 2ND UNITS COST||
000001825|10|1 model|150|
000001825|11|YOUR 3RD + UNIT COSTS||
000001825|12|1 model|160|
000001991|1|YOUR UNIT COSTS||
000001991|2|YOUR UNIT COSTS||
000001991|3|1 model|200|
000001991|4|1 model|200|
000001991|5|YOUR UNIT COSTS||
000001991|6|1 model|200|
000001994|1|YOUR UNIT COSTS||
000001994|2|1 model|160|
000001997|1|YOUR 1ST TO 2ND UNITS COST||
000001997|2|5 models|85|
000001997|3|10 models|160|
000001997|4|YOUR 3RD + UNIT COSTS||
000001997|5|5 models|95|
000001997|6|10 models|170|
000002063|1|YOUR UNIT COSTS||
000002063|2|1 model|245|
000002064|1|YOUR UNIT COSTS||
000002064|2|1 model| 105|
000002066|1|YOUR 1ST TO 2ND UNITS COST||
000002066|2|5 models| 75|
000002066|3|10 models| 150|
000002066|4|YOUR 3RD + UNIT COSTS||
000002066|5|5 models|85|
000002066|6|10 models|160|
000002067|1|YOUR UNIT COSTS||
000002067|2|1 model|70|
000002067|3|2 models|130|
000002068|1|YOUR UNIT COSTS||
000002068|2|1 model|170|
000002076|1|YOUR UNIT COSTS||
000002076|2|YOUR UNIT COSTS||
000002076|3|1 model|55|
000002076|4|1 model|55|
000002076|5|2 models|110|
000002076|6|2 models|110|
000002076|7|3 models|165|
000002076|8|3 models|165|
000002076|9|YOUR UNIT COSTS||
000002076|10|1 model|55|
000002076|11|2 models|110|
000002076|12|3 models|165|
000002077|1|YOUR UNIT COSTS||
000002077|2|1 model|2600|
000002081|1|YOUR UNIT COSTS||
000002081|2|3 models|55|
000002081|3|6 models| 100|
000002082|1|YOUR UNIT COSTS||
000002082|2|3 models|60|
000002082|3|6 models| 110|
000002083|1|YOUR 1ST TO 2ND UNITS COST||
000002083|2|5 models| 75|
000002083|3|10 models| 150|
000002083|4|YOUR 3RD + UNIT COSTS||
000002083|5|5 models| 85|
000002083|6|10 models| 160|
000002084|1|YOUR 1ST TO 2ND UNITS COST||
000002084|2|5 models| 75|
000002084|3|10 models|150|
000002084|4|YOUR 3RD + UNIT COSTS||
000002084|5|5 models| 85|
000002084|6|10 models|160|
000002085|1|YOUR UNIT COSTS||
000002085|2|1 model|145|
000002086|1|YOUR UNIT COSTS||
000002086|2|1 model|185|
000002087|1|YOUR UNIT COSTS||
000002087|2|1 model|160|
000002088|1|YOUR UNIT COSTS||
000002088|2|1 model| 55|
000002090|1|<div class="dsHeaderAoI">AGENTS OF THE IMPERIUM Detachment</div>||
000002090|2|YOUR UNIT COSTS||
000002090|3|1 model|75|
000002090|4|<div class="dsHeaderAoI">Assigned Agent</div>||
000002090|5|YOUR UNIT COSTS||
000002090|6|1 model|110|
000002092|1|YOUR UNIT COSTS||
000002092|2|1 model|175|
000002098|1|YOUR UNIT COSTS||
000002098|2|YOUR UNIT COSTS||
000002098|3|5 models|110|
000002098|4|5 models|110|
000002098|5|10 models|220|
000002098|6|10 models|220|
000002098|7|YOUR UNIT COSTS||
000002098|8|5 models|110|
000002098|9|10 models|220|
000002099|1|YOUR 1ST TO 2ND UNITS COST||
000002099|2|YOUR 1ST TO 2ND UNITS COST||
000002099|3|3 models| 80|
000002099|4|3 models| 80|
000002099|5|6 models| 165|
000002099|6|6 models| 165|
000002099|7|YOUR 3RD + UNIT COSTS||
000002099|8|YOUR 3RD + UNIT COSTS||
000002099|9|3 models| 90|
000002099|10|3 models| 90|
000002099|11|6 models| 175|
000002099|12|6 models| 175|
000002099|13|YOUR 1ST TO 2ND UNITS COST||
000002099|14|3 models| 80|
000002099|15|6 models| 165|
000002099|16|YOUR 3RD + UNIT COSTS||
000002099|17|3 models| 90|
000002099|18|6 models| 175|
000002100|1|YOUR UNIT COSTS||
000002100|2|1 model|80|
000002102|1|YOUR UNIT COSTS||
000002102|2|YOUR UNIT COSTS||
000002102|3|1 model|100|
000002102|4|1 model|100|
000002102|5|YOUR UNIT COSTS||
000002102|6|1 model|100|
000002103|1|YOUR UNIT COSTS||
000002103|2|YOUR UNIT COSTS||
000002103|3|5 models|165|
000002103|4|5 models|165|
000002103|5|YOUR UNIT COSTS||
000002103|6|5 models|165|
000002105|1|YOUR UNIT COSTS||
000002105|2|1 model|100|
000002108|1|YOUR UNIT COSTS||
000002108|2|1 model| 60|
000002109|1|YOUR 1ST TO 2ND UNITS COST||
000002109|2|1 model| 95|
000002109|3|YOUR 3RD + UNIT COSTS||
000002109|4|1 model| 105|
000002110|1|YOUR 1ST TO 2ND UNITS COST||
000002110|2|3 models|85|
000002110|3|6 models|170|
000002110|4|YOUR 3RD + UNIT COSTS||
000002110|5|3 models|95|
000002110|6|6 models|180|
000002111|1|YOUR UNIT COSTS||
000002111|2|2 models|60|
000002112|1|YOUR UNIT COSTS||
000002112|2|1 model| 75|
000002114|1|YOUR UNIT COSTS||
000002114|2|3 models|40|
000002114|3|6 models|80|
000002115|1|YOUR UNIT COSTS||
000002115|2|1 model|140|
000002116|1|YOUR 1ST TO 2ND UNITS COST||
000002116|2|1 model|50|
000002116|3|2 models|100|
000002116|4|3 models| 165|
000002116|5|YOUR 3RD + UNIT COSTS||
000002116|6|1 model|60|
000002116|7|2 models|110|
000002116|8|3 models| 175|
000002173|1|YOUR 1ST TO 2ND UNITS COST||
000002173|2|YOUR 1ST TO 2ND UNITS COST||
000002173|3|1 model| 260|
000002173|4|1 model| 260|
000002173|5|YOUR 3RD + UNIT COSTS||
000002173|6|YOUR 3RD + UNIT COSTS||
000002173|7|1 model| 280|
000002173|8|1 model| 280|
000002173|9|YOUR 1ST TO 2ND UNITS COST||
000002173|10|1 model| 260|
000002173|11|YOUR 3RD + UNIT COSTS||
000002173|12|1 model| 280|
000002202|1|YOUR UNIT COSTS||
000002202|2|YOUR UNIT COSTS||
000002202|3|5 models|120|
000002202|4|5 models|120|
000002202|5|10 models|200|
000002202|6|10 models|200|
000002202|7|YOUR UNIT COSTS||
000002202|8|5 models|120|
000002202|9|10 models|200|
000002234|1|YOUR UNIT COSTS||
000002234|2|YOUR UNIT COSTS||
000002234|3|1 model|55|
000002234|4|1 model|55|
000002234|5|YOUR UNIT COSTS||
000002234|6|1 model|55|
000002252|1|YOUR UNIT COSTS||
000002252|2|YOUR UNIT COSTS||
000002252|3|1 model|300|
000002252|4|1 model|300|
000002252|5|YOUR UNIT COSTS||
000002252|6|1 model|300|
000002255|1|YOUR UNIT COSTS||
000002255|2|YOUR UNIT COSTS||
000002255|3|5 models|100|
000002255|4|5 models|100|
000002255|5|10 models|200|
000002255|6|10 models|200|
000002255|7|YOUR UNIT COSTS||
000002255|8|5 models|100|
000002255|9|10 models|200|
000002258|1|YOUR UNIT COSTS||
000002258|2|YOUR UNIT COSTS||
000002258|3|1 model|140|
000002258|4|1 model|140|
000002258|5|YOUR UNIT COSTS||
000002258|6|1 model|140|
000002266|1|YOUR 1ST TO 2ND UNITS COST||
000002266|2|YOUR 1ST TO 2ND UNITS COST||
000002266|3|1 model|70|
000002266|4|1 model|70|
000002266|5|YOUR 3RD + UNIT COSTS||
000002266|6|YOUR 3RD + UNIT COSTS||
000002266|7|1 model|80|
000002266|8|1 model|80|
000002266|9|YOUR 1ST TO 2ND UNITS COST||
000002266|10|1 model|70|
000002266|11|YOUR 3RD + UNIT COSTS||
000002266|12|1 model|80|
000002267|1|YOUR UNIT COSTS||
000002267|2|YOUR UNIT COSTS||
000002267|3|1 model|95|
000002267|4|1 model|95|
000002267|5|YOUR UNIT COSTS||
000002267|6|1 model|95|
000002268|1|YOUR UNIT COSTS||
000002268|2|YOUR UNIT COSTS||
000002268|3|1 model|115|
000002268|4|1 model|115|
000002268|5|YOUR UNIT COSTS||
000002268|6|1 model|115|
000002269|1|YOUR UNIT COSTS||
000002269|2|YOUR UNIT COSTS||
000002269|3|1 model|160|
000002269|4|1 model|160|
000002269|5|YOUR UNIT COSTS||
000002269|6|1 model|160|
000002270|1|YOUR 1ST UNIT COSTS||
000002270|2|YOUR 1ST UNIT COSTS||
000002270|3|5 models|180|
000002270|4|5 models|180|
000002270|5|YOUR 2ND + UNIT COSTS||
000002270|6|YOUR 2ND + UNIT COSTS||
000002270|7|5 models|210|
000002270|8|5 models|210|
000002270|9|YOUR 1ST UNIT COSTS||
000002270|10|5 models|180|
000002270|11|YOUR 2ND + UNIT COSTS||
000002270|12|5 models|210|
000002285|1|YOUR 1ST TO 2ND UNITS COST||
000002285|2|5 models|80|
000002285|3|10 models|155|
000002285|4|YOUR 3RD + UNIT COSTS||
000002285|5|5 models|90|
000002285|6|10 models|165|
000002291|1|YOUR UNIT COSTS||
000002291|2|1 model| 105|
000002296|1|YOUR UNIT COSTS||
000002296|2|1 model|70|
000002302|1|YOUR UNIT COSTS||
000002302|2|5 models|200|
000002302|3|10 models|400|
000002350|1|YOUR UNIT COSTS||
000002350|2|1 model|50|
000002351|1|YOUR UNIT COSTS||
000002351|2|1 model| 80|
000002352|1|YOUR 1ST UNIT COSTS||
000002352|2|1 model|80|
000002352|3|YOUR 2ND + UNIT COSTS||
000002352|4|1 model|90|
000002353|1|YOUR UNIT COSTS||
000002353|2|1 model|55|
000002354|1|YOUR 1ST UNIT COSTS||
000002354|2|1 model| 70|
000002354|3|YOUR 2ND + UNIT COSTS||
000002354|4|1 model| 80|
000002355|1|YOUR UNIT COSTS||
000002355|2|1 model|75|
000002357|1|YOUR UNIT COSTS||
000002357|2|1 model|345|
000002358|1|YOUR 1ST TO 2ND UNITS COST||
000002358|2|3 models|80|
000002358|3|6 models| 150|
000002358|4|YOUR 3RD + UNIT COSTS||
000002358|5|3 models|90|
000002358|6|6 models| 160|
000002359|1|YOUR 1ST TO 2ND UNITS COST||
000002359|2|1 model|40|
000002359|3|2 models|55|
000002359|4|3 models|80|
000002359|5|6 models| 175|
000002359|6|YOUR 3RD + UNIT COSTS||
000002359|7|1 model| 70|
000002359|8|2 models| 85|
000002359|9|3 models| 110|
000002359|10|6 models| 205|
000002360|1|YOUR UNIT COSTS||
000002360|2|3 models| 420|
000002361|1|YOUR UNIT COSTS||
000002361|2|1 model|60|
000002361|3|2 models|120|
000002361|4|3 models|180|
000002362|1|YOUR UNIT COSTS||
000002362|2|1 model|180|
000002374|1|YOUR UNIT COSTS||
000002374|2|10 models|110|
000002375|1|YOUR UNIT COSTS||
000002375|2|5 models|45|
000002377|1|YOUR UNIT COSTS||
000002377|2|3 models|65|
000002378|1|YOUR UNIT COSTS||
000002378|2|1 model|35|
000002379|1|YOUR UNIT COSTS||
000002379|2|1 model|90|
000002459|1|YOUR UNIT COSTS||
000002459|2|2 models|105|
000002460|1|YOUR UNIT COSTS||
000002460|2|1 model|100|
000002461|1|YOUR 1ST TO 2ND UNITS COST||
000002461|2|1 model|145|
000002461|3|YOUR 3RD + UNIT COSTS||
000002461|4|1 model|155|
000002462|1|YOUR UNIT COSTS||
000002462|2|1 model|105|
000002468|1|YOUR UNIT COSTS||
000002468|2|1 model|80|
000002471|1|YOUR UNIT COSTS||
000002471|2|4 models|95|
000002472|1|YOUR UNIT COSTS||
000002472|2|1 model|50|
000002473|1|YOUR UNIT COSTS||
000002473|2|1 model|80|
000002477|1|YOUR UNIT COSTS||
000002477|2|1 model|45|
000002478|1|YOUR UNIT COSTS||
000002478|2|1 model|35|
000002479|1|YOUR UNIT COSTS||
000002479|2|1 model| 200|
000002480|1|YOUR UNIT COSTS||
000002480|2|2 models|80|
000002481|1|YOUR 1ST TO 2ND UNITS COST||
000002481|2|5 models|75|
000002481|3|10 models|150|
000002481|4|YOUR 3RD + UNIT COSTS||
000002481|5|5 models|85|
000002481|6|10 models|160|
000002482|1|YOUR UNIT COSTS||
000002482|2|1 model|45|
000002483|1|YOUR 1ST TO 2ND UNITS COST||
000002483|2|3 models|180|
000002483|3|YOUR 3RD + UNIT COSTS||
000002483|4|3 models|190|
000002483|5|WARGEAR OPTIONS||
000002483|6|per Multi-melta|10|
000002484|1|YOUR 1ST TO 2ND UNITS COST||
000002484|2|1 model|165|
000002484|3|YOUR 3RD + UNIT COSTS||
000002484|4|1 model|175|
000002485|1|YOUR UNIT COSTS||
000002485|2|6 models|95|
000002488|1|YOUR UNIT COSTS||
000002488|2|1 model|50|
000002489|1|YOUR UNIT COSTS||
000002489|2|1 model|85|
000002490|1|YOUR 1ST TO 2ND UNITS COST||
000002490|2|1 model|140|
000002490|3|YOUR 3RD + UNIT COSTS||
000002490|4|1 model|155|
000002491|1|YOUR 1ST TO 2ND UNITS COST||
000002491|2|1 model|60|
000002491|3|YOUR 3RD + UNIT COSTS||
000002491|4|1 model|70|
000002493|1|YOUR UNIT COSTS||
000002493|2|1 model|170|
000002494|1|YOUR 1ST TO 3RD UNITS COST||
000002494|2|10 models|85|
000002494|3|20 models|170|
000002494|4|YOUR 4TH + UNIT COSTS||
000002494|5|10 models|95|
000002494|6|20 models|180|
000002496|1|YOUR 1ST TO 2ND UNITS COST||
000002496|2|4 models|140|
000002496|3|8 models|280|
000002496|4|YOUR 3RD + UNIT COSTS||
000002496|5|4 models|160|
000002496|6|8 models|300|
000002497|1|YOUR 1ST TO 2ND UNITS COST||
000002497|2|1 model|175|
000002497|3|YOUR 3RD + UNIT COSTS||
000002497|4|1 model|185|
000002498|1|YOUR 1ST TO 2ND UNITS COST||
000002498|2|1 model|165|
000002498|3|YOUR 3RD + UNIT COSTS||
000002498|4|1 model|175|
000002499|1|YOUR UNIT COSTS||
000002499|2|1 model|135|
000002500|1|YOUR UNIT COSTS||
000002500|2|1 model| 100|
000002501|1|YOUR 1ST TO 2ND UNITS COST||
000002501|2|1 model| 140|
000002501|3|YOUR 3RD + UNIT COSTS||
000002501|4|1 model| 150|
000002507|1|YOUR UNIT COSTS||
000002507|2|10 models| 90|
000002509|1|<div class="dsHeaderAoI">AGENTS OF THE IMPERIUM Detachment</div>||
000002509|2|YOUR UNIT COSTS||
000002509|3|6 models|50|
000002509|4|<div class="dsHeaderAoI">Assigned Agent</div>||
000002509|5|YOUR UNIT COSTS||
000002509|6|6 models|70|
000002518|1|YOUR 1ST UNIT COSTS||
000002518|2|1 model|110|
000002518|3|YOUR 2ND + UNIT COSTS||
000002518|4|1 model|125|
000002519|1|YOUR UNIT COSTS||
000002519|2|1 model|110|
000002520|1|YOUR UNIT COSTS||
000002520|2|1 model|55|
000002521|1|YOUR UNIT COSTS||
000002521|2|4 models|45|
000002521|3|5 models|50|
000002521|4|9 models|75|
000002521|5|10 models|85|
000002522|1|YOUR UNIT COSTS||
000002522|2|4 models|50|
000002522|3|5 models|55|
000002522|4|9 models|90|
000002522|5|10 models|100|
000002523|1|YOUR UNIT COSTS||
000002523|2|4 models|50|
000002523|3|5 models|55|
000002523|4|9 models|90|
000002523|5|10 models|100|
000002524|1|YOUR 1ST TO 3RD UNITS COST||
000002524|2|1 model| 65|
000002524|3|YOUR 4TH + UNIT COSTS||
000002524|4|1 model|75|
000002525|1|YOUR 1ST TO 2ND UNITS COST||
000002525|2|1 model|70|
000002525|3|YOUR 3RD + UNIT COSTS||
000002525|4|1 model|80|
000002528|1|YOUR UNIT COSTS||
000002528|2|1 model|185|
000002529|1|YOUR UNIT COSTS||
000002529|2|1 model|70|
000002530|1|YOUR UNIT COSTS||
000002530|2|YOUR UNIT COSTS||
000002530|3|1 model|45|
000002530|4|1 model|45|
000002530|5|YOUR UNIT COSTS||
000002530|6|1 model|45|
000002531|1|YOUR UNIT COSTS||
000002531|2|5 models|65|
000002531|3|10 models|110|
000002532|1|YOUR UNIT COSTS||
000002532|2|5 models| 70|
000002532|3|10 models| 140|
000002533|1|YOUR UNIT COSTS||
000002533|2|3 models| 90|
000002533|3|6 models|175|
000002534|1|YOUR UNIT COSTS||
000002534|2|1 model|75|
000002535|1|YOUR UNIT COSTS||
000002535|2|1 model| 50|
000002536|1|YOUR UNIT COSTS||
000002536|2|5 models|85|
000002536|3|6 models|100|
000002536|4|11 models|190|
000002536|5|12 models|205|
000002537|1|YOUR UNIT COSTS||
000002537|2|1 model| 70|
000002538|1|YOUR UNIT COSTS||
000002538|2|1 model|115|
000002539|1|YOUR UNIT COSTS||
000002539|2|2 models| 95|
000002539|3|4 models| 190|
000002540|1|YOUR UNIT COSTS||
000002540|2|1 model|115|
000002541|1|YOUR 1ST TO 3RD UNITS COST||
000002541|2|1 model| 70|
000002541|3|YOUR 4TH + UNIT COSTS||
000002541|4|1 model|80|
000002542|1|YOUR UNIT COSTS||
000002542|2|1 model|100|
000002543|1|YOUR UNIT COSTS||
000002543|2|1 model| 80|
000002544|1|YOUR UNIT COSTS||
000002544|2|1 model|245|
000002562|1|YOUR UNIT COSTS||
000002562|2|1 model|130|
000002563|1|YOUR UNIT COSTS||
000002563|2|1 model| 135|
000002564|1|YOUR UNIT COSTS||
000002564|2|1 model| 145|
000002565|1|YOUR UNIT COSTS||
000002565|2|1 model| 135|
000002566|1|YOUR UNIT COSTS||
000002566|2|1 model| 135|
000002567|1|YOUR 1ST TO 2ND UNITS COST||
000002567|2|1 model|355|
000002567|3|YOUR 3RD + UNIT COSTS||
000002567|4|1 model|370|
000002568|1|YOUR 1ST TO 3RD UNITS COST||
000002568|2|YOUR 1ST TO 3RD UNITS COST||
000002568|3|1 model|70|
000002568|4|1 model|70|
000002568|5|YOUR 4TH + UNIT COSTS||
000002568|6|YOUR 4TH + UNIT COSTS||
000002568|7|1 model|80|
000002568|8|1 model|80|
000002568|9|YOUR 1ST TO 3RD UNITS COST||
000002568|10|1 model|70|
000002568|11|YOUR 4TH + UNIT COSTS||
000002568|12|1 model|80|
000002569|1|YOUR 1ST TO 2ND UNITS COST||
000002569|2|5 models|90|
000002569|3|YOUR 3RD + UNIT COSTS||
000002569|4|5 models|100|
000002570|1|YOUR UNIT COSTS||
000002570|2|5 models|90|
000002570|3|10 models|170|
000002571|1|YOUR 1ST TO 2ND UNITS COST||
000002571|2|8 models|90|
000002571|3|16 models|195|
000002571|4|YOUR 3RD + UNIT COSTS||
000002571|5|8 models|110|
000002571|6|16 models|215|
000002572|1|YOUR 1ST TO 2ND UNITS COST||
000002572|2|1 model| 145|
000002572|3|YOUR 3RD + UNIT COSTS||
000002572|4|1 model| 155|
000002582|1|YOUR 1ST TO 2ND UNITS COST||
000002582|2|1 model|320|
000002582|3|YOUR 3RD + UNIT COSTS||
000002582|4|1 model|335|
000002583|1|YOUR UNIT COSTS||
000002583|2|10 models|125|
000002584|1|YOUR UNIT COSTS||
000002584|2|10 models|150|
000002587|1|YOUR UNIT COSTS||
000002587|2|10 models|90|
000002588|1|YOUR 1ST TO 2ND UNITS COST||
000002588|2|12 models|75|
000002588|3|YOUR 3RD + UNIT COSTS||
000002588|4|12 models|85|
000002589|1|YOUR UNIT COSTS||
000002589|2|2 models|70|
000002590|1|YOUR UNIT COSTS||
000002590|2|10 models|70|
000002591|1|YOUR UNIT COSTS||
000002591|2|16 models|85|
000002592|1|YOUR UNIT COSTS||
000002592|2|7 models|125|
000002593|1|YOUR UNIT COSTS||
000002593|2|1 model|90|
000002594|1|YOUR UNIT COSTS||
000002594|2|1 model|65|
000002595|1|YOUR UNIT COSTS||
000002595|2|1 model|65|
000002596|1|YOUR UNIT COSTS||
000002596|2|3 models|65|
000002597|1|YOUR UNIT COSTS||
000002597|2|5 models| 70|
000002598|1|YOUR UNIT COSTS||
000002598|2|10 models| 90|
000002599|1|YOUR 1ST TO 2ND UNITS COST||
000002599|2|5 models|130|
000002599|3|10 models|270|
000002599|4|YOUR 3RD + UNIT COSTS||
000002599|5|5 models|140|
000002599|6|10 models|280|
000002600|1|YOUR UNIT COSTS||
000002600|2|5 models| 95|
000002600|3|10 models| 190|
000002601|1|YOUR 1ST TO 2ND UNITS COST||
000002601|2|3 models|80|
000002601|3|6 models|160|
000002601|4|YOUR 3RD + UNIT COSTS||
000002601|5|3 models|90|
000002601|6|6 models|170|
000002602|1|YOUR 1ST TO 3RD UNITS COST||
000002602|2|1 model|85|
000002602|3|YOUR 4TH + UNIT COSTS||
000002602|4|1 model|95|
000002603|1|YOUR 1ST TO 2ND UNITS COST||
000002603|2|3 models|80|
000002603|3|6 models| 170|
000002603|4|YOUR 3RD + UNIT COSTS||
000002603|5|3 models|90|
000002603|6|6 models| 180|
000002604|1|YOUR 1ST UNIT COSTS||
000002604|2|1 model|250|
000002604|3|YOUR 2ND + UNIT COSTS||
000002604|4|1 model|265|
000002605|1|YOUR UNIT COSTS||
000002605|2|1 model|130|
000002606|1|YOUR UNIT COSTS||
000002606|2|1 model|85|
000002607|1|YOUR UNIT COSTS||
000002607|2|1 model|55|
000002609|1|YOUR UNIT COSTS||
000002609|2|5 models| 60|
000002610|1|YOUR UNIT COSTS||
000002610|2|3 models|40|
000002612|1|YOUR UNIT COSTS||
000002612|2|10 models| 70|
000002612|3|20 models|145|
000002613|1|YOUR UNIT COSTS||
000002613|2|10 models| 70|
000002613|3|20 models| 135|
000002614|1|YOUR UNIT COSTS||
000002614|2|10 models| 70|
000002614|3|20 models| 135|
000002615|1|YOUR 1ST TO 2ND UNITS COST||
000002615|2|10 models| 105|
000002615|3|YOUR 3RD + UNIT COSTS||
000002615|4|10 models| 120|
000002616|1|YOUR 1ST TO 2ND UNITS COST||
000002616|2|5 models|60|
000002616|3|10 models|120|
000002616|4|YOUR 3RD + UNIT COSTS||
000002616|5|5 models|65|
000002616|6|10 models|125|
000002617|1|YOUR 1ST UNIT COSTS||
000002617|2|1 model|260|
000002617|3|YOUR 2ND + UNIT COSTS||
000002617|4|1 model|275|
000002619|1|YOUR UNIT COSTS||
000002619|2|1 model|145|
000002621|1|YOUR UNIT COSTS||
000002621|2|1 model| 330|
000002622|1|YOUR UNIT COSTS||
000002622|2|1 model|115|
000002623|1|YOUR UNIT COSTS||
000002623|2|1 model| 100|
000002624|1|YOUR UNIT COSTS||
000002624|2|1 model|200|
000002625|1|YOUR UNIT COSTS||
000002625|2|1 model| 95|
000002626|1|YOUR UNIT COSTS||
000002626|2|1 model|60|
000002627|1|YOUR UNIT COSTS||
000002627|2|10 models| 160|
000002627|3|20 models| 320|
000002628|1|YOUR UNIT COSTS||
000002628|2|10 models|65|
000002628|3|20 models|130|
000002629|1|YOUR 1ST TO 2ND UNITS COST||
000002629|2|5 models| 165|
000002629|3|10 models| 330|
000002629|4|YOUR 3RD + UNIT COSTS||
000002629|5|5 models| 175|
000002629|6|10 models| 340|
000002630|1|YOUR 1ST TO 2ND UNITS COST||
000002630|2|3 models| 125|
000002630|3|6 models| 255|
000002630|4|YOUR 3RD + UNIT COSTS||
000002630|5|3 models| 140|
000002630|6|6 models| 270|
000002631|1|YOUR 1ST TO 2ND UNITS COST||
000002631|2|3 models| 130|
000002631|3|6 models| 265|
000002631|4|YOUR 3RD + UNIT COSTS||
000002631|5|3 models| 145|
000002631|6|6 models| 280|
000002632|1|YOUR UNIT COSTS||
000002632|2|1 model|120|
000002633|1|YOUR UNIT COSTS||
000002633|2|2 models|95|
000002634|1|YOUR 1ST TO 2ND UNITS COST||
000002634|2|1 model|220|
000002634|3|YOUR 3RD + UNIT COSTS||
000002634|4|1 model|240|
000002636|1|YOUR 1ST TO 2ND UNITS COST||
000002636|2|1 model| 130|
000002636|3|YOUR 3RD + UNIT COSTS||
000002636|4|1 model| 140|
000002637|1|YOUR 1ST TO 2ND UNITS COST||
000002637|2|1 model| 130|
000002637|3|YOUR 3RD + UNIT COSTS||
000002637|4|1 model| 140|
000002638|1|YOUR 1ST TO 2ND UNITS COST||
000002638|2|1 model| 140|
000002638|3|YOUR 3RD + UNIT COSTS||
000002638|4|1 model| 155|
000002638|5|WARGEAR OPTIONS||
000002638|6|per Ectoplasma cannon|5|
000002639|1|YOUR 1ST TO 2ND UNITS COST||
000002639|2|1 model| 140|
000002639|3|YOUR 3RD + UNIT COSTS||
000002639|4|1 model| 150|
000002640|1|YOUR 1ST TO 3RD UNITS COST||
000002640|2|1 model| 75|
000002640|3|YOUR 4TH + UNIT COSTS||
000002640|4|1 model|85|
000002641|1|YOUR UNIT COSTS||
000002641|2|1 model|175|
000002642|1|YOUR 1ST UNIT COSTS||
000002642|2|1 model|505|
000002642|3|YOUR 2ND + UNIT COSTS||
000002642|4|1 model|535|
000002677|1|YOUR UNIT COSTS||
000002677|2|YOUR UNIT COSTS||
000002677|3|1 model|65|
000002677|4|1 model|65|
000002677|5|YOUR UNIT COSTS||
000002677|6|1 model|65|
000002678|1|YOUR UNIT COSTS||
000002678|2|1 model|80|
000002679|1|YOUR UNIT COSTS||
000002679|2|1 model| 220|
000002682|1|YOUR UNIT COSTS||
000002682|2|1 model| 265|
000002683|1|YOUR UNIT COSTS||
000002683|2|11 models|85|
000002684|1|<div class="dsHeaderAoI">AGENTS OF THE IMPERIUM Detachment</div>||
000002684|2|YOUR UNIT COSTS||
000002684|3|11 models|85|
000002684|4|<div class="dsHeaderAoI">Assigned Agent</div>||
000002684|5|YOUR UNIT COSTS||
000002684|6|11 models|100|
000002685|1|<div class="dsHeaderAoI">AGENTS OF THE IMPERIUM Detachment</div>||
000002685|2|YOUR UNIT COSTS||
000002685|3|11 models|90|
000002685|4|<div class="dsHeaderAoI">Assigned Agent</div>||
000002685|5|YOUR UNIT COSTS||
000002685|6|11 models|85|
000002686|1|YOUR UNIT COSTS||
000002686|2|5 models|55|
000002686|3|10 models|110|
000002687|1|YOUR UNIT COSTS||
000002687|2|11 models|45|
000002687|3|22 models|90|
000002688|1|YOUR UNIT COSTS||
000002688|2|1 model| 130|
000002689|1|YOUR UNIT COSTS||
000002689|2|1 model|110|
000002690|1|YOUR 1ST TO 2ND UNITS COST||
000002690|2|1 model|125|
000002690|3|YOUR 3RD + UNIT COSTS||
000002690|4|1 model|135|
000002691|1|YOUR UNIT COSTS||
000002691|2|3 models|75|
000002691|3|6 models|150|
000002692|1|YOUR UNIT COSTS||
000002692|2|3 models|60|
000002692|3|6 models|120|
000002693|1|YOUR UNIT COSTS||
000002693|2|3 models| 55|
000002693|3|6 models| 105|
000002694|1|YOUR UNIT COSTS||
000002694|2|1 model|65|
000002700|1|YOUR 1ST UNIT COSTS||
000002700|2|YOUR 1ST UNIT COSTS||
000002700|3|1 model|525|
000002700|4|1 model|525|
000002700|5|YOUR 2ND + UNIT COSTS||
000002700|6|YOUR 2ND + UNIT COSTS||
000002700|7|1 model|575|
000002700|8|1 model|575|
000002700|9|YOUR 1ST UNIT COSTS||
000002700|10|1 model|525|
000002700|11|YOUR 2ND + UNIT COSTS||
000002700|12|1 model|575|
000002701|1|YOUR UNIT COSTS||
000002701|2|YOUR UNIT COSTS||
000002701|3|1 model|70|
000002701|4|1 model|70|
000002701|5|YOUR UNIT COSTS||
000002701|6|1 model|70|
000002702|1|YOUR UNIT COSTS||
000002702|2|YOUR UNIT COSTS||
000002702|3|1 model|95|
000002702|4|1 model|95|
000002702|5|YOUR UNIT COSTS||
000002702|6|1 model|95|
000002703|1|YOUR UNIT COSTS||
000002703|2|YOUR UNIT COSTS||
000002703|3|3 models|150|
000002703|4|3 models|150|
000002703|5|6 models|300|
000002703|6|6 models|300|
000002703|7|YOUR UNIT COSTS||
000002703|8|3 models|150|
000002703|9|6 models|300|
000002704|1|YOUR UNIT COSTS||
000002704|2|YOUR UNIT COSTS||
000002704|3|1 model|480|
000002704|4|1 model|480|
000002704|5|YOUR UNIT COSTS||
000002704|6|1 model|480|
000002705|1|YOUR 1ST TO 2ND UNITS COST||
000002705|2|YOUR 1ST TO 2ND UNITS COST||
000002705|3|1 model|160|
000002705|4|1 model|160|
000002705|5|YOUR 3RD + UNIT COSTS||
000002705|6|YOUR 3RD + UNIT COSTS||
000002705|7|1 model|170|
000002705|8|1 model|170|
000002705|9|YOUR 1ST TO 2ND UNITS COST||
000002705|10|1 model|160|
000002705|11|YOUR 3RD + UNIT COSTS||
000002705|12|1 model|170|
000002706|1|YOUR UNIT COSTS||
000002706|2|YOUR UNIT COSTS||
000002706|3|1 model|150|
000002706|4|1 model|150|
000002706|5|YOUR UNIT COSTS||
000002706|6|1 model|150|
000002707|1|YOUR UNIT COSTS||
000002707|2|YOUR UNIT COSTS||
000002707|3|1 model|55|
000002707|4|1 model|55|
000002707|5|YOUR UNIT COSTS||
000002707|6|1 model|55|
000002708|1|YOUR UNIT COSTS||
000002708|2|1 model|100|
000002709|1|YOUR UNIT COSTS||
000002709|2|1 model|55|
000002710|1|YOUR UNIT COSTS||
000002710|2|YOUR UNIT COSTS||
000002710|3|1 model|220|
000002710|4|1 model|220|
000002710|5|YOUR UNIT COSTS||
000002710|6|1 model|220|
000002711|1|YOUR UNIT COSTS||
000002711|2|YOUR UNIT COSTS||
000002711|3|1 model|105|
000002711|4|1 model|105|
000002711|5|YOUR UNIT COSTS||
000002711|6|1 model|105|
000002712|1|YOUR UNIT COSTS||
000002712|2|YOUR UNIT COSTS||
000002712|3|3 models|70|
000002712|4|3 models|70|
000002712|5|6 models|140|
000002712|6|6 models|140|
000002712|7|+ <!-- -->1 Invader ATV|60|
000002712|8|+ <!-- -->1 Invader ATV|60|
000002712|9|YOUR UNIT COSTS||
000002712|10|3 models|75|
000002712|11|6 models|140|
000002712|12|+ <!-- -->1 Invader ATV|60|
000002712|13|YOUR UNIT COSTS||
000002712|14|3 models|70|
000002712|15|6 models|140|
000002712|16|+ <!-- -->1 Invader ATV|60|
000002713|1|YOUR UNIT COSTS||
000002713|2|1 model|80|
000002714|1|YOUR 1ST TO 2ND UNITS COST||
000002714|2|YOUR 1ST TO 2ND UNITS COST||
000002714|3|1 model|135|
000002714|4|1 model|135|
000002714|5|YOUR 3RD + UNIT COSTS||
000002714|6|YOUR 3RD + UNIT COSTS||
000002714|7|1 model|145|
000002714|8|1 model|145|
000002714|9|YOUR 1ST TO 2ND UNITS COST||
000002714|10|1 model|135|
000002714|11|YOUR 3RD + UNIT COSTS||
000002714|12|1 model|145|
000002715|1|YOUR 1ST TO 2ND UNITS COST||
000002715|2|YOUR 1ST TO 2ND UNITS COST||
000002715|3|1 model|140|
000002715|4|1 model|140|
000002715|5|YOUR 3RD + UNIT COSTS||
000002715|6|YOUR 3RD + UNIT COSTS||
000002715|7|1 model|150|
000002715|8|1 model|150|
000002715|9|YOUR 1ST TO 2ND UNITS COST||
000002715|10|1 model|140|
000002715|11|YOUR 3RD + UNIT COSTS||
000002715|12|1 model|150|
000002717|1|YOUR 1ST TO 2ND UNITS COST||
000002717|2|YOUR 1ST TO 2ND UNITS COST||
000002717|3|1 model|195|
000002717|4|1 model|195|
000002717|5|YOUR 3RD + UNIT COSTS||
000002717|6|YOUR 3RD + UNIT COSTS||
000002717|7|1 model|210|
000002717|8|1 model|210|
000002717|9|WARGEAR OPTIONS||
000002717|10|WARGEAR OPTIONS||
000002717|11|per Macro plasma incinerator|10|
000002717|12|per Macro plasma incinerator|10|
000002717|13|YOUR 1ST TO 2ND UNITS COST||
000002717|14|1 model|195|
000002717|15|YOUR 3RD + UNIT COSTS||
000002717|16|1 model|210|
000002717|17|WARGEAR OPTIONS||
000002717|18|per Macro plasma incinerator|10|
000002718|1|YOUR UNIT COSTS||
000002718|2|YOUR UNIT COSTS||
000002718|3|5 models|75|
000002718|4|5 models|75|
000002718|5|10 models|150|
000002718|6|10 models|150|
000002718|7|YOUR UNIT COSTS||
000002718|8|5 models|75|
000002718|9|10 models|150|
000002719|1|YOUR UNIT COSTS||
000002719|2|YOUR UNIT COSTS||
000002719|3|1 model|140|
000002719|4|1 model|140|
000002719|5|YOUR UNIT COSTS||
000002719|6|1 model|140|
000002720|1|YOUR UNIT COSTS||
000002720|2|YOUR UNIT COSTS||
000002720|3|1 model|105|
000002720|4|1 model|105|
000002720|5|YOUR UNIT COSTS||
000002720|6|1 model|105|
000002721|1|YOUR 1ST TO 2ND UNITS COST||
000002721|2|YOUR 1ST TO 2ND UNITS COST||
000002721|3|1 model|170|
000002721|4|1 model|170|
000002721|5|YOUR 3RD + UNIT COSTS||
000002721|6|YOUR 3RD + UNIT COSTS||
000002721|7|1 model|190|
000002721|8|1 model|190|
000002721|9|YOUR 1ST TO 2ND UNITS COST||
000002721|10|1 model|170|
000002721|11|YOUR 3RD + UNIT COSTS||
000002721|12|1 model|190|
000002722|1|YOUR 1ST TO 2ND UNITS COST||
000002722|2|YOUR 1ST TO 2ND UNITS COST||
000002722|3|1 model|255|
000002722|4|1 model|255|
000002722|5|YOUR 3RD + UNIT COSTS||
000002722|6|YOUR 3RD + UNIT COSTS||
000002722|7|1 model|275|
000002722|8|1 model|275|
000002722|9|WARGEAR OPTIONS||
000002722|10|WARGEAR OPTIONS||
000002722|11|per Heavy laser destroyer|10|
000002722|12|per Heavy laser destroyer|10|
000002722|13|YOUR 1ST TO 2ND UNITS COST||
000002722|14|1 model|230|
000002722|15|YOUR 3RD + UNIT COSTS||
000002722|16|1 model|250|
000002722|17|WARGEAR OPTIONS||
000002722|18|per Heavy laser destroyer|10|
000002722|19|YOUR 1ST TO 2ND UNITS COST||
000002722|20|1 model|230|
000002722|21|YOUR 3RD + UNIT COSTS||
000002722|22|1 model|250|
000002722|23|WARGEAR OPTIONS||
000002722|24|per Heavy laser destroyer|10|
000002722|25|YOUR 1ST TO 2ND UNITS COST||
000002722|26|1 model|230|
000002722|27|YOUR 3RD + UNIT COSTS||
000002722|28|1 model|250|
000002722|29|WARGEAR OPTIONS||
000002722|30|per Heavy laser destroyer|10|
000002722|31|YOUR 1ST TO 2ND UNITS COST||
000002722|32|1 model|230|
000002722|33|YOUR 3RD + UNIT COSTS||
000002722|34|1 model|250|
000002722|35|WARGEAR OPTIONS||
000002722|36|per Heavy laser destroyer|10|
000002722|37|YOUR 1ST TO 2ND UNITS COST||
000002722|38|1 model|255|
000002722|39|YOUR 3RD + UNIT COSTS||
000002722|40|1 model|275|
000002722|41|WARGEAR OPTIONS||
000002722|42|per Heavy laser destroyer|10|
000002723|1|YOUR 1ST TO 3RD UNITS COST||
000002723|2|YOUR 1ST TO 3RD UNITS COST||
000002723|3|1 model|65|
000002723|4|1 model|65|
000002723|5|YOUR 4TH + UNIT COSTS||
000002723|6|YOUR 4TH + UNIT COSTS||
000002723|7|1 model|75|
000002723|8|1 model|75|
000002723|9|YOUR 1ST TO 3RD UNITS COST||
000002723|10|1 model|65|
000002723|11|YOUR 4TH + UNIT COSTS||
000002723|12|1 model|75|
000002724|1|YOUR UNIT COSTS||
000002724|2|YOUR UNIT COSTS||
000002724|3|1 model|495|
000002724|4|1 model|495|
000002724|5|YOUR UNIT COSTS||
000002724|6|1 model|495|
000002725|1|YOUR UNIT COSTS||
000002725|2|5 models|85|
000002726|1|YOUR UNIT COSTS||
000002726|2|1 model| 95|
000002727|1|YOUR 1ST UNIT COSTS||
000002727|2|YOUR 1ST UNIT COSTS||
000002727|3|1 model|175|
000002727|4|1 model|175|
000002727|5|YOUR 2ND + UNIT COSTS||
000002727|6|YOUR 2ND + UNIT COSTS||
000002727|7|1 model|195|
000002727|8|1 model|195|
000002727|9|YOUR 1ST UNIT COSTS||
000002727|10|1 model|175|
000002727|11|YOUR 2ND + UNIT COSTS||
000002727|12|1 model|195|
000002728|1|YOUR UNIT COSTS||
000002728|2|YOUR UNIT COSTS||
000002728|3|1 model|115|
000002728|4|1 model|115|
000002728|5|YOUR UNIT COSTS||
000002728|6|1 model|115|
000002729|1|YOUR UNIT COSTS||
000002729|2|YOUR UNIT COSTS||
000002729|3|1 model|115|
000002729|4|1 model|115|
000002729|5|YOUR UNIT COSTS||
000002729|6|1 model|115|
000002730|1|YOUR UNIT COSTS||
000002730|2|1 model|180|
000002731|1|YOUR UNIT COSTS||
000002731|2|1 model|65|
000002732|1|YOUR UNIT COSTS||
000002732|2|3 models|75|
000002733|1|YOUR UNIT COSTS||
000002733|2|4 models|40|
000002733|3|7 models|70|
000002734|1|YOUR UNIT COSTS||
000002734|2|3 models|95|
000002735|1|YOUR UNIT COSTS||
000002735|2|3 models|95|
000002737|1|YOUR 1ST TO 2ND UNITS COST||
000002737|2|5 models| 115|
000002737|3|10 models|230|
000002737|4|YOUR 3RD + UNIT COSTS||
000002737|5|5 models| 130|
000002737|6|10 models|245|
000002738|1|YOUR UNIT COSTS||
000002738|2|1 model|100|
000002739|1|YOUR UNIT COSTS||
000002739|2|1 model|110|
000002740|1|YOUR UNIT COSTS||
000002740|2|1 model|85|
000002741|1|YOUR 1ST TO 2ND UNITS COST||
000002741|2|1 model| 145|
000002741|3|YOUR 3RD + UNIT COSTS||
000002741|4|1 model| 160|
000002741|5|WARGEAR OPTIONS||
000002741|6|per Multi-melta|5|
000002741|7|per Lascannon|5|
000002741|8|per Plasma cannon|5|
000002742|1|YOUR 1ST TO 2ND UNITS COST||
000002742|2|1 model| 145|
000002742|3|YOUR 3RD + UNIT COSTS||
000002742|4|1 model| 160|
000002742|5|WARGEAR OPTIONS||
000002742|6|per Multi-melta|5|
000002742|7|per Lascannon|5|
000002742|8|per Plasma cannon|5|
000002743|1|YOUR 1ST TO 2ND UNITS COST||
000002743|2|1 model| 160|
000002743|3|YOUR 3RD + UNIT COSTS||
000002743|4|1 model| 175|
000002743|5|WARGEAR OPTIONS||
000002743|6|per Multi-melta|5|
000002743|7|per Lascannon|5|
000002743|8|per Plasma cannon|5|
000002744|1|YOUR 1ST TO 2ND UNITS COST||
000002744|2|1 model| 130|
000002744|3|YOUR 3RD + UNIT COSTS||
000002744|4|1 model| 145|
000002744|5|WARGEAR OPTIONS||
000002744|6|per Multi-melta|5|
000002744|7|per Lascannon|5|
000002744|8|per Plasma cannon|5|
000002745|1|YOUR 1ST TO 2ND UNITS COST||
000002745|2|1 model| 130|
000002745|3|YOUR 3RD + UNIT COSTS||
000002745|4|1 model| 145|
000002745|5|WARGEAR OPTIONS||
000002745|6|per Multi-melta|5|
000002745|7|per Lascannon|5|
000002745|8|per Plasma cannon|5|
000002746|1|YOUR 1ST TO 2ND UNITS COST||
000002746|2|5 models|75|
000002746|3|10 models| 150|
000002746|4|YOUR 3RD + UNIT COSTS||
000002746|5|5 models|85|
000002746|6|10 models| 160|
000002748|1|YOUR 1ST TO 2ND UNITS COST||
000002748|2|3 models| 105|
000002748|3|YOUR 3RD + UNIT COSTS||
000002748|4|3 models| 115|
000002749|1|YOUR UNIT COSTS||
000002749|2|1 model|170|
000002750|1|YOUR UNIT COSTS||
000002750|2|1 model|45|
000002751|1|YOUR 1ST UNIT COSTS||
000002751|2|1 model|250|
000002751|3|YOUR 2ND + UNIT COSTS||
000002751|4|1 model|270|
000002752|1|YOUR 1ST UNIT COSTS||
000002752|2|1 model|250|
000002752|3|YOUR 2ND + UNIT COSTS||
000002752|4|1 model|270|
000002753|1|YOUR 1ST TO 2ND UNITS COST||
000002753|2|1 model|80|
000002753|3|YOUR 3RD + UNIT COSTS||
000002753|4|1 model|90|
000002755|1|YOUR UNIT COSTS||
000002755|2|1 model|90|
000002757|1|YOUR UNIT COSTS||
000002757|2|1 model|170|
000002758|1|YOUR UNIT COSTS||
000002758|2|1 model|190|
000002759|1|YOUR UNIT COSTS||
000002759|2|1 model| 70|
000002760|1|YOUR UNIT COSTS||
000002760|2|1 model|70|
000002761|1|YOUR UNIT COSTS||
000002761|2|5 models|90|
000002761|3|10 models|180|
000002762|1|<div class="dsHeaderAoI">AGENTS OF THE IMPERIUM Detachment</div>||
000002762|2|YOUR UNIT COSTS||
000002762|3|4 models|75|
000002762|4|<div class="dsHeaderAoI">Assigned Agent</div>||
000002762|5|YOUR UNIT COSTS||
000002762|6|4 models|105|
000002763|1|YOUR UNIT COSTS||
000002763|2|1 model|40|
000002764|1|YOUR UNIT COSTS||
000002764|2|1 model|40|
000002765|1|<div class="dsHeaderAoI">AGENTS OF THE IMPERIUM Detachment</div>||
000002765|2|YOUR UNIT COSTS||
000002765|3|1 model|60|
000002765|4|<div class="dsHeaderAoI">Assigned Agent</div>||
000002765|5|YOUR UNIT COSTS||
000002765|6|1 model|75|
000002766|1|YOUR UNIT COSTS||
000002766|2|1 model|55|
000002767|1|<div class="dsHeaderAoI">AGENTS OF THE IMPERIUM Detachment</div>||
000002767|2|YOUR UNIT COSTS||
000002767|3|6 models|50|
000002767|4|12 models|100|
000002767|5|<div class="dsHeaderAoI">Assigned Agent</div>||
000002767|6|YOUR UNIT COSTS||
000002767|7|6 models|60|
000002767|8|12 models|120|
000002768|1|YOUR UNIT COSTS||
000002768|2|1 model|95|
000002769|1|YOUR 1ST TO 2ND UNITS COST||
000002769|2|1 model|150|
000002769|3|YOUR 3RD + UNIT COSTS||
000002769|4|1 model|160|
000002771|1|YOUR UNIT COSTS||
000002771|2|2 models|85|
000002772|1|YOUR UNIT COSTS||
000002772|2|YOUR UNIT COSTS||
000002772|3|4 models|105|
000002772|4|4 models|105|
000002772|5|YOUR UNIT COSTS||
000002772|6|4 models|105|
000002773|1|YOUR UNIT COSTS||
000002773|2|YOUR UNIT COSTS||
000002773|3|1 model|40|
000002773|4|1 model|40|
000002773|5|YOUR UNIT COSTS||
000002773|6|1 model|40|
000002775|1|YOUR UNIT COSTS||
000002775|2|YOUR UNIT COSTS||
000002775|3|1 model|40|
000002775|4|1 model|40|
000002775|5|YOUR UNIT COSTS||
000002775|6|1 model|40|
000002776|1|YOUR 1ST TO 2ND UNITS COST||
000002776|2|YOUR 1ST TO 2ND UNITS COST||
000002776|3|5 models|85|
000002776|4|5 models|85|
000002776|5|10 models|160|
000002776|6|10 models|160|
000002776|7|YOUR 3RD + UNIT COSTS||
000002776|8|YOUR 3RD + UNIT COSTS||
000002776|9|5 models|95|
000002776|10|5 models|95|
000002776|11|10 models|170|
000002776|12|10 models|170|
000002776|13|YOUR 1ST TO 2ND UNITS COST||
000002776|14|5 models|95|
000002776|15|10 models|180|
000002776|16|YOUR 3RD + UNIT COSTS||
000002776|17|5 models|105|
000002776|18|10 models|190|
000002776|19|YOUR 1ST TO 2ND UNITS COST||
000002776|20|5 models|85|
000002776|21|10 models|160|
000002776|22|YOUR 3RD + UNIT COSTS||
000002776|23|5 models|95|
000002776|24|10 models|170|
000002779|1|YOUR 1ST TO 2ND UNITS COST||
000002779|2|10 models|170|
000002779|3|YOUR 3RD + UNIT COSTS||
000002779|4|10 models|180|
000002780|1|YOUR 1ST TO 2ND UNITS COST||
000002780|2|10 models|195|
000002780|3|YOUR 3RD + UNIT COSTS||
000002780|4|10 models|210|
000002781|1|YOUR 1ST TO 2ND UNITS COST||
000002781|2|10 models|275|
000002781|3|YOUR 3RD + UNIT COSTS||
000002781|4|10 models|290|
000002783|1|YOUR UNIT COSTS||
000002783|2|5 models|100|
000002783|3|10 models|190|
000002786|1|YOUR 1ST TO 3RD UNITS COST||
000002786|2|1 model| 75|
000002786|3|YOUR 4TH + UNIT COSTS||
000002786|4|1 model|85|
000002787|1|YOUR 1ST TO 2ND UNITS COST||
000002787|2|1 model|160|
000002787|3|YOUR 3RD + UNIT COSTS||
000002787|4|1 model|170|
000002788|1|YOUR 1ST TO 2ND UNITS COST||
000002788|2|1 model|150|
000002788|3|YOUR 3RD + UNIT COSTS||
000002788|4|1 model|160|
000002789|1|YOUR 1ST TO 2ND UNITS COST||
000002789|2|1 model|160|
000002789|3|YOUR 3RD + UNIT COSTS||
000002789|4|1 model|170|
000002790|1|YOUR 1ST TO 2ND UNITS COST||
000002790|2|1 model| 255|
000002790|3|YOUR 3RD + UNIT COSTS||
000002790|4|1 model| 275|
000002790|5|WARGEAR OPTIONS||
000002790|6|per Heavy laser destroyer|10|
000002791|1|YOUR 1ST TO 2ND UNITS COST||
000002791|2|1 model|170|
000002791|3|YOUR 3RD + UNIT COSTS||
000002791|4|1 model|190|
000002792|1|YOUR UNIT COSTS||
000002792|2|4 models| 100|
000002793|1|YOUR UNIT COSTS||
000002793|2|1 model|70|
000002794|1|YOUR UNIT COSTS||
000002794|2|1 model| 110|
000002795|1|YOUR UNIT COSTS||
000002795|2|1 model| 90|
000002796|1|YOUR 1ST TO 2ND UNITS COST||
000002796|2|1 model|80|
000002796|3|YOUR 3RD + UNIT COSTS||
000002796|4|1 model|90|
000002798|1|YOUR 1ST TO 2ND UNITS COST||
000002798|2|4 models| 100|
000002798|3|5 models| 125|
000002798|4|9 models| 225|
000002798|5|10 models| 250|
000002798|6|YOUR 3RD + UNIT COSTS||
000002798|7|4 models|120|
000002798|8|5 models|145|
000002798|9|9 models| 245|
000002798|10|10 models| 270|
000002799|1|YOUR UNIT COSTS||
000002799|2|1 Sword Brother, 4 Neophytes, 5 Initiates|150|
000002799|3|1 Sword Brother, 8 Neophytes, 11 Initiates|290|
000002801|1|YOUR 1ST TO 2ND UNITS COST||
000002801|2|1 model|125|
000002801|3|YOUR 3RD + UNIT COSTS||
000002801|4|1 model|135|
000002802|1|YOUR UNIT COSTS||
000002802|2|1 model|35|
000002803|1|YOUR UNIT COSTS||
000002803|2|1 model|40|
000002804|1|YOUR UNIT COSTS||
000002804|2|1 model|30|
000002805|1|YOUR UNIT COSTS||
000002805|2|1 model|20|
000002806|1|YOUR UNIT COSTS||
000002806|2|5 models|95|
000002806|3|10 models|190|
000003582|1|YOUR UNIT COSTS||
000003582|2|10 models| 160|
000003582|3|20 models| 320|
000003583|1|YOUR 1ST TO 3RD UNITS COST||
000003583|2|5 models|100|
000003583|3|10 models|190|
000003583|4|YOUR 4TH + UNIT COSTS||
000003583|5|5 models|110|
000003583|6|10 models|200|
000003584|1|YOUR UNIT COSTS||
000003584|2|5 models|90|
000003584|3|7 models|125|
000003584|4|10 models| 180|
000003585|1|YOUR UNIT COSTS||
000003585|2|1 model|840|
000003586|1|YOUR UNIT COSTS||
000003586|2|1 model|150|
000003587|1|YOUR UNIT COSTS||
000003587|2|1 model|160|
000003588|1|YOUR UNIT COSTS||
000003588|2|1 model|840|
000003589|1|YOUR UNIT COSTS||
000003589|2|1 model|500|
000003590|1|YOUR UNIT COSTS||
000003590|2|1 model|400|
000003591|1|YOUR UNIT COSTS||
000003591|2|1 model|840|
000003592|1|YOUR UNIT COSTS||
000003592|2|1 model|90|
000003593|1|YOUR UNIT COSTS||
000003593|2|7 models|125|
000003594|1|YOUR UNIT COSTS||
000003594|2|1 model|115|
000003595|1|YOUR UNIT COSTS||
000003595|2|1 model|140|
000003596|1|YOUR UNIT COSTS||
000003596|2|16 models|85|
000003597|1|YOUR UNIT COSTS||
000003597|2|1 model|100|
000003598|1|YOUR UNIT COSTS||
000003598|2|1 model|115|
000003599|1|YOUR UNIT COSTS||
000003599|2|1 model|140|
000003600|1|YOUR UNIT COSTS||
000003600|2|1 model|80|
000003601|1|YOUR UNIT COSTS||
000003601|2|1 model|115|
000003602|1|YOUR UNIT COSTS||
000003602|2|1 model|140|
000003603|1|YOUR UNIT COSTS||
000003603|2|YOUR UNIT COSTS||
000003603|3|1 model|200|
000003603|4|1 model|200|
000003603|5|YOUR UNIT COSTS||
000003603|6|1 model|200|
000003604|1|YOUR UNIT COSTS||
000003604|2|YOUR UNIT COSTS||
000003604|3|1 model|200|
000003604|4|1 model|200|
000003604|5|YOUR UNIT COSTS||
000003604|6|1 model|200|
000003605|1|YOUR UNIT COSTS||
000003605|2|YOUR UNIT COSTS||
000003605|3|1 model|200|
000003605|4|1 model|200|
000003605|5|YOUR UNIT COSTS||
000003605|6|1 model|200|
000003606|1|YOUR UNIT COSTS||
000003606|2|YOUR UNIT COSTS||
000003606|3|1 model|200|
000003606|4|1 model|200|
000003606|5|YOUR UNIT COSTS||
000003606|6|1 model|200|
000003607|1|YOUR UNIT COSTS||
000003607|2|YOUR UNIT COSTS||
000003607|3|1 model|230|
000003607|4|1 model|230|
000003607|5|YOUR UNIT COSTS||
000003607|6|1 model|230|
000003608|1|YOUR UNIT COSTS||
000003608|2|YOUR UNIT COSTS||
000003608|3|1 model|230|
000003608|4|1 model|230|
000003608|5|YOUR UNIT COSTS||
000003608|6|1 model|230|
000003609|1|YOUR UNIT COSTS||
000003609|2|YOUR UNIT COSTS||
000003609|3|1 model|230|
000003609|4|1 model|230|
000003609|5|YOUR UNIT COSTS||
000003609|6|1 model|230|
000003610|1|YOUR UNIT COSTS||
000003610|2|YOUR UNIT COSTS||
000003610|3|1 model|230|
000003610|4|1 model|230|
000003610|5|YOUR UNIT COSTS||
000003610|6|1 model|230|
000003611|1|YOUR UNIT COSTS||
000003611|2|YOUR UNIT COSTS||
000003611|3|1 model|220|
000003611|4|1 model|220|
000003611|5|YOUR UNIT COSTS||
000003611|6|1 model|220|
000003612|1|YOUR UNIT COSTS||
000003612|2|YOUR UNIT COSTS||
000003612|3|1 model|220|
000003612|4|1 model|220|
000003612|5|YOUR UNIT COSTS||
000003612|6|1 model|220|
000003613|1|YOUR UNIT COSTS||
000003613|2|YOUR UNIT COSTS||
000003613|3|1 model|220|
000003613|4|1 model|220|
000003613|5|YOUR UNIT COSTS||
000003613|6|1 model|220|
000003614|1|YOUR UNIT COSTS||
000003614|2|YOUR UNIT COSTS||
000003614|3|1 model|220|
000003614|4|1 model|220|
000003614|5|YOUR UNIT COSTS||
000003614|6|1 model|220|
000003615|1|YOUR UNIT COSTS||
000003615|2|YOUR UNIT COSTS||
000003615|3|1 model|290|
000003615|4|1 model|290|
000003615|5|YOUR UNIT COSTS||
000003615|6|1 model|290|
000003616|1|YOUR UNIT COSTS||
000003616|2|YOUR UNIT COSTS||
000003616|3|1 model|290|
000003616|4|1 model|290|
000003616|5|YOUR UNIT COSTS||
000003616|6|1 model|290|
000003617|1|YOUR UNIT COSTS||
000003617|2|YOUR UNIT COSTS||
000003617|3|1 model|290|
000003617|4|1 model|290|
000003617|5|YOUR UNIT COSTS||
000003617|6|1 model|290|
000003618|1|YOUR UNIT COSTS||
000003618|2|YOUR UNIT COSTS||
000003618|3|1 model|290|
000003618|4|1 model|290|
000003618|5|YOUR UNIT COSTS||
000003618|6|1 model|290|
000003619|1|YOUR UNIT COSTS||
000003619|2|YOUR UNIT COSTS||
000003619|3|1 model|300|
000003619|4|1 model|300|
000003619|5|YOUR UNIT COSTS||
000003619|6|1 model|300|
000003620|1|YOUR UNIT COSTS||
000003620|2|YOUR UNIT COSTS||
000003620|3|1 model|300|
000003620|4|1 model|300|
000003620|5|YOUR UNIT COSTS||
000003620|6|1 model|300|
000003621|1|YOUR UNIT COSTS||
000003621|2|YOUR UNIT COSTS||
000003621|3|1 model|300|
000003621|4|1 model|300|
000003621|5|YOUR UNIT COSTS||
000003621|6|1 model|300|
000003622|1|YOUR UNIT COSTS||
000003622|2|YOUR UNIT COSTS||
000003622|3|1 model|300|
000003622|4|1 model|300|
000003622|5|YOUR UNIT COSTS||
000003622|6|1 model|300|
000003623|1|YOUR UNIT COSTS||
000003623|2|YOUR UNIT COSTS||
000003623|3|1 model|160|
000003623|4|1 model|160|
000003623|5|YOUR UNIT COSTS||
000003623|6|1 model|160|
000003624|1|YOUR UNIT COSTS||
000003624|2|YOUR UNIT COSTS||
000003624|3|1 model|160|
000003624|4|1 model|160|
000003624|5|YOUR UNIT COSTS||
000003624|6|1 model|160|
000003625|1|YOUR UNIT COSTS||
000003625|2|YOUR UNIT COSTS||
000003625|3|1 model|160|
000003625|4|1 model|160|
000003625|5|YOUR UNIT COSTS||
000003625|6|1 model|160|
000003626|1|YOUR UNIT COSTS||
000003626|2|YOUR UNIT COSTS||
000003626|3|1 model|160|
000003626|4|1 model|160|
000003626|5|YOUR UNIT COSTS||
000003626|6|1 model|160|
000003627|1|YOUR UNIT COSTS||
000003627|2|YOUR UNIT COSTS||
000003627|3|1 model|270|
000003627|4|1 model|270|
000003627|5|YOUR UNIT COSTS||
000003627|6|1 model|270|
000003628|1|YOUR UNIT COSTS||
000003628|2|YOUR UNIT COSTS||
000003628|3|1 model|270|
000003628|4|1 model|270|
000003628|5|YOUR UNIT COSTS||
000003628|6|1 model|270|
000003629|1|YOUR UNIT COSTS||
000003629|2|YOUR UNIT COSTS||
000003629|3|1 model|270|
000003629|4|1 model|270|
000003629|5|YOUR UNIT COSTS||
000003629|6|1 model|270|
000003630|1|YOUR UNIT COSTS||
000003630|2|YOUR UNIT COSTS||
000003630|3|1 model|270|
000003630|4|1 model|270|
000003630|5|YOUR UNIT COSTS||
000003630|6|1 model|270|
000003631|1|YOUR UNIT COSTS||
000003631|2|YOUR UNIT COSTS||
000003631|3|1 model|240|
000003631|4|1 model|240|
000003631|5|YOUR UNIT COSTS||
000003631|6|1 model|240|
000003632|1|YOUR UNIT COSTS||
000003632|2|YOUR UNIT COSTS||
000003632|3|1 model|240|
000003632|4|1 model|240|
000003632|5|YOUR UNIT COSTS||
000003632|6|1 model|240|
000003633|1|YOUR UNIT COSTS||
000003633|2|YOUR UNIT COSTS||
000003633|3|1 model|240|
000003633|4|1 model|240|
000003633|5|YOUR UNIT COSTS||
000003633|6|1 model|240|
000003634|1|YOUR UNIT COSTS||
000003634|2|YOUR UNIT COSTS||
000003634|3|1 model|240|
000003634|4|1 model|240|
000003634|5|YOUR UNIT COSTS||
000003634|6|1 model|240|
000003635|1|YOUR UNIT COSTS||
000003635|2|YOUR UNIT COSTS||
000003635|3|1 model|900|
000003635|4|1 model|900|
000003635|5|YOUR UNIT COSTS||
000003635|6|1 model|900|
000003636|1|YOUR UNIT COSTS||
000003636|2|YOUR UNIT COSTS||
000003636|3|1 model|900|
000003636|4|1 model|900|
000003636|5|YOUR UNIT COSTS||
000003636|6|1 model|900|
000003637|1|YOUR UNIT COSTS||
000003637|2|YOUR UNIT COSTS||
000003637|3|1 model|900|
000003637|4|1 model|900|
000003637|5|YOUR UNIT COSTS||
000003637|6|1 model|900|
000003638|1|YOUR UNIT COSTS||
000003638|2|YOUR UNIT COSTS||
000003638|3|1 model|900|
000003638|4|1 model|900|
000003638|5|YOUR UNIT COSTS||
000003638|6|1 model|900|
000003639|1|YOUR UNIT COSTS||
000003639|2|YOUR UNIT COSTS||
000003639|3|1 model|160|
000003639|4|1 model|160|
000003639|5|YOUR UNIT COSTS||
000003639|6|1 model|160|
000003640|1|YOUR UNIT COSTS||
000003640|2|YOUR UNIT COSTS||
000003640|3|1 model|160|
000003640|4|1 model|160|
000003640|5|YOUR UNIT COSTS||
000003640|6|1 model|160|
000003641|1|YOUR UNIT COSTS||
000003641|2|YOUR UNIT COSTS||
000003641|3|1 model|160|
000003641|4|1 model|160|
000003641|5|YOUR UNIT COSTS||
000003641|6|1 model|160|
000003642|1|YOUR UNIT COSTS||
000003642|2|YOUR UNIT COSTS||
000003642|3|1 model|160|
000003642|4|1 model|160|
000003642|5|YOUR UNIT COSTS||
000003642|6|1 model|160|
000003643|1|YOUR UNIT COSTS||
000003643|2|YOUR UNIT COSTS||
000003643|3|1 model|540|
000003643|4|1 model|540|
000003643|5|YOUR UNIT COSTS||
000003643|6|1 model|540|
000003644|1|YOUR UNIT COSTS||
000003644|2|YOUR UNIT COSTS||
000003644|3|1 model|540|
000003644|4|1 model|540|
000003644|5|YOUR UNIT COSTS||
000003644|6|1 model|540|
000003645|1|YOUR UNIT COSTS||
000003645|2|YOUR UNIT COSTS||
000003645|3|1 model|540|
000003645|4|1 model|540|
000003645|5|YOUR UNIT COSTS||
000003645|6|1 model|540|
000003646|1|YOUR UNIT COSTS||
000003646|2|YOUR UNIT COSTS||
000003646|3|1 model|540|
000003646|4|1 model|540|
000003646|5|YOUR UNIT COSTS||
000003646|6|1 model|540|
000003647|1|YOUR UNIT COSTS||
000003647|2|YOUR UNIT COSTS||
000003647|3|1 model|160|
000003647|4|1 model|160|
000003647|5|YOUR UNIT COSTS||
000003647|6|1 model|160|
000003648|1|YOUR UNIT COSTS||
000003648|2|YOUR UNIT COSTS||
000003648|3|1 model|160|
000003648|4|1 model|160|
000003648|5|YOUR UNIT COSTS||
000003648|6|1 model|160|
000003649|1|YOUR UNIT COSTS||
000003649|2|YOUR UNIT COSTS||
000003649|3|1 model|160|
000003649|4|1 model|160|
000003649|5|YOUR UNIT COSTS||
000003649|6|1 model|160|
000003650|1|YOUR UNIT COSTS||
000003650|2|YOUR UNIT COSTS||
000003650|3|1 model|160|
000003650|4|1 model|160|
000003650|5|YOUR UNIT COSTS||
000003650|6|1 model|160|
000003651|1|YOUR UNIT COSTS||
000003651|2|YOUR UNIT COSTS||
000003651|3|1 model|480|
000003651|4|1 model|480|
000003651|5|YOUR UNIT COSTS||
000003651|6|1 model|480|
000003652|1|YOUR UNIT COSTS||
000003652|2|YOUR UNIT COSTS||
000003652|3|1 model|480|
000003652|4|1 model|480|
000003652|5|YOUR UNIT COSTS||
000003652|6|1 model|480|
000003653|1|YOUR UNIT COSTS||
000003653|2|YOUR UNIT COSTS||
000003653|3|1 model|480|
000003653|4|1 model|480|
000003653|5|YOUR UNIT COSTS||
000003653|6|1 model|480|
000003654|1|YOUR UNIT COSTS||
000003654|2|YOUR UNIT COSTS||
000003654|3|1 model|480|
000003654|4|1 model|480|
000003654|5|YOUR UNIT COSTS||
000003654|6|1 model|480|
000003655|1|YOUR UNIT COSTS||
000003655|2|YOUR UNIT COSTS||
000003655|3|1 model|140|
000003655|4|1 model|140|
000003655|5|YOUR UNIT COSTS||
000003655|6|1 model|140|
000003656|1|YOUR UNIT COSTS||
000003656|2|YOUR UNIT COSTS||
000003656|3|1 model|140|
000003656|4|1 model|140|
000003656|5|YOUR UNIT COSTS||
000003656|6|1 model|140|
000003657|1|YOUR UNIT COSTS||
000003657|2|YOUR UNIT COSTS||
000003657|3|1 model|140|
000003657|4|1 model|140|
000003657|5|YOUR UNIT COSTS||
000003657|6|1 model|140|
000003658|1|YOUR UNIT COSTS||
000003658|2|YOUR UNIT COSTS||
000003658|3|1 model|140|
000003658|4|1 model|140|
000003658|5|YOUR UNIT COSTS||
000003658|6|1 model|140|
000003659|1|YOUR UNIT COSTS||
000003659|2|YOUR UNIT COSTS||
000003659|3|1 model|115|
000003659|4|1 model|115|
000003659|5|YOUR UNIT COSTS||
000003659|6|1 model|115|
000003660|1|YOUR UNIT COSTS||
000003660|2|YOUR UNIT COSTS||
000003660|3|1 model|115|
000003660|4|1 model|115|
000003660|5|YOUR UNIT COSTS||
000003660|6|1 model|115|
000003661|1|YOUR UNIT COSTS||
000003661|2|YOUR UNIT COSTS||
000003661|3|1 model|115|
000003661|4|1 model|115|
000003661|5|YOUR UNIT COSTS||
000003661|6|1 model|115|
000003662|1|YOUR UNIT COSTS||
000003662|2|YOUR UNIT COSTS||
000003662|3|1 model|115|
000003662|4|1 model|115|
000003662|5|YOUR UNIT COSTS||
000003662|6|1 model|115|
000003663|1|YOUR UNIT COSTS||
000003663|2|YOUR UNIT COSTS||
000003663|3|1 model|115|
000003663|4|1 model|115|
000003663|5|YOUR UNIT COSTS||
000003663|6|1 model|115|
000003664|1|YOUR UNIT COSTS||
000003664|2|YOUR UNIT COSTS||
000003664|3|1 model|115|
000003664|4|1 model|115|
000003664|5|YOUR UNIT COSTS||
000003664|6|1 model|115|
000003665|1|YOUR UNIT COSTS||
000003665|2|YOUR UNIT COSTS||
000003665|3|1 model|115|
000003665|4|1 model|115|
000003665|5|YOUR UNIT COSTS||
000003665|6|1 model|115|
000003666|1|YOUR UNIT COSTS||
000003666|2|YOUR UNIT COSTS||
000003666|3|1 model|115|
000003666|4|1 model|115|
000003666|5|YOUR UNIT COSTS||
000003666|6|1 model|115|
000003667|1|YOUR UNIT COSTS||
000003667|2|YOUR UNIT COSTS||
000003667|3|1 model|90|
000003667|4|1 model|90|
000003667|5|YOUR UNIT COSTS||
000003667|6|1 model|90|
000003668|1|YOUR UNIT COSTS||
000003668|2|YOUR UNIT COSTS||
000003668|3|1 model|90|
000003668|4|1 model|90|
000003668|5|YOUR UNIT COSTS||
000003668|6|1 model|90|
000003669|1|YOUR UNIT COSTS||
000003669|2|YOUR UNIT COSTS||
000003669|3|1 model|90|
000003669|4|1 model|90|
000003669|5|YOUR UNIT COSTS||
000003669|6|1 model|90|
000003670|1|YOUR UNIT COSTS||
000003670|2|YOUR UNIT COSTS||
000003670|3|1 model|90|
000003670|4|1 model|90|
000003670|5|YOUR UNIT COSTS||
000003670|6|1 model|90|
000003671|1|YOUR UNIT COSTS||
000003671|2|YOUR UNIT COSTS||
000003671|3|1 model|250|
000003671|4|1 model|250|
000003671|5|YOUR UNIT COSTS||
000003671|6|1 model|250|
000003672|1|YOUR UNIT COSTS||
000003672|2|YOUR UNIT COSTS||
000003672|3|1 model|250|
000003672|4|1 model|250|
000003672|5|YOUR UNIT COSTS||
000003672|6|1 model|250|
000003673|1|YOUR UNIT COSTS||
000003673|2|YOUR UNIT COSTS||
000003673|3|1 model|250|
000003673|4|1 model|250|
000003673|5|YOUR UNIT COSTS||
000003673|6|1 model|250|
000003674|1|YOUR UNIT COSTS||
000003674|2|YOUR UNIT COSTS||
000003674|3|1 model|250|
000003674|4|1 model|250|
000003674|5|YOUR UNIT COSTS||
000003674|6|1 model|250|
000003675|1|YOUR UNIT COSTS||
000003675|2|YOUR UNIT COSTS||
000003675|3|1 model|180|
000003675|4|1 model|180|
000003675|5|YOUR UNIT COSTS||
000003675|6|1 model|180|
000003676|1|YOUR UNIT COSTS||
000003676|2|YOUR UNIT COSTS||
000003676|3|1 model|180|
000003676|4|1 model|180|
000003676|5|YOUR UNIT COSTS||
000003676|6|1 model|180|
000003677|1|YOUR UNIT COSTS||
000003677|2|YOUR UNIT COSTS||
000003677|3|1 model|180|
000003677|4|1 model|180|
000003677|5|YOUR UNIT COSTS||
000003677|6|1 model|180|
000003678|1|YOUR UNIT COSTS||
000003678|2|YOUR UNIT COSTS||
000003678|3|1 model|180|
000003678|4|1 model|180|
000003678|5|YOUR UNIT COSTS||
000003678|6|1 model|180|
000003679|1|YOUR UNIT COSTS||
000003679|2|YOUR UNIT COSTS||
000003679|3|1 model|320|
000003679|4|1 model|320|
000003679|5|YOUR UNIT COSTS||
000003679|6|1 model|320|
000003680|1|YOUR UNIT COSTS||
000003680|2|YOUR UNIT COSTS||
000003680|3|1 model|320|
000003680|4|1 model|320|
000003680|5|YOUR UNIT COSTS||
000003680|6|1 model|320|
000003681|1|YOUR UNIT COSTS||
000003681|2|YOUR UNIT COSTS||
000003681|3|1 model|320|
000003681|4|1 model|320|
000003681|5|YOUR UNIT COSTS||
000003681|6|1 model|320|
000003682|1|YOUR UNIT COSTS||
000003682|2|YOUR UNIT COSTS||
000003682|3|1 model|320|
000003682|4|1 model|320|
000003682|5|YOUR UNIT COSTS||
000003682|6|1 model|320|
000003683|1|YOUR UNIT COSTS||
000003683|2|YOUR UNIT COSTS||
000003683|3|1 model|160|
000003683|4|1 model|160|
000003683|5|YOUR UNIT COSTS||
000003683|6|1 model|160|
000003684|1|YOUR UNIT COSTS||
000003684|2|YOUR UNIT COSTS||
000003684|3|1 model|160|
000003684|4|1 model|160|
000003684|5|YOUR UNIT COSTS||
000003684|6|1 model|160|
000003685|1|YOUR UNIT COSTS||
000003685|2|YOUR UNIT COSTS||
000003685|3|1 model|160|
000003685|4|1 model|160|
000003685|5|YOUR UNIT COSTS||
000003685|6|1 model|160|
000003686|1|YOUR UNIT COSTS||
000003686|2|YOUR UNIT COSTS||
000003686|3|1 model|160|
000003686|4|1 model|160|
000003686|5|YOUR UNIT COSTS||
000003686|6|1 model|160|
000003687|1|YOUR UNIT COSTS||
000003687|2|YOUR UNIT COSTS||
000003687|3|1 model|420|
000003687|4|1 model|420|
000003687|5|YOUR UNIT COSTS||
000003687|6|1 model|420|
000003688|1|YOUR UNIT COSTS||
000003688|2|YOUR UNIT COSTS||
000003688|3|1 model|420|
000003688|4|1 model|420|
000003688|5|YOUR UNIT COSTS||
000003688|6|1 model|420|
000003689|1|YOUR UNIT COSTS||
000003689|2|YOUR UNIT COSTS||
000003689|3|1 model|420|
000003689|4|1 model|420|
000003689|5|YOUR UNIT COSTS||
000003689|6|1 model|420|
000003690|1|YOUR UNIT COSTS||
000003690|2|YOUR UNIT COSTS||
000003690|3|1 model|420|
000003690|4|1 model|420|
000003690|5|YOUR UNIT COSTS||
000003690|6|1 model|420|
000003693|1|YOUR UNIT COSTS||
000003693|2|1 model|90|
000003694|1|YOUR UNIT COSTS||
000003694|2|1 model|55|
000003694|3|2 models|100|
000003694|4|3 models|150|
000003695|1|YOUR UNIT COSTS||
000003695|2|1 model|50|
000003698|1|YOUR 1ST TO 2ND UNITS COST||
000003698|2|3 models|80|
000003698|3|6 models| 160|
000003698|4|YOUR 3RD + UNIT COSTS||
000003698|5|3 models|90|
000003698|6|6 models| 170|
000003699|1|YOUR 1ST TO 2ND UNITS COST||
000003699|2|3 models|125|
000003699|3|YOUR 3RD + UNIT COSTS||
000003699|4|3 models|135|
000003700|1|YOUR 1ST TO 2ND UNITS COST||
000003700|2|3 models|100|
000003700|3|YOUR 3RD + UNIT COSTS||
000003700|4|3 models|110|
000003700|5|WARGEAR OPTIONS||
000003700|6|per Missile pod|5|
000003701|1|YOUR 1ST TO 2ND UNITS COST||
000003701|2|3 models| 100|
000003701|3|YOUR 3RD + UNIT COSTS||
000003701|4|3 models| 110|
000003701|5|WARGEAR OPTIONS||
000003701|6|per T&#x27;au flamer|5|
000003702|1|YOUR UNIT COSTS||
000003702|2|1 model|50|
000003703|1|YOUR UNIT COSTS||
000003703|2|1 model|60|
000003704|1|YOUR UNIT COSTS||
000003704|2|1 model|45|
000003705|1|YOUR UNIT COSTS||
000003705|2|1 model|80|
000003706|1|YOUR 1ST TO 2ND UNITS COST||
000003706|2|3 models|85|
000003706|3|6 models|170|
000003706|4|YOUR 3RD + UNIT COSTS||
000003706|5|3 models|95|
000003706|6|6 models|180|
000003707|1|YOUR 1ST TO 2ND UNITS COST||
000003707|2|1 model|85|
000003707|3|YOUR 3RD + UNIT COSTS||
000003707|4|1 model|95|
000003710|1|YOUR UNIT COSTS||
000003710|2|10 models|90|
000003711|1|YOUR UNIT COSTS||
000003711|2|1 model| 80|
000003712|1|YOUR 1ST TO 2ND UNITS COST||
000003712|2|1 model|45|
000003712|3|YOUR 3RD + UNIT COSTS||
000003712|4|1 model|50|
000003713|1|YOUR UNIT COSTS||
000003713|2|10 models|50|
000003713|3|20 models|100|
000003714|1|YOUR UNIT COSTS||
000003714|2|1 model|75|
000003715|1|YOUR UNIT COSTS||
000003715|2|1 model|75|
000003716|1|YOUR UNIT COSTS||
000003716|2|5 models|75|
000003716|3|10 models| 140|
000003811|1|YOUR UNIT COSTS||
000003811|2|1 model|45|
000003812|1|YOUR UNIT COSTS||
000003812|2|1 model|40|
000003813|1|<div class="dsHeaderAoI">AGENTS OF THE IMPERIUM Detachment</div>||
000003813|2|YOUR UNIT COSTS||
000003813|3|5 models| 175|
000003813|4|WARGEAR OPTIONS||
000003813|5|per Psycannon|5|
000003813|6|<div class="dsHeaderAoI">Assigned Agent</div>||
000003813|7|YOUR UNIT COSTS||
000003813|8|5 models| 190|
000003813|9|WARGEAR OPTIONS||
000003813|10|per Psycannon|5|
000003814|1|YOUR UNIT COSTS||
000003814|2|1 model|65|
000003815|1|YOUR UNIT COSTS||
000003815|2|1 model|95|
000003816|1|YOUR UNIT COSTS||
000003816|2|5 models|100|
000003816|3|10 models|190|
000003817|1|YOUR UNIT COSTS||
000003817|2|1 model|180|
000003818|1|<div class="dsHeaderAoI">AGENTS OF THE IMPERIUM Detachment</div>||
000003818|2|YOUR UNIT COSTS||
000003818|3|10 models|100|
000003818|4|<div class="dsHeaderAoI">Assigned Agent</div>||
000003818|5|YOUR UNIT COSTS||
000003818|6|10 models| 110|
000003819|1|<div class="dsHeaderAoI">AGENTS OF THE IMPERIUM Detachment</div>||
000003819|2|YOUR 1ST TO 3RD UNITS COST||
000003819|3|1 model| 90|
000003819|4|YOUR 4TH + UNIT COSTS||
000003819|5|1 model|100|
000003819|6|WARGEAR OPTIONS||
000003819|7|per Twin multi-melta|15|
000003819|8|<div class="dsHeaderAoI">Assigned Agent</div>||
000003819|9|YOUR 1ST TO 3RD UNITS COST||
000003819|10|1 model| 105|
000003819|11|YOUR 4TH + UNIT COSTS||
000003819|12|1 model|115|
000003819|13|WARGEAR OPTIONS||
000003819|14|per Twin multi-melta|15|
000003820|1|YOUR 1ST TO 3RD UNITS COST||
000003820|2|1 model| 60|
000003820|3|YOUR 4TH + UNIT COSTS||
000003820|4|1 model|70|
000003821|1|YOUR UNIT COSTS||
000003821|2|11 models|220|
000003822|1|YOUR UNIT COSTS||
000003822|2|5 models|210|
000003822|3|10 models|420|
000003823|1|YOUR UNIT COSTS||
000003823|2|3 models|70|
000003823|3|6 models|140|
000003824|1|YOUR UNIT COSTS||
000003824|2|5 models|160|
000003824|3|10 models|320|
000003825|1|YOUR UNIT COSTS||
000003825|2|5 models|100|
000003825|3|10 models|200|
000003826|1|YOUR UNIT COSTS||
000003826|2|5 models|120|
000003826|3|10 models|240|
000003827|1|YOUR UNIT COSTS||
000003827|2|5 models|90|
000003827|3|10 models|180|
000003828|1|YOUR UNIT COSTS||
000003828|2|1 model|40|
000003828|3|2 models|80|
000003829|1|YOUR UNIT COSTS||
000003829|2|1 model|30|
000003830|1|YOUR 1ST TO 3RD UNITS COST||
000003830|2|1 model| 65|
000003830|3|YOUR 4TH + UNIT COSTS||
000003830|4|1 model|75|
000003831|1|YOUR UNIT COSTS||
000003831|2|1 model|80|
000003832|1|YOUR UNIT COSTS||
000003832|2|1 model|70|
000003833|1|YOUR UNIT COSTS||
000003833|2|1 model|75|
000003834|1|YOUR UNIT COSTS||
000003834|2|10 models| 95|
000003835|1|YOUR UNIT COSTS||
000003835|2|1 model|145|
000003836|1|YOUR UNIT COSTS||
000003836|2|5 models|125|
000003836|3|10 models|250|
000003837|1|YOUR UNIT COSTS||
000003837|2|5 models|140|
000003837|3|10 models|280|
000003839|1|YOUR UNIT COSTS||
000003839|2|1 model| 60|
000003840|1|YOUR UNIT COSTS||
000003840|2|1 model|60|
000003841|1|YOUR UNIT COSTS||
000003841|2|1 model|35|
000003842|1|YOUR UNIT COSTS||
000003842|2|10 models|85|
000003843|1|YOUR UNIT COSTS||
000003843|2|10 models| 85|
000003844|1|YOUR 1ST TO 2ND UNITS COST||
000003844|2|1 model|45|
000003844|3|YOUR 3RD + UNIT COSTS||
000003844|4|1 model|50|
000003845|1|YOUR 1ST TO 2ND UNITS COST||
000003845|2|5 models|90|
000003845|3|YOUR 3RD + UNIT COSTS||
000003845|4|5 models|100|
000003846|1|YOUR UNIT COSTS||
000003846|2|2 models|70|
000003847|1|YOUR UNIT COSTS||
000003847|2|1 model|65|
000003848|1|YOUR UNIT COSTS||
000003848|2|1 model|60|
000003849|1|YOUR UNIT COSTS||
000003849|2|10 models|50|
000003849|3|20 models|90|
000003850|1|YOUR UNIT COSTS||
000003850|2|10 models|50|
000003850|3|20 models|100|
000003851|1|YOUR 1ST TO 2ND UNITS COST||
000003851|2|8 models|90|
000003851|3|16 models|195|
000003851|4|YOUR 3RD + UNIT COSTS||
000003851|5|8 models|110|
000003851|6|16 models|215|
000003852|1|YOUR UNIT COSTS||
000003852|2|10 models|60|
000003853|1|YOUR UNIT COSTS||
000003853|2|10 models|70|
000003854|1|YOUR UNIT COSTS||
000003854|2|7 models|125|
000003855|1|YOUR UNIT COSTS||
000003855|2|16 models|85|
000003856|1|YOUR UNIT COSTS||
000003856|2|4 models|55|
000003857|1|YOUR UNIT COSTS||
000003857|2|3 models|75|
000003858|1|YOUR UNIT COSTS||
000003858|2|4 models|40|
000003858|3|7 models|70|
000003859|1|YOUR UNIT COSTS||
000003859|2|3 models|95|
000003860|1|YOUR UNIT COSTS||
000003860|2|3 models|95|
000003861|1|YOUR 1ST TO 2ND UNITS COST||
000003861|2|6 models|135|
000003861|3|YOUR 3RD + UNIT COSTS||
000003861|4|6 models|145|
000003871|1|YOUR UNIT COSTS||
000003871|2|1 model|95|
000003872|1|YOUR UNIT COSTS||
000003872|2|1 model|65|
000003873|1|YOUR UNIT COSTS||
000003873|2|5 models|180|
000003873|3|10 models|330|
000003873|4|WARGEAR OPTIONS||
000003873|5|per Thunder Hammer|5|
000003874|1|YOUR 1ST TO 2ND UNITS COST||
000003874|2|10 models|265|
000003874|3|YOUR 3RD + UNIT COSTS||
000003874|4|10 models|280|
000003875|1|YOUR UNIT COSTS||
000003875|2|11 models|220|
000003876|1|YOUR UNIT COSTS||
000003876|2|5 models| 100|
000003876|3|10 models| 180|
000003877|1|YOUR UNIT COSTS||
000003877|2|1 model|80|
000003878|1|YOUR UNIT COSTS||
000003878|2|1 model|70|
000003879|1|YOUR UNIT COSTS||
000003879|2|1 model|185|
000003880|1|YOUR UNIT COSTS||
000003880|2|1 model|65|
000003881|1|YOUR UNIT COSTS||
000003881|2|10 models|80|
000003881|3|20 models|155|
000003882|1|YOUR 1ST TO 3RD UNITS COST||
000003882|2|1 model| 80|
000003882|3|YOUR 4TH + UNIT COSTS||
000003882|4|1 model|90|
000003883|1|YOUR UNIT COSTS||
000003883|2|1 model|60|
000003884|1|YOUR UNIT COSTS||
000003884|2|1 model|135|
000003885|1|YOUR 1ST TO 2ND UNITS COST||
000003885|2|1 model|80|
000003885|3|YOUR 3RD + UNIT COSTS||
000003885|4|1 model|90|
000003886|1|YOUR 1ST TO 2ND UNITS COST||
000003886|2|5 models|125|
000003886|3|YOUR 3RD + UNIT COSTS||
000003886|4|5 models|135|
000003887|1|YOUR UNIT COSTS||
000003887|2|1 model|140|
000003888|1|YOUR UNIT COSTS||
000003888|2|3 models| 55|
000003888|3|6 models| 105|
000003889|1|YOUR UNIT COSTS||
000003889|2|6 models| 60|
000003890|1|YOUR UNIT COSTS||
000003890|2|1 model|75|
000003891|1|YOUR UNIT COSTS||
000003891|2|5 models|60|
000003892|1|YOUR 1ST UNIT COSTS||
000003892|2|1 model|290|
000003892|3|YOUR 2ND + UNIT COSTS||
000003892|4|1 model|305|
000003893|1|YOUR 1ST TO 2ND UNITS COST||
000003893|2|5 models|65|
000003893|3|10 models|95|
000003893|4|YOUR 3RD + UNIT COSTS||
000003893|5|5 models|75|
000003893|6|10 models|105|
000003894|1|YOUR UNIT COSTS||
000003894|2|3 models| 70|
000003895|1|YOUR UNIT COSTS||
000003895|2|4 models| 70|
000003895|3|WARGEAR OPTIONS||
000003895|4|per Krieg heavy flamer|5|
000003896|1|YOUR UNIT COSTS||
000003896|2|1 model|95|
000003897|1|YOUR UNIT COSTS||
000003897|2|2 models|90|
000003897|3|WARGEAR OPTIONS||
000003897|4|per Bombast field gun|10|
000003898|1|YOUR UNIT COSTS||
000003898|2|5 models|60|
000003898|3|10 models|110|
000003909|1|YOUR UNIT COSTS||
000003909|2|1 model|135|
000003910|1|YOUR 1ST UNIT COSTS||
000003910|2|1 model|110|
000003910|3|YOUR 2ND + UNIT COSTS||
000003910|4|1 model|125|
000003911|1|YOUR UNIT COSTS||
000003911|2|1 model|60|
000003912|1|YOUR UNIT COSTS||
000003912|2|1 model|60|
000003913|1|YOUR 1ST UNIT COSTS||
000003913|2|1 model| 380|
000003913|3|YOUR 2ND + UNIT COSTS||
000003913|4|1 model| 400|
000003914|1|YOUR UNIT COSTS||
000003914|2|1 model|85|
000003915|1|YOUR UNIT COSTS||
000003915|2|1 model|45|
000003916|1|YOUR UNIT COSTS||
000003916|2|10 models|110|
000003917|1|YOUR UNIT COSTS||
000003917|2|10 models|90|
000003918|1|YOUR 1ST TO 2ND UNITS COST||
000003918|2|5 models|80|
000003918|3|10 models|160|
000003918|4|YOUR 3RD + UNIT COSTS||
000003918|5|5 models|90|
000003918|6|10 models|170|
000003919|1|YOUR UNIT COSTS||
000003919|2|3 models|65|
000003919|3|6 models|120|
000003920|1|YOUR 1ST TO 3RD UNITS COST||
000003920|2|1 model| 70|
000003920|3|YOUR 4TH + UNIT COSTS||
000003920|4|1 model|80|
000003921|1|YOUR 1ST TO 3RD UNITS COST||
000003921|2|1 model| 65|
000003921|3|YOUR 4TH + UNIT COSTS||
000003921|4|1 model|75|
000003922|1|YOUR UNIT COSTS||
000003922|2|5 models|80|
000003937|1|YOUR UNIT COSTS||
000003937|2|1 model|40|
000003938|1|YOUR UNIT COSTS||
000003938|2|1 model|55|
000003939|1|YOUR UNIT COSTS||
000003939|2|5 models| 60|
000003940|1|YOUR UNIT COSTS||
000003940|2|5 models|60|
000003941|1|YOUR UNIT COSTS||
000003941|2|6 models| 60|
000003942|1|YOUR 1ST TO 2ND UNITS COST||
000003942|2|1 model| 195|
000003942|3|YOUR 3RD + UNIT COSTS||
000003942|4|1 model| 210|
000003942|5|WARGEAR OPTIONS||
000003942|6|per Demolisher battle cannon|15|
000003942|7|per Multi-melta|5|
000003942|8|per Lascannon|5|
000003942|9|per Plasma cannon|5|
000003943|1|YOUR UNIT COSTS||
000003943|2|1 model|60|
000003944|1|YOUR 1ST UNIT COSTS||
000003944|2|1 model|290|
000003944|3|YOUR 2ND + UNIT COSTS||
000003944|4|1 model|305|
000003945|1|YOUR UNIT COSTS||
000003945|2|1 model|35|
000003946|1|YOUR UNIT COSTS||
000003946|2|5 models|45|
000003947|1|YOUR UNIT COSTS||
000003947|2|5 models|80|
000003948|1|YOUR UNIT COSTS||
000003948|2|10 models| 70|
000003948|3|20 models|145|
000003949|1|YOUR UNIT COSTS||
000003949|2|10 models| 70|
000003949|3|20 models| 135|
000003950|1|YOUR UNIT COSTS||
000003950|2|10 models| 70|
000003950|3|20 models| 135|
000003951|1|YOUR 1ST TO 3RD UNITS COST||
000003951|2|1 model| 75|
000003951|3|YOUR 4TH + UNIT COSTS||
000003951|4|1 model|85|
000003952|1|YOUR 1ST TO 3RD UNITS COST||
000003952|2|1 model| 65|
000003952|3|YOUR 4TH + UNIT COSTS||
000003952|4|1 model|75|
000003953|1|YOUR 1ST TO 3RD UNITS COST||
000003953|2|1 model| 75|
000003953|3|YOUR 4TH + UNIT COSTS||
000003953|4|1 model|85|
000003954|1|YOUR UNIT COSTS||
000003954|2|1 model|90|
000003955|1|YOUR UNIT COSTS||
000003955|2|1 model|145|
000003956|1|YOUR UNIT COSTS||
000003956|2|1 model|110|
000003957|1|YOUR UNIT COSTS||
000003957|2|1 model|95|
000003958|1|YOUR UNIT COSTS||
000003958|2|1 model|95|
000003959|1|YOUR UNIT COSTS||
000003959|2|1 model|45|
000003959|3|2 models|90|
000003960|1|YOUR UNIT COSTS||
000003960|2|1 model|65|
000003960|3|2 models|120|
000003961|1|YOUR UNIT COSTS||
000003961|2|1 model|95|
000003962|1|YOUR 1ST TO 2ND UNITS COST||
000003962|2|5 models|60|
000003962|3|10 models|120|
000003962|4|YOUR 3RD + UNIT COSTS||
000003962|5|5 models|65|
000003962|6|10 models|125|
000003963|1|YOUR 1ST UNIT COSTS||
000003963|2|1 model| 415|
000003963|3|YOUR 2ND + UNIT COSTS||
000003963|4|1 model| 450|
000003964|1|YOUR 1ST UNIT COSTS||
000003964|2|1 model| 385|
000003964|3|YOUR 2ND + UNIT COSTS||
000003964|4|1 model| 420|
000003965|1|YOUR 1ST UNIT COSTS||
000003965|2|1 model| 415|
000003965|3|YOUR 2ND + UNIT COSTS||
000003965|4|1 model| 450|
000003966|1|YOUR 1ST UNIT COSTS||
000003966|2|1 model|115|
000003966|3|YOUR 2ND + UNIT COSTS||
000003966|4|1 model|135|
000003967|1|YOUR UNIT COSTS||
000003967|2|3 models|65|
000003968|1|YOUR UNIT COSTS||
000003968|2|3 models| 70|
000003969|1|YOUR UNIT COSTS||
000003969|2|5 models|60|
000003969|3|10 models|110|
000003970|1|YOUR 1ST UNIT COSTS||
000003970|2|1 model|125|
000003970|3|YOUR 2ND + UNIT COSTS||
000003970|4|1 model|135|
000003971|1|YOUR 1ST UNIT COSTS||
000003971|2|1 model| 380|
000003971|3|YOUR 2ND + UNIT COSTS||
000003971|4|1 model| 410|
000003972|1|YOUR UNIT COSTS||
000003972|2|2 models|90|
000003972|3|WARGEAR OPTIONS||
000003972|4|per Bombast field gun|10|
000003973|1|YOUR 1ST UNIT COSTS||
000003973|2|1 model| 385|
000003973|3|YOUR 2ND + UNIT COSTS||
000003973|4|1 model| 415|
000003974|1|YOUR 1ST TO 2ND UNITS COST||
000003974|2|1 model|125|
000003974|3|YOUR 3RD + UNIT COSTS||
000003974|4|1 model|135|
000003975|1|YOUR UNIT COSTS||
000003975|2|1 model|90|
000003976|1|YOUR 1ST TO 2ND UNITS COST||
000003976|2|10 models| 105|
000003976|3|YOUR 3RD + UNIT COSTS||
000003976|4|10 models| 120|
000003977|1|YOUR 1ST TO 2ND UNITS COST||
000003977|2|5 models|65|
000003977|3|10 models|95|
000003977|4|YOUR 3RD + UNIT COSTS||
000003977|5|5 models|75|
000003977|6|10 models|105|
000003978|1|YOUR UNIT COSTS||
000003978|2|4 models| 70|
000003978|3|WARGEAR OPTIONS||
000003978|4|per Krieg heavy flamer|5|
000003979|1|YOUR 1ST TO 2ND UNITS COST||
000003979|2|1 model| 160|
000003979|3|YOUR 3RD + UNIT COSTS||
000003979|4|1 model| 175|
000003979|5|WARGEAR OPTIONS||
000003979|6|per Multi-melta|5|
000003979|7|per Lascannon|5|
000003979|8|per Plasma cannon|5|
000003980|1|YOUR 1ST TO 2ND UNITS COST||
000003980|2|1 model| 160|
000003980|3|YOUR 3RD + UNIT COSTS||
000003980|4|1 model| 175|
000003980|5|WARGEAR OPTIONS||
000003980|6|per Multi-melta|5|
000003980|7|per Lascannon|5|
000003980|8|per Plasma cannon|5|
000003981|1|YOUR 1ST TO 2ND UNITS COST||
000003981|2|1 model| 145|
000003981|3|YOUR 3RD + UNIT COSTS||
000003981|4|1 model| 160|
000003981|5|WARGEAR OPTIONS||
000003981|6|per Multi-melta|5|
000003981|7|per Lascannon|5|
000003981|8|per Plasma cannon|5|
000003982|1|YOUR 1ST TO 2ND UNITS COST||
000003982|2|1 model| 145|
000003982|3|YOUR 3RD + UNIT COSTS||
000003982|4|1 model| 160|
000003982|5|WARGEAR OPTIONS||
000003982|6|per Multi-melta|5|
000003982|7|per Lascannon|5|
000003982|8|per Plasma cannon|5|
000003983|1|YOUR 1ST TO 2ND UNITS COST||
000003983|2|1 model| 160|
000003983|3|YOUR 3RD + UNIT COSTS||
000003983|4|1 model| 175|
000003983|5|WARGEAR OPTIONS||
000003983|6|per Multi-melta|5|
000003983|7|per Lascannon|5|
000003983|8|per Plasma cannon|5|
000003984|1|YOUR 1ST TO 2ND UNITS COST||
000003984|2|1 model| 130|
000003984|3|YOUR 3RD + UNIT COSTS||
000003984|4|1 model| 145|
000003984|5|WARGEAR OPTIONS||
000003984|6|per Multi-melta|5|
000003984|7|per Lascannon|5|
000003984|8|per Plasma cannon|5|
000003985|1|YOUR 1ST TO 2ND UNITS COST||
000003985|2|1 model| 130|
000003985|3|YOUR 3RD + UNIT COSTS||
000003985|4|1 model| 145|
000003985|5|WARGEAR OPTIONS||
000003985|6|per Multi-melta|5|
000003985|7|per Lascannon|5|
000003985|8|per Plasma cannon|5|
000003986|1|YOUR 1ST UNIT COSTS||
000003986|2|1 model|150|
000003986|3|YOUR 2ND + UNIT COSTS||
000003986|4|1 model|170|
000003987|1|YOUR 1ST UNIT COSTS||
000003987|2|1 model|260|
000003987|3|YOUR 2ND + UNIT COSTS||
000003987|4|1 model|275|
000003988|1|YOUR UNIT COSTS||
000003988|2|1 model|55|
000003988|3|2 models|100|
000003989|1|YOUR 1ST UNIT COSTS||
000003989|2|1 model| 375|
000003989|3|YOUR 2ND + UNIT COSTS||
000003989|4|1 model| 405|
000003990|1|YOUR 1ST UNIT COSTS||
000003990|2|1 model| 395|
000003990|3|YOUR 2ND + UNIT COSTS||
000003990|4|1 model| 430|
000003991|1|YOUR 1ST UNIT COSTS||
000003991|2|1 model| 430|
000003991|3|YOUR 2ND + UNIT COSTS||
000003991|4|1 model| 465|
000003992|1|YOUR 1ST UNIT COSTS||
000003992|2|1 model|95|
000003992|3|YOUR 2ND + UNIT COSTS||
000003992|4|1 model|115|
000003993|1|YOUR 1ST TO 2ND UNITS COST||
000003993|2|1 model|40|
000003993|3|YOUR 3RD + UNIT COSTS||
000003993|4|1 model|45|
000003994|1|YOUR UNIT COSTS||
000003994|2|1 model|480|
000003995|1|YOUR UNIT COSTS||
000003995|2|1 model|105|
000003996|1|YOUR UNIT COSTS||
000003996|2|1 model|80|
000003997|1|YOUR UNIT COSTS||
000003997|2|1 model|160|
000003998|1|YOUR UNIT COSTS||
000003998|2|1 model|40|
000003999|1|YOUR UNIT COSTS||
000003999|2|1 model|160|
000004000|1|YOUR UNIT COSTS||
000004000|2|1 model|180|
000004001|1|YOUR UNIT COSTS||
000004001|2|10 models|110|
000004002|1|YOUR UNIT COSTS||
000004002|2|1 model|325|
000004003|1|YOUR UNIT COSTS||
000004003|2|1 model|120|
000004004|1|YOUR UNIT COSTS||
000004004|2|1 model|85|
000004005|1|YOUR UNIT COSTS||
000004005|2|3 models|65|
000004006|1|YOUR UNIT COSTS||
000004006|2|1 model|275|
000004007|1|YOUR UNIT COSTS||
000004007|2|1 model|115|
000004008|1|YOUR UNIT COSTS||
000004008|2|1 model|110|
000004009|1|YOUR UNIT COSTS||
000004009|2|1 model|50|
000004010|1|YOUR UNIT COSTS||
000004010|2|1 model|50|
000004011|1|YOUR UNIT COSTS||
000004011|2|1 model|310|
000004012|1|YOUR UNIT COSTS||
000004012|2|1 model|310|
000004013|1|YOUR UNIT COSTS||
000004013|2|1 model|285|
000004014|1|YOUR UNIT COSTS||
000004014|2|1 model|310|
000004015|1|YOUR UNIT COSTS||
000004015|2|1 model|250|
000004016|1|YOUR UNIT COSTS||
000004016|2|1 model|270|
000004017|1|YOUR UNIT COSTS||
000004017|2|1 model|310|
000004018|1|YOUR UNIT COSTS||
000004018|2|1 model|235|
000004019|1|YOUR UNIT COSTS||
000004019|2|1 model|125|
000004020|1|YOUR UNIT COSTS||
000004020|2|1 model|225|
000004021|1|YOUR UNIT COSTS||
000004021|2|3 models|110|
000004022|1|YOUR UNIT COSTS||
000004022|2|4 models|35|
000004023|1|YOUR UNIT COSTS||
000004023|2|1 model|275|
000004024|1|YOUR UNIT COSTS||
000004024|2|1 model|35|
000004024|3|2 models|70|
000004024|4|3 models|105|
000004025|1|YOUR UNIT COSTS||
000004025|2|3 models|40|
000004026|1|YOUR UNIT COSTS||
000004026|2|1 model|80|
000004027|1|YOUR UNIT COSTS||
000004027|2|1 model|95|
000004028|1|YOUR UNIT COSTS||
000004028|2|1 model|55|
000004029|1|YOUR UNIT COSTS||
000004029|2|1 model|415|
000004030|1|YOUR UNIT COSTS||
000004030|2|1 model|180|
000004031|1|YOUR UNIT COSTS||
000004031|2|1 model|40|
000004031|3|2 models|80|
000004031|4|3 models|120|
000004032|1|YOUR UNIT COSTS||
000004032|2|1 model|50|
000004033|1|YOUR UNIT COSTS||
000004033|2|1 model|50|
000004034|1|YOUR UNIT COSTS||
000004034|2|1 model|80|
000004035|1|YOUR UNIT COSTS||
000004035|2|1 model|285|
000004036|1|YOUR UNIT COSTS||
000004036|2|1 model|90|
000004037|1|YOUR UNIT COSTS||
000004037|2|1 model|85|
000004038|1|YOUR UNIT COSTS||
000004038|2|1 model| 80|
000004039|1|YOUR UNIT COSTS||
000004039|2|1 model|100|
000004040|1|YOUR UNIT COSTS||
000004040|2|1 model|115|
000004041|1|YOUR UNIT COSTS||
000004041|2|1 model|90|
000004042|1|YOUR UNIT COSTS||
000004042|2|1 model|100|
000004043|1|YOUR UNIT COSTS||
000004043|2|5 models| 175|
000004043|3|10 models| 350|
000004044|1|YOUR 1ST TO 2ND UNITS COST||
000004044|2|5 models| 135|
000004044|3|10 models| 270|
000004044|4|YOUR 3RD + UNIT COSTS||
000004044|5|5 models|145|
000004044|6|10 models|280|
000004045|1|YOUR 1ST TO 2ND UNITS COST||
000004045|2|1 model|45|
000004045|3|YOUR 3RD + UNIT COSTS||
000004045|4|1 model|50|
000004046|1|YOUR 1ST TO 2ND UNITS COST||
000004046|2|5 models|90|
000004046|3|YOUR 3RD + UNIT COSTS||
000004046|4|5 models|100|
000004047|1|YOUR UNIT COSTS||
000004047|2|2 models|70|
000004048|1|YOUR UNIT COSTS||
000004048|2|1 model|65|
000004049|1|YOUR UNIT COSTS||
000004049|2|1 model|60|
000004050|1|YOUR UNIT COSTS||
000004050|2|10 models|50|
000004050|3|20 models|90|
000004051|1|YOUR UNIT COSTS||
000004051|2|10 models|50|
000004051|3|20 models|100|
000004052|1|YOUR 1ST TO 2ND UNITS COST||
000004052|2|8 models|90|
000004052|3|16 models|195|
000004052|4|YOUR 3RD + UNIT COSTS||
000004052|5|8 models|110|
000004052|6|16 models|215|
000004053|1|YOUR UNIT COSTS||
000004053|2|10 models|60|
000004054|1|YOUR UNIT COSTS||
000004054|2|10 models|70|
000004055|1|YOUR UNIT COSTS||
000004055|2|7 models|125|
000004056|1|YOUR UNIT COSTS||
000004056|2|16 models|85|
000004057|1|YOUR UNIT COSTS||
000004057|2|4 models|55|
000004058|1|YOUR UNIT COSTS||
000004058|2|3 models|75|
000004059|1|YOUR UNIT COSTS||
000004059|2|4 models|40|
000004059|3|7 models|70|
000004060|1|YOUR UNIT COSTS||
000004060|2|3 models|95|
000004061|1|YOUR UNIT COSTS||
000004061|2|3 models|95|
000004062|1|YOUR UNIT COSTS||
000004062|2|3 models|65|
000004063|1|YOUR 1ST TO 2ND UNITS COST||
000004063|2|5 models|125|
000004063|3|YOUR 3RD + UNIT COSTS||
000004063|4|5 models|135|
000004064|1|YOUR UNIT COSTS||
000004064|2|5 models|90|
000004064|3|10 models|170|
000004065|1|YOUR UNIT COSTS||
000004065|2|1 model|60|
000004066|1|YOUR 1ST TO 2ND UNITS COST||
000004066|2|5 models|120|
000004066|3|10 models|250|
000004066|4|YOUR 3RD + UNIT COSTS||
000004066|5|5 models|130|
000004066|6|10 models|260|
000004067|1|YOUR 1ST TO 2ND UNITS COST||
000004067|2|5 models|110|
000004067|3|10 models|210|
000004067|4|YOUR 3RD + UNIT COSTS||
000004067|5|5 models|120|
000004067|6|10 models|220|
000004068|1|YOUR UNIT COSTS||
000004068|2|1 model|60|
000004069|1|YOUR UNIT COSTS||
000004069|2|1 model|80|
000004070|1|YOUR UNIT COSTS||
000004070|2|1 model|80|
000004071|1|YOUR UNIT COSTS||
000004071|2|1 model|85|
000004072|1|YOUR UNIT COSTS||
000004072|2|1 model|80|
000004073|1|YOUR 1ST TO 2ND UNITS COST||
000004073|2|5 models|125|
000004073|3|10 models|280|
000004073|4|YOUR 3RD + UNIT COSTS||
000004073|5|5 models|135|
000004073|6|10 models|290|
000004074|1|YOUR UNIT COSTS||
000004074|2|9 models|100|
000004075|1|YOUR UNIT COSTS||
000004075|2|9 models|110|
000004076|1|YOUR UNIT COSTS||
000004076|2|8 models|75|
000004077|1|YOUR UNIT COSTS||
000004077|2|1 model| 340|
000004078|1|YOUR 1ST TO 2ND UNITS COST||
000004078|2|1 model| 90|
000004078|3|YOUR 3RD + UNIT COSTS||
000004078|4|1 model| 100|
000004079|1|YOUR UNIT COSTS||
000004079|2|5 models|80|
000004079|3|10 models|160|
000004080|1|YOUR UNIT COSTS||
000004080|2|5 models|85|
000004080|3|10 models|160|
000004081|1|YOUR UNIT COSTS||
000004081|2|5 models|145|
000004082|1|YOUR 1ST TO 2ND UNITS COST||
000004082|2|1 model|220|
000004082|3|YOUR 3RD + UNIT COSTS||
000004082|4|1 model|240|
000004083|1|YOUR UNIT COSTS||
000004083|2|1 model| 120|
000004084|1|YOUR UNIT COSTS||
000004084|2|1 model|70|
000004085|1|YOUR UNIT COSTS||
000004085|2|1 model| 55|
000004086|1|YOUR 1ST UNIT COSTS||
000004086|2|1 model|170|
000004086|3|YOUR 2ND + UNIT COSTS||
000004086|4|1 model|185|
000004087|1|YOUR 1ST UNIT COSTS||
000004087|2|1 model|205|
000004087|3|YOUR 2ND + UNIT COSTS||
000004087|4|1 model|235|
000004088|1|YOUR 1ST TO 2ND UNITS COST||
000004088|2|6 models|145|
000004088|3|YOUR 3RD + UNIT COSTS||
000004088|4|6 models|160|
000004089|1|YOUR UNIT COSTS||
000004089|2|3 models|95|
000004089|3|6 models|190|
000004090|1|YOUR UNIT COSTS||
000004090|2|2 models|70|
000004091|1|YOUR 1ST TO 2ND UNITS COST||
000004091|2|1 model| 120|
000004091|3|YOUR 3RD + UNIT COSTS||
000004091|4|1 model| 130|
000004092|1|YOUR UNIT COSTS||
000004092|2|1 model|175|
000004093|1|YOUR 1ST TO 3RD UNITS COST||
000004093|2|1 model| 70|
000004093|3|YOUR 4TH + UNIT COSTS||
000004093|4|1 model|80|
000004094|1|YOUR UNIT COSTS||
000004094|2|1 model| 315|
000004095|1|YOUR UNIT COSTS||
000004095|2|10 models| 100|
000004096|1|YOUR UNIT COSTS||
000004096|2|3 models|90|
000004096|3|6 models| 190|
000004097|1|YOUR 1ST TO 2ND UNITS COST||
000004097|2|1 model| 265|
000004097|3|YOUR 3RD + UNIT COSTS||
000004097|4|1 model| 280|
000004098|1|YOUR UNIT COSTS||
000004098|2|5 models| 85|
000004098|3|10 models|155|
000004099|1|YOUR 1ST TO 2ND UNITS COST||
000004099|2|6 models|145|
000004099|3|YOUR 3RD + UNIT COSTS||
000004099|4|6 models|160|
000004100|1|YOUR UNIT COSTS||
000004100|2|1 model|135|
000004103|1|YOUR UNIT COSTS||
000004103|2|1 model|100|
000004104|1|YOUR UNIT COSTS||
000004104|2|1 model|315|
000004105|1|YOUR 1ST TO 2ND UNITS COST||
000004105|2|1 model|320|
000004105|3|YOUR 3RD + UNIT COSTS||
000004105|4|1 model|335|
000004106|1|YOUR UNIT COSTS||
000004106|2|10 models|90|
000004107|1|YOUR 1ST TO 2ND UNITS COST||
000004107|2|3 models|95|
000004107|3|6 models| 190|
000004107|4|YOUR 3RD + UNIT COSTS||
000004107|5|3 models| 115|
000004107|6|6 models| 210|
000004108|1|YOUR UNIT COSTS||
000004108|2|5 models|75|
000004108|3|10 models|150|
000004109|1|YOUR UNIT COSTS||
000004109|2|1 model|65|
000004110|1|YOUR 1ST TO 2ND UNITS COST||
000004110|2|1 model|125|
000004110|3|YOUR 3RD + UNIT COSTS||
000004110|4|1 model|135|
000004111|1|YOUR UNIT COSTS||
000004111|2|1 model|280|
000004112|1|YOUR 1ST TO 2ND UNITS COST||
000004112|2|1 model|265|
000004112|3|YOUR 3RD + UNIT COSTS||
000004112|4|1 model|280|
000004113|1|YOUR UNIT COSTS||
000004113|2|10 models|115|
000004114|1|YOUR UNIT COSTS||
000004114|2|3 models|110|
000004114|3|6 models|220|
000004115|1|YOUR UNIT COSTS||
000004115|2|1 model|70|
000004115|3|2 models|140|
000004116|1|YOUR UNIT COSTS||
000004116|2|3 models|45|
000004116|3|6 models|90|
000004117|1|YOUR 1ST TO 2ND UNITS COST||
000004117|2|5 models|165|
000004117|3|YOUR 3RD + UNIT COSTS||
000004117|4|5 models|175|
000004118|1|YOUR 1ST TO 2ND UNITS COST||
000004118|2|5 models|165|
000004118|3|YOUR 3RD + UNIT COSTS||
000004118|4|5 models|175|
000004119|1|YOUR 1ST TO 2ND UNITS COST||
000004119|2|9 models|65|
000004119|3|YOUR 3RD + UNIT COSTS||
000004119|4|9 models|75|
000004120|1|YOUR 1ST UNIT COSTS||
000004120|2|1 model|170|
000004120|3|YOUR 2ND + UNIT COSTS||
000004120|4|1 model|180|
000004121|1|YOUR 1ST TO 2ND UNITS COST||
000004121|2|2 models| 85|
000004121|3|4 models| 175|
000004121|4|YOUR 3RD + UNIT COSTS||
000004121|5|2 models|100|
000004121|6|4 models|190|
000004122|1|YOUR UNIT COSTS||
000004122|2|3 models|55|
000004122|3|6 models|110|
000004123|1|YOUR UNIT COSTS||
000004123|2|1 model| 305|
000004124|1|YOUR 1ST TO 2ND UNITS COST||
000004124|2|1 model| 320|
000004124|3|YOUR 3RD + UNIT COSTS||
000004124|4|1 model| 340|
000004125|1|YOUR UNIT COSTS||
000004125|2|3 models|65|
000004125|3|6 models|130|
000004126|1|YOUR UNIT COSTS||
000004126|2|3 models|80|
000004126|3|6 models|160|
000004127|1|YOUR UNIT COSTS||
000004127|2|10 models|115|
000004128|1|YOUR UNIT COSTS||
000004128|2|10 models|90|
000004129|1|YOUR UNIT COSTS||
000004129|2|1 model|70|
000004130|1|YOUR UNIT COSTS||
000004130|2|1 model|65|
000004131|1|YOUR 1ST TO 2ND UNITS COST||
000004131|2|3 Wolf Guard Headtakers|85|
000004131|3|3 Wolf Guard Headtakers, 3 Hunting Wolves|115|
000004131|4|6 Wolf Guard Headtakers|170|
000004131|5|6 Wolf Guard Headtakers, 6 Hunting Wolves|230|
000004131|6|YOUR 3RD + UNIT COSTS||
000004131|7|3 Wolf Guard Headtakers|95|
000004131|8|3 Wolf Guard Headtakers, 3 Hunting Wolves|125|
000004131|9|6 Wolf Guard Headtakers|180|
000004131|10|6 Wolf Guard Headtakers, 6 Hunting Wolves|240|
000004132|1|YOUR 1ST TO 2ND UNITS COST||
000004132|2|5 models|100|
000004132|3|10 models|200|
000004132|4|YOUR 3RD + UNIT COSTS||
000004132|5|5 models|110|
000004132|6|10 models|210|
000004133|1|YOUR 1ST TO 2ND UNITS COST||
000004133|2|1 model|135|
000004133|3|YOUR 3RD + UNIT COSTS||
000004133|4|1 model|145|
000004134|1|YOUR 1ST TO 2ND UNITS COST||
000004134|2|1 model|340|
000004134|3|YOUR 3RD + UNIT COSTS||
000004134|4|1 model|355|
000004135|1|YOUR UNIT COSTS||
000004135|2|1 model| 50|
000004136|1|YOUR UNIT COSTS||
000004136|2|1 model| 40|
000004137|1|YOUR UNIT COSTS||
000004137|2|5 models|85|
000004137|3|10 models|160|
000004138|1|YOUR UNIT COSTS||
000004138|2|5 models|160|
000004138|3|10 models|320|
000004139|1|YOUR 1ST TO 2ND UNITS COST||
000004139|2|1 model|220|
000004139|3|YOUR 3RD + UNIT COSTS||
000004139|4|1 model|240|
000004140|1|YOUR UNIT COSTS||
000004140|2|1 model| 85|
000004141|1|YOUR UNIT COSTS||
000004141|2|1 model|45|
000004142|1|YOUR UNIT COSTS||
000004142|2|1 model|70|
000004143|1|YOUR 1ST TO 2ND UNITS COST||
000004143|2|3 models|80|
000004143|3|6 models| 170|
000004143|4|YOUR 3RD + UNIT COSTS||
000004143|5|3 models|90|
000004143|6|6 models| 180|
000004144|1|YOUR 1ST TO 2ND UNITS COST||
000004144|2|3 models| 75|
000004144|3|6 models| 150|
000004144|4|YOUR 3RD + UNIT COSTS||
000004144|5|3 models| 85|
000004144|6|6 models| 160|
000004145|1|YOUR UNIT COSTS||
000004145|2|2 models| 100|
000004146|1|YOUR 1ST TO 2ND UNITS COST||
000004146|2|1 model| 70|
000004146|3|2 models| 140|
000004146|4|YOUR 3RD + UNIT COSTS||
000004146|5|1 model|80|
000004146|6|2 models|150|
000004147|1|YOUR 1ST TO 3RD UNITS COST||
000004147|2|1 model| 70|
000004147|3|YOUR 4TH + UNIT COSTS||
000004147|4|1 model|80|
000004148|1|YOUR UNIT COSTS||
000004148|2|1 model|100|
000004149|1|YOUR 1ST UNIT COSTS||
000004149|2|1 model|400|
000004149|3|YOUR 2ND + UNIT COSTS||
000004149|4|1 model|420|
000004155|1|YOUR UNIT COSTS||
000004155|2|1 model|100|
000004156|1|YOUR UNIT COSTS||
000004156|2|10 models|115|
000004157|1|YOUR 1ST TO 2ND UNITS COST||
000004157|2|5 models|75|
000004157|3|YOUR 3RD + UNIT COSTS||
000004157|4|5 models|85|
000004158|1|YOUR UNIT COSTS||
000004158|2|1 model| 70|
000004159|1|YOUR UNIT COSTS||
000004159|2|1 model| 50|
000004160|1|YOUR UNIT COSTS||
000004160|2|1 model|115|
000004161|1|YOUR UNIT COSTS||
000004161|2|1 model|75|
000004162|1|YOUR 1ST TO 3RD UNITS COST||
000004162|2|1 model| 70|
000004162|3|YOUR 4TH + UNIT COSTS||
000004162|4|1 model|80|
000004163|1|YOUR UNIT COSTS||
000004163|2|2 models| 95|
000004163|3|4 models| 190|
000004164|1|YOUR UNIT COSTS||
000004164|2|5 models|85|
000004164|3|6 models|100|
000004164|4|11 models|190|
000004164|5|12 models|205|
000004165|1|YOUR UNIT COSTS||
000004165|2|1 model|115|
000004166|1|YOUR UNIT COSTS||
000004166|2|1 model|90|
000004167|1|YOUR UNIT COSTS||
000004167|2|1 model| 90|
000004168|1|YOUR UNIT COSTS||
000004168|2|5 models|65|
000004168|3|10 models|110|
000004169|1|YOUR UNIT COSTS||
000004169|2|5 models| 70|
000004169|3|10 models| 140|
000004170|1|YOUR UNIT COSTS||
000004170|2|3 models|125|
000004170|3|4 models|150|
000004170|4|6 models|210|
000004170|5|7 models|245|
000004171|1|YOUR UNIT COSTS||
000004171|2|5 models|125|
000004171|3|6 models|150|
000004171|4|10 models|250|
000004171|5|11 models|275|
000004173|1|YOUR UNIT COSTS||
000004173|2|2 models|65|
000004174|1|YOUR UNIT COSTS||
000004174|2|5 models|100|
000004174|3|10 models|200|
000004175|1|YOUR UNIT COSTS||
000004175|2|5 models|100|
000004175|3|10 models|190|
000004176|1|YOUR UNIT COSTS||
000004176|2|5 models|70|
000004177|1|YOUR UNIT COSTS||
000004177|2|2 models|50|
000004178|1|YOUR UNIT COSTS||
000004178|2|1 model|75|
000004182|1|YOUR UNIT COSTS||
000004182|2|6 models| 90|
000004182|3|12 models| 180|
000004183|1|YOUR UNIT COSTS||
000004183|2|1 model| 155|
000004184|1|YOUR UNIT COSTS||
000004184|2|1 model| 105|
000004185|1|YOUR 1ST UNIT COSTS||
000004185|2|3 models|110|
000004185|3|6 models| 230|
000004185|4|YOUR 2ND + UNIT COSTS||
000004185|5|3 models|130|
000004185|6|6 models| 250|
000004185|7|WARGEAR OPTIONS||
000004185|8|per Banner of Macragge| 15|
000004185|9|per Blades of honour|10|
000004186|1|YOUR UNIT COSTS||
000004186|2|1 model| 185|
000004187|1|YOUR UNIT COSTS||
000004187|2|1 model| 100|
000004188|1|YOUR UNIT COSTS||
000004188|2|6 models| 120|
000004189|1|YOUR UNIT COSTS||
000004189|2|10 models|120|
000004190|1|YOUR UNIT COSTS||
000004190|2|5 models| 145|
000004191|1|YOUR 1ST TO 2ND UNITS COST||
000004191|2|5 models|110|
000004191|3|10 models|210|
000004191|4|YOUR 3RD + UNIT COSTS||
000004191|5|5 models|120|
000004191|6|10 models|220|
000004192|1|YOUR UNIT COSTS||
000004192|2|1 model| 60|
000004193|1|YOUR UNIT COSTS||
000004193|2|1 model|95|
000004194|1|YOUR UNIT COSTS||
000004194|2|1 model|85|
000004195|1|YOUR UNIT COSTS||
000004195|2|1 model|70|
000004195|3|2 models|140|
000004196|1|YOUR UNIT COSTS||
000004196|2|5 models| 75|
000004196|3|10 models| 140|
000004197|1|YOUR UNIT COSTS||
000004197|2|1 model|85|
000004198|1|YOUR UNIT COSTS||
000004198|2|1 model|95|
000004199|1|YOUR UNIT COSTS||
000004199|2|5 models| 75|
000004199|3|10 models| 140|
000004200|1|YOUR UNIT COSTS||
000004200|2|1 model|70|
000004200|3|2 models|140|
000004201|1|YOUR UNIT COSTS||
000004201|2|1 model| 85|
000004202|1|YOUR UNIT COSTS||
000004202|2|1 model|75|
000004203|1|YOUR UNIT COSTS||
000004203|2|2 models| 230|
000004204|1|YOUR UNIT COSTS||
000004204|2|YOUR UNIT COSTS||
000004204|3|1 model|80|
000004204|4|1 model|80|
000004204|5|YOUR UNIT COSTS||
000004204|6|1 model|80|
000004205|1|YOUR UNIT COSTS||
000004205|2|1 model|120|
000004206|1|YOUR 1ST TO 2ND UNITS COST||
000004206|2|3 models| 165|
000004206|3|YOUR 3RD + UNIT COSTS||
000004206|4|3 models| 175|
000004207|1|YOUR 1ST UNIT COSTS||
000004207|2|1 model|270|
000004207|3|YOUR 2ND + UNIT COSTS||
000004207|4|1 model| 310|
000004207|5|WARGEAR OPTIONS||
000004207|6|per Hades lascannon| 15|
000004207|7|per Heavy reaper autocannon| 15|
000004208|1|YOUR 1ST UNIT COSTS||
000004208|2|1 model|300|
000004208|3|YOUR 2ND + UNIT COSTS||
000004208|4|1 model| 350|
000004208|5|WARGEAR OPTIONS||
000004208|6|per Heavy reaper autocannon|15|
000004208|7|per Hades lascannon|15|
000004209|1|YOUR 1ST UNIT COSTS||
000004209|2|1 model|300|
000004209|3|YOUR 2ND + UNIT COSTS||
000004209|4|1 model| 350|
000004209|5|WARGEAR OPTIONS||
000004209|6|per Heavy reaper autocannon|15|
000004209|7|per Hades lascannon|15|
000004210|1|YOUR UNIT COSTS||
000004210|2|1 model|180|
000004211|1|YOUR 1ST TO 2ND UNITS COST||
000004211|2|5 models| 105|
000004211|3|YOUR 3RD + UNIT COSTS||
000004211|4|5 models| 120|
000004212|1|YOUR 1ST TO 2ND UNITS COST||
000004212|2|5 models|115|
000004212|3|YOUR 3RD + UNIT COSTS||
000004212|4|5 models|130|
000004213|1|YOUR 1ST TO 2ND UNITS COST||
000004213|2|1 model|265|
000004213|3|YOUR 3RD + UNIT COSTS||
000004213|4|1 model|280|
000004214|1|YOUR UNIT COSTS||
000004214|2|1 model|100|
000004215|1|YOUR UNIT COSTS||
000004215|2|1 model| 135|
000004216|1|YOUR UNIT COSTS||
000004216|2|1 model| 120|
000004217|1|YOUR UNIT COSTS||
000004217|2|1 model|125|
000004218|1|YOUR UNIT COSTS||
000004218|2|1 model|65|
000004219|1|YOUR UNIT COSTS||
000004219|2|1 model|70|
000004219|3|2 models|140|
000004220|1|YOUR 1ST TO 3RD UNITS COST||
000004220|2|1 model| 65|
000004220|3|YOUR 4TH + UNIT COSTS||
000004220|4|1 model|75|
000004221|1|YOUR UNIT COSTS||
000004221|2|1 model|200|
000004222|1|YOUR 1ST TO 3RD UNITS COST||
000004222|2|1 model| 65|
000004222|3|YOUR 4TH + UNIT COSTS||
000004222|4|1 model|75|
000004223|1|YOUR UNIT COSTS||
000004223|2|1 model|70|
000004223|3|2 models|140|
000004224|1|YOUR UNIT COSTS||
000004224|2|10 models|80|
000004225|1|YOUR UNIT COSTS||
000004225|2|1 model|130|
000004226|1|YOUR UNIT COSTS||
000004226|2|1 model|130|
000004227|1|YOUR UNIT COSTS||
000004227|2|1 model|35|
000004228|1|YOUR UNIT COSTS||
000004228|2|1 model|50|
000004229|1|YOUR 1ST TO 2ND UNITS COST||
000004229|2|1 model|135|
000004229|3|YOUR 3RD + UNIT COSTS||
000004229|4|1 model|145|
000004231|1|YOUR UNIT COSTS||
000004231|2|YOUR UNIT COSTS||
000004231|3|3 models|80|
000004231|4|3 models|80|
000004231|5|YOUR UNIT COSTS||
000004231|6|3 models|80|
000004232|1|YOUR UNIT COSTS||
000004232|2|1 model|75|
000004233|1|YOUR UNIT COSTS||
000004233|2|1 model|80|
000004234|1|YOUR UNIT COSTS||
000004234|2|YOUR UNIT COSTS||
000004234|3|1 model|60|
000004234|4|1 model|60|
000004234|5|YOUR UNIT COSTS||
000004234|6|1 model|60|
000004235|1|YOUR UNIT COSTS||
000004235|2|3 models|90|
000004235|3|6 models|180|
000004236|1|YOUR UNIT COSTS||
000004236|2|1 model|80|
000004237|1|YOUR UNIT COSTS||
000004237|2|1 model|60|
000004238|1|YOUR UNIT COSTS||
000004238|2|1 model|70|
000004239|1|YOUR UNIT COSTS||
000004239|2|1 model|10|
000004240|1|YOUR UNIT COSTS||
000004240|2|1 model|70|
000004240|3|2 models|130|
000004241|1|YOUR 1ST TO 2ND UNITS COST||
000004241|2|1 model|150|
000004241|3|YOUR 3RD + UNIT COSTS||
000004241|4|1 model|160|
000004241|5|WARGEAR OPTIONS||
000004241|6|per Zzap Gun|10|
000004242|1|YOUR UNIT COSTS||
000004242|2|1 model|175|
000004243|1|YOUR UNIT COSTS||
000004243|2|1 model|85|
000004243|3|2 models|160|
000004244|1|YOUR UNIT COSTS||
000004244|2|1 model|70|
