faction_id|name|id|cost|detachment|detachment_id|upgrade|legend|description|support_leader|
AC|Aegis Projector|000008921002|20|Talons Of The Emperor|000000861|false|This archeotech field projector triggers in response to autopremonitory danger input. It pulse-casts a temporary force field that can stave off even the most powerful attacks, before charging ready for another use.|ADEPTUS Custodes model only. Once per turn, the first time a saving throw is failed for the bearer’s unit, change the Damage characteristic of that attack to 0.||
AC|Superior Creation|000009987002|25|Lions of the Emperor|000001029|false|The cellular alchemy by which this heroic warrior was forged has rendered them breathtakingly resilient.|Adeptus Custodes Infantry model only. The first time the bearer is destroyed, roll one D6 at the end of the phase. On a 2+, set the bearer back up on the battlefield, as close as possible to where it was destroyed and not within Engagement Range of one or more enemy units, with its full wounds remaining.||
AC|Encircling Hunter|000010996002|15|Silent Hunters|000001165|false|Possessed of years’ experience hunting duplicitous and evasive witches, this Knight-Centura is skilled in ensuring every escape route is covered and their unknowing target reeling in horror and confusion.|ANATHEMA PSYKANA model only. When both players have deployed their armies, you can redeploy up to three friendly ANATHEMA PSYKANA INFANTRY units. When doing so, you can set those units up in strategic reserves, regardless of how many units are already in <b>strategic reserves</b>.||
AC|Auric Mantle|000008395002|15|Shield Host|000000765|false|This auramite weave garment is draped about its wearers shoulders before they don their battle armour. It forms a final, incredibly resilient layer of protection for them should all their other defences fail.|Shield-Captain or Blade Champion model only. Add 2 to the bearer’s Wounds characteristic.||
AC|Blade Imperator|000008930002|25|Auric Champions|000000863|false|This warrior is the Emperors own wrath made manifest, the living weapon of the Master of Mankind.|Adeptus Custodes model only. Each time the bearer’s unit ends a Charge move, select one enemy unit within Engagement Range of the bearer and roll one D6: on a 4+, that enemy unit suffers D3 mortal wounds. Once per battle, after the bearer s unit ends a Charge move, all enemy units within 6" of the bearer must take a Battle-shock test.||
AC|Voidstrider|000009264002|0|Voyagers in Darkness|000000909|false|At home in voidborne warfare, this superhuman warrior is able to move with marked purpose and speed.|Add 2" to the bearer’s Move characteristic.||
AC|Adamantine Talisman|000009753002|25|Solar Spearhead|000000986|false|This amulet contains a reservoir of promethium harvested from the wreckage of one of the Adeptus Custodes’ most ancient Land Raiders. The fluid is said to possess the last lingering traces of that ancient vehicle’s bellicose machine spirit, inspiring greater might and ferocity within its bearer.|<span class="kwb">ADEPTUS</span> <span class="kwb">CUSTODES</span> model only. Improve the Attacks, Strength and Damage characteristics of melee weapons equipped by the bearer by 1.||
AC|Interred Expertise|000010992002|25|Might of the Moritoi|000001164|true|The eldest warriors of the Moritoi are revered champions with centuries of battle experience, whose strikes efficiently exploit their foes’ every weakness.|ADEPTUS CUSTODES WALKER unit only. This unit’s attacks can:<br><ul><li>Re-roll hit rolls of 1.</li><li>Re-roll wound rolls of 1.</li></ul>||
AC|Mnemo-Locked Shrine Cipher|000011000002|25|Tharanatoi Hammerblow|000001166|false|This encrypted activation code dates back to before the Emperor’s compact with Mars. Committed to the enhanced memory of the bearer, it can be uttered to cut through a teleportarium shrine’s layers of ageing protocols to deliver armoured death in the blink of an eye.|ADEPTUS CUSTODES TERMINATOR model only. In your first Movement phase, this unit can make an ingress move.||
AC|Enhanced Voidsheen Cloak|000008926002|10|Null Maiden Vigil|000000862|false|Now rare, enhanced voidsheen cloaks were worn by commanders of the Sisters of Silence during the Great Crusade. They are made from micro-vitrious mesh designed to diffract and absorb attacks, and include inbuilt refractor fields.|Anathema Psykana model only. Each time an attack is allocated to the bearer, subtract 1 from the Damage characteristic of that attack. If that attack was made by a <span class="kwb">PSYKER</span> or Battle-shocked model, change the Damage characteristic of that attack to 1 instead.||
AC|The Vratine Aquila (Aura)|000009273002|0|Black Ship Guardians|000000910|false|This ancient device is said to have been crafted for use during a vital conclave during the waning days of the Great Crusade, wreathing its bearer in energy veils.|ANATHEMA PSYKANA model only. While a friendly <span class="kwb">ANATHEMA</span> <span class="kwb">PSYKANA</span> unit is within 3" of the bearer, models in that unit have a 4+ invulnerable save.||
AC|Inspirational Exemplar|000008930003|10|Auric Champions|000000863|false|Here is a singular being even the mighty Custodians can look up to and be inspired by|Adeptus Custodes model only. The bearer has a Leadership characteristic of 5+. Once per battle, at the start of any phase, you can select one friendly <span class="kwb">ADEPTUS</span> <span class="kwb">CUSTODES</span> unit that is Battle-shocked and within 12" of the bearer; that unit is no longer Battle-shocked.||
AC|Mantle of the Emissary|000009264003|0|Voyagers in Darkness|000000909|false|This ancient cloak symbolises its wearer’s dedication to a vision-sent mission from the Emperor, and fills them with overwhelming purpose and determination.|The bearer has an Objective Control characteristic of 5.||
AC|Praesidius|000009987003|25|Lions of the Emperor|000001029|false|Fashioned by the Terran armourer Annah Tsvochakin in the latter years of the 32nd millennium, the stunningly worked Praesidius is a singular artefact. Nestled within its golden form are a series of microshield generators and stealth emitters. Employing a modification of displacer technology, the shield generates small localised displacement bubbles at the point of impact, literally beaming bolts, bullets and the tips of blades harmlessly away from its bearer.|Adeptus Custodes model only. The bearer has the Lone Operative and Stealth abilities.||
AC|Champion of the Imperium|000008921003|25|Talons Of The Emperor|000000861|false|This leader is amongst the finest martial champions in all the Emperor's realm, and their mere presence inspires their followers to remarkable efforts.|ADEPTUS CUSTODES model only. The range of the bearer’s Null Aegis or Deadly Unity ability is increased to 9".||
AC|Augury Uplink|000009753003|35|Solar Spearhead|000000986|false|The war engines of the Adeptus Custodes possess an array of augury equipment that combines to build an intricate picture of the unfolding conflict, enabling the bearer to tap into this accumulated data stream, detect incoming threats and angle their armour to repel the worst of enemy attacks.|<span class="kwb">ADEPTUS</span> <span class="kwb">CUSTODES</span> model only. The bearer has the Feel No Pain 5+ ability.||
AC|Efficient Aggression|000011000003|25|Tharanatoi Hammerblow|000001166|false|This heavily armoured commander constantly seeks opportunities to exploit the foe’s show of force, leading advances into the teeth of the enemy where lesser warriors would quail.|ADEPTUS CUSTODES TERMINATOR model only. (Once per turn, per army) In your opponent’s Shooting phase, when an enemy unit has shot, if this unit lost a wound as a result of those attacks, this unit can make a surge move of up to D6+1". ||
AC|Sinister Presence (Aura)|000009273003|0|Black Ship Guardians|000000910|false|So deeply unsettling is the null aura surrounding this warrior that it causes unreasoning paranoia to spread amongst her foes, shattering their focus.|ANATHEMA PSYKANA model only. While an enemy unit is within 6" of the bearer (when measuring this distance, Walls and closed Hatchways are ignored), that unit cannot Seize objective markers and, in your opponent’s Command phase, that unit must take a Battle-shock lest. This Enhancement cannot cause a unit to take two Battle-shock tests in the same phase.||
AC|Auramite Sarcophagus|000010992003|15|Might of the Moritoi|000001164|true|These ancient sarcophagi are hardened with age and threaded with Dark Age mechanisms. When the warrior within slams their metallic form into the foe, they can crack armour, pulverise bone and wreck enemy war machines.|ADEPTUS CUSTODES WALKER unit only. When you target this unit with the Crushing Impact <b>stratagem</b>, that use is -1 <b>CP</b>.||
AC|Psyk-Out Grenades|000010996003|10|Silent Hunters|000001165|true|These small, artificer-wrought explosives are deadly enough to lesser foes. Yet the favoured prey of the Sisters of Silence are excruciated or stunned by the grenades’ psi-refractive particles, convulsing in a vortex of despair.|ANATHEMA PSYKANA unit only.<br><ul><li>This unit has <span class="kwb">EXPLOSIVES</span>.</li><li>When you target this unit with the Explosives <b>stratagem</b>, if you select an enemy <span class="kwb">PSYKER</span> unit, you can re-roll rolls to determine whether that enemy unit suffers a mortal wound.</li></ul>||
AC|Castellan’s Mark|000008395003|20|Shield Host|000000765|false|This finely worked pauldron is awarded to whichever living Custodian currently holds the greatest tally of victories in the Blood Games. The one who bears the Castellan 's Mark is guaranteed to be a superlative strategic genius.|Shield-Captain model only. After both players have deployed their armies, you can select up to two Adeptus Custodes units from your army (excluding Anathema Psykana units) and redeploy all of those units. When doing so, any of those units can be placed into Strategic Reserves, regardless of how many units are already in Strategic Reserves.||
AC|Huntress’ Eye|000008926003|15|Null Maiden Vigil|000000862|false|This ancient bionic acts like a miniature animus speculum, focusing the bearers null abilities into a stare that can literally terrify foes to death.|Anathema Psykana model only. In your Command phase, select one enemy unit within 12" of the bearer. That unit must take a Battle-shock test.||
AC|Honoured Fallen (Aura)|000009753004|15|Solar Spearhead|000000986|false|The eldest warriors of the Moritoi are revered champions with centuries of battle experience, and their presence on the battlefield is inspirational.|Adeptus Custodes Vehicle model only. While a friendly Adeptus Custodes Infantry or Adeptus Custodes Mounted unit is within 6" of the bearer, each time a model in that unit makes an attack, re-roll a Hit roll of 1.||
AC|Martial Philosopher|000008930004|30|Auric Champions|000000863|false|Few in the history of the Imperium have been so skilled in reading - and directing- the ebb and flow of battle.|Adeptus Custodes model only. The bearer’s unit is eligible to shoot and/or declare a charge in a turn in which it Fell Back. Once per battle, in your opponent's Movement phase, when an enemy unit ends a Normal, Advance or Fall Back move within 8" of the bearer, if the bearer’s unit is not within Engagement Range of one or more enemy units, it can make a Normal move of up to 6".||
AC|Oblivion Knight|000008926004|25|Null Maiden Vigil|000000862|false|Oblivion Knights are among the most powerful and experienced of the Sisters of Silence. When one leads their sisters in the field, witches must truly beware.|Anathema Psykana model only. While the bearer is leading a unit, each time a model in that unit makes an attack, add 1 to the Hit roll. If that attack targeted an enemy <span class="kwb">PSYKER</span> unit, add 1 to the Wound roll as well.||
AC|Gift of Terran Artifice|000008921004|15|Talons Of The Emperor|000000861|false|This warrior wields a close-quarters weapon crafted by the finest noble artisans of Terra, the workmanship of which is magnificent in its lethality.|ADEPTUS CUSTODES model only. Each time the bearer makes a melee attack, add 1 to the Wound roll.||
AC|Fierce Conqueror|000009987004|15|Lions of the Emperor|000001029|false|This Captain-Commander has trained extensively to face multiple foes at once, knowing that the Custodes will always be outnumbered.|Shield-Captain model only. At the start of the Fight phase, until the end of the phase, add 2 to the Attacks characteristic of melee weapons equipped by the bearer for every 5 enemy models within 6" of the bearer (rounding down).||
AC|From the Hall of Armouries|000008395004|20|Shield Host|000000765|false|The racks of the Adeptus Custodes’ armouries yield up some of the most finely crafted close-quarters weaponry borne by any soldiers of the Imperium.|Shield-Captain model only. Add 1 to the Strength and Damage characteristics of the bearer’s melee weapons.||
AC|Admonimortis|000009987005|30|Lions of the Emperor|000001029|false|A relic of the Dread Host, this towering blade was wrought to make a bloody example of those who dare to set themselves against the might of Terra.|Shield-Captain model only. Improve the Strength characteristic of melee weapons equipped by the bearer by 3, and improve the Armour Penetration and Damage characteristics of those weapons by 1.||
AC|Panoptispex|000008395005|5|Shield Host|000000765|false|This incredibly advanced precursor to Imperial auspicators is able to see through solid objects and into esoteric spectra, meaning no malcontent against the Throne can ever hide from its bearer’s gaze.|Shield-Captain or Blade Champion model only. While the bearer is leading a unit, ranged weapons equipped by models in that unit have the [IGNORES cover] ability.||
AC|Veteran of the Kataphraktoi|000009753005|10|Solar Spearhead|000000986|false|This champion has served amongst the Kataphraktoi and is a master at coordinating swift armoured assaults.|Adeptus Custodes Infantry or Adeptus Custodes Mounted model only. In your Command phase, select one Adeptus Custodes Vehicle or <span class="kwb">ADEPTUS</span> <span class="kwb">CUSTODES</span> <span class="kwb">MOUNTED</span> unit within 6" of the bearer. Until the start of your next Command phase, that unit is eligible to shoot in a turn in which it Fell Back.||
AC|Raptor Blade|000008926005|5|Null Maiden Vigil|000000862|false|The Raptor Blade is an ancient relic of the Null Maidens, as razor sharp now as it was on the day of its forging and ever the bane of witches.|Anathema Psykana model only. Add 1 to the Attacks, Strength and Damage characteristics of the bearers melee weapons. While the bearer is within Engagement Range of one or more enemy <span class="kwb">PSYKER</span> units that are Battle-shocked, add 2 to the Attacks, Strength and Damage characteristics of the bearer’s melee weapons instead.||
AC|Veiled Blade|000008930005|25|Auric Champions|000000863|false|Said to have been fashioned for dark deeds during the Horus Heresy, this blade is an icon of vengeance.|Adeptus Custodes model only. Add 2 to the Attacks characteristic of the bearers melee weapons. Once per battle, at the start of any Command phase, triple the bearer’s Objective Control characteristic until the end of the turn.||
AC|Radiant Mantle|000008921005|30|Talons Of The Emperor|000000861|false|The golden glory of the Emperor himself glows around this magnificent warrior like Sol's own fire. Enemies are blinded by its light, forced to recoil in pain and terror.|ADEPTUS CUSTODES model only. Each time an attack targets the bearer’s unit, if the attacking model is within 12", subtract 1 from the Hit roll.||
AdM|Voltagheist Reliquary|000010879002|15|Luminen Auto-choir|000001160|false|The wild voltagheists said to inhabit this holy casket are more aggressive and intrusive than those that guard the Electro-Priests, and surge in interfering pulses that scramble the foe’s sensors.|TECH-PRIEST model only. Enemy units cannot target this unit with <b>snap shooting</b> attacks||
AdM|Admonissor Shunt|000009290002|0|Response Clade|000000913|false|Senior Skitarii officers can be augmented with cybernetic override emitters that release protocol blurts to force compliance from their footsoldiers.|Once per battle, at the start of any phase, if the bearer is on the battlefield, you can select one friendly SKiTARii unit that is Battle-shocked. That unit is no longer Battle-shocked.||
AdM|Explorator Dispensation|000010871002|20|Cohort Acquisitus|000001158|false|Mantled in a susurrus of shrouding code and implanted sensor baffles, this commander has been granted a holy commission to extend their forge world’s influence at the forefront of the Quest for Knowledge.|SKITARII MARSHAL model only. This unit has <b>Infiltrators</b>||
AdM|Mechanicus Locum|000008564002|5|Data-Psalm Conclave|000000821|false|Amongst every congregation of Tech-Priests are masters of arcane knowledge - inspirational leaders of the cybernetic and the mechanical.|TECH-PRIEST model only. The bearer has a Leadership characteristic of 6+ and, once per battle, at the start of any phase, you can select one friendly CULT MECHANICUS unit that is Battle-shocked and within 12" of the bearer. That unit is no longer Battle-shocked.||
AdM|Vingh’s Wafers of Dynamism|000010875002|25|Lords of the Forge|000001159|false|The inimitable holy programming within these doctrina wafers elicits a bullish agility in a Datasmith’s cybernetic wards. So commanded, such robots have scaled rusting piles of shifting scree, bulldozed their way through heretek defences and smashed breaches in space hulk passages.|CYBERNETICA DATASMITH model only. At the start of the first battle round, if this unit is an <b>attached unit</b>, this unit has MOBILE until the end of the battle.||
AdM|Omnicogitator|000010747002|25|Eradication Cohort|000001143|false|This unique tactical-cogitation augmetic provides its bearer with a wealth of situation-appropriate responses in even the most intense battle.|Skitarii Marshal model only. The Conqueror Imperative and Protector Imperative are both active for the bearer’s unit.||
AdM|Remote Lockdown|000009281002|0|Electromartyrs|000000912|false|The Tech-Priest noospherically harmonises with the machine spirit of a nearby hatchway and seeks to render it stubbornly uncompliant to the foe.|Once per battle round, when an enemy unit attempts to operate a Hatchway, if that Hatchway is within 9" of and visible to the bearer, it can use this Enhancement. If it does, it can attempt to prevent that unit from operating that Hatchway as if the bearer was within 1" of that Hatchway.||
AdM|Beseech the Machine Spirits|000009298002|0|Machine Cult|000000914|false|With acts of electroflagellation, the faithful seek the aid of the vessels systems.|At the end of the Move Units step of your Movement phase, the bearer can attempt to operate a Hatchway that is visible to and within 9" of it, instead of one within 1". When doing so, if your opponent attempts to prevent it, add the bearers Toughness characteristic to your result of the roll-off, instead of that of a friendly model within 1" of that Hatchway.||
AdM|Cantic Thrallnet|000008560002|25|Skitarii Hunter Cohort|000000820|false|Proclaimed to be a direct data-link to the will of the Omnissiah himself, this neuro-entanglement matrix allows for hyper-optimised combat cogitation.|SKITARII MARSHAL model only. At the start of the battle round, you can select one friendly SKITARII unit within 12" of the bearer. Until the start of the next battle round, the Protector Imperative and the Conqueror Imperative are both active for that unit.||
AdM|Transoracular Dyad Wafers|000009745002|15|Haloscreed Battle Clade|000000984|false|Inloaded with advanced combat protocols, tactical hymnals and holy autoscripture, these doctrina wafers grant greater autonomy and destructive might to the constructs of the Legio Cybernetica.|Cybernetica Datasmith model only. When the bearer is attached to a Kastelan Robots unit, until the end of the battle, models in that unit gain the <span class="kwb">HALO</span> <span class="kwb">OVERRIDE</span> keyword. That unit cannot be selected when selecting units as part of the Noospheric Transference Detachment rule.||
AdM|Magos|000008568002|10|Explorator Maniple|000000822|false|Magi are masters of fiercely guarded knowledge, pursuing esoteric agendas at all costs. No risk is too great and no gambit too unwise in their ceaseless and predatory acquisition of ancient lore.|TECH-PRIEST model only. At the end of your Command phase, if the bearer is within range of your Acquisition objective marker, roll one D6: on a 4+, you gain 1CP.||
AdM|Necromechanic|000008572002|20|Cohort Cybernetica|000000823|false|The blessed healing of machinery is the sign of a true shepherd of the Omnissiah’s flock.|TECH-PRIEST model only. Once per battle round, when a saving throw made for a friendly LEGIO CYBERNETICA or ADEPTUS MECHANICUS VEHICLE model within 12" of the bearer is failed, the bearer can use this Enhancement. If they do, change the Damage characteristic of that attack to 0.||
AdM|Radial Suffusion|000008385002|25|Rad-Zone Corps|000000762|false|By transmitting their precision battlefield observations, this servant of the Omnissiah ensures the saturation of the enemy position is a creeping curse, spreading a hazardous suffusion towards those foes seeking to outrun the vengeance of the Machine God.|<span class="kwb">ADEPTUS</span> <span class="kwb">MECHANICUS</span> model only. From the second battle round onwards, when resolving the Fallout effect of the Rad-bombardment Detachment rule, if the bearer is on the battlefield, roll one D6 for each enemy unit within 6" of your opponent’s deployment zone, in addition to those that are within your opponent’s deployment zone.||
AdM|Mantle of the Gnosticarch|000008564003|10|Data-Psalm Conclave|000000821|false|The toughened weave of this hooded robe includes hypo-ceramic threads, thermoplastics and terranic polymers that create a holy shroud capable of resisting the infernos of plasma reactors.|TECH-PRIEST model only. Each time an attack is allocated to the bearer, change the Damage characteristic of that attack to 1.||
AdM|TL-4Ø9|000010875003|30|Lords of the Forge|000001159|false||||
AdM|Harmonic Discordator|000009298003|0|Machine Cult|000000914|false|Voices cyber-modulated to hideously unsettling pitches, the faithful of the Omnissiah weaponise their hymnals.|In the Battle-shock step of your opponents Command phase, if an enemy unit that is below its Starting Strength is within 3" of the bearer, that unit must take a Battle-shock test. If that enemy unit is also Below Half-strength, subtract 1 from that test. This Enhancement cannot cause a unit to take two Battle-shock tests in the same phase.||
AdM|Martial Signatum Amplificator|000010747003|15|Eradication Cohort|000001143|false|This strange device taps into the data-tethers that carry Skitarii command imperatives and disseminates them to other, less soldierly servants of the Omnissiah.|Tech-Priest model only. Models in the bearer’s unit have the Skitarii keyword.||
AdM|Malphonic Susurrus|000008385003|20|Rad-Zone Corps|000000762|false|This master of splintered choruses leads their followers in a projection of clashing frequencies. Scanners and sensoriums trained in their direction are befouled by the disruptive input.|<span class="kwb">ADEPTUS</span> <span class="kwb">MECHANICUS</span> model only. While the bearer is leading a unit, models in that unit have the Stealth ability.||
AdM|Cognitive Reinforcement|000009745003|30|Haloscreed Battle Clade|000000984|false|From afar, the guiding hand of the Omnissian priesthood allows this warrior to process streams of sensory input and encoded imperatives simultaneously.|<span class="kwb">ADEPTUS</span> <span class="kwb">MECHANICUS</span> model only (excluding Cybernetica Datasmith models). The Conqueror Imperative and Protector Imperative are both active for the bearer’s unit.||
AdM|Multi-dimensional Auspex|000009281003|0|Electromartyrs|000000912|false|No physical barrier can deny the omniscient datasight of the Omnissiah and its blessed servants.|Once per battle, in your Shooting phase, when the bearer is selected to shoot, it can use this Enhancement. If it does, until the end of the phase, it can ignore Walls and closed Hatchways for the purposes of determining visibility, and the Range characteristic of ranged weapons it is equipped with is changed to 6".||
AdM|Stealth-Screened Cybercanids|000010871003|15|Cohort Acquisitus|000001158|true|These veteran raiders have been bestowed with rarefied cybernetic mounts that incorporate stealth‑screen projectors, silenced servos, and photo‑adaptive hides, rendering them all but invisible until they near their prey|SERBERYS RAIDERS unit only. This unit has <b>Lone Operative 15"</b>.||
AdM|Genetor|000008568003|20|Explorator Maniple|000000822|false|Cyborg interfaces, genetic manipulation and alchemical behavioural modification are all avenues of interest to Genetors, and their enhanced creations are formidable in protecting their master’s divine work.|TECH-PRIEST model only. While the bearer is leading a unit that is within range of your Acquisition objective marker, models in that unit have a 4+ invulnerable save.||
AdM|Lord of Machines|000008572003|15|Cohort Cybernetica|000000823|false|An intense burst of viral static can overload those machine spirits yoked to the service of the enemy.|TECH-PRIEST model only. Once per turn, at the start of your opponent’s Shooting phase, select one enemy VEHICLE unit within 12" of and visible to the bearer. That unit must take a Leadership test: if that test is passed, until the end of the phase, each time a model in that unit makes an attack, subtract 1 from the Hit roll; if that test is failed, that unit is not eligible to shoot this phase.||
AdM|Electromiasmic Brazier|000010879003|10|Luminen Auto-choir|000001160|false|This ornate brazier emits incense-laced particulate chaff that swirls in glittering veils. The silvered mist is alive with sacred energies that foul attempts to pinpoint the Omnissiah’s faithful.|TECH-PRIEST model only. This unit has <b>Stealth</b>.||
AdM|Optimised Cogitators|000009290003|0|Response Clade|000000913|false|Skitarii Marshals of shipboard clades often share partial data-symbiosis with the master cogitators of the ship they serve on. This allows them to defend their vessel with nigh-instinctive strategic insight.|Once per battle round, when you target the bearer with a Stratagem, that use of that Stratagem costs 1 less CP than normal.||
AdM|Clandestine Infiltrator|000008560003|15|Skitarii Hunter Cohort|000000820|false|Under cover of auspex scramblers, this holy soldier leads their fellows in a stealthy advance.|SKITARII model only. The bearer, and models in any unit they are leading, have the Infiltrators and Scouts 6" abilities.||
AdM|Peerless Eradicator|000008385004|20|Rad-Zone Corps|000000762|false|This perfectionist zealot directs their minions in the rapid and single-minded termination of all enemies of the Omnissiah.|<span class="kwb">ADEPTUS</span> <span class="kwb">MECHANICUS</span> model only. While the bearer is leading a unit, ranged weapons equipped by models in that unit have the [SUSTAINED HITS 1] ability.||
AdM|Belicosa-Class Capacitor Vanes|000010747004|25|Eradication Cohort|000001143|false|These slender conductor vanes channel esoteric energies into nearby weapon systems, rendering their machine spirits rapacious and bellicose.|Adeptus Mechanicus model only. Add 6" to the Range characteristic of ranged weapons equipped by models in the bearer’s unit, and add 1 to the Strength characteristic of those weapons.||
AdM|Data-blessed Autosermon|000008564004|15|Data-Psalm Conclave|000000821|false|Struck with an infoload of revelation, truly blessed Tech-Priests will override the sacred canticles to deliver the Machine God’s adaptive wisdom.|TECH-PRIEST model only. Once per battle, at the start of your Command phase, you can select the Benediction of the Omnissiah you did not select at the start of the first battle round. Until the start of your next Command phase, that Benediction of the Omnissiah is active for the bearer’s unit in addition to the one that is currently active for your army.||
AdM|Emotionless Clarity|000008572004|10|Cohort Cybernetica|000000823|false|With a mind unsullied by the passions common to the flesh, a Tech-Priest can entreat the machine spirit of a dying war engine to enact one final triumph.|TECH-PRIEST model only. Once per turn, when a friendly LEGIO CYBERNETICA or ADEPTUS MECHANICUS VEHICLE model with the Deadly Demise ability that is within 12" of the bearer is destroyed, the bearer can use this Enhancement. If it does, do not roll to determine whether any mortal wounds are inflicted as a result of that model’s Deadly Demise ability. Instead, mortal wounds are automatically inflicted.||
AdM|Sanctified Ordnance|000009745004|10|Haloscreed Battle Clade|000000984|false|The ammunition borne to battle by this disciple of the Machine God and those at their command has been subjected to ritual anointings and autosermonic blessings, lending it far greater stability.|<span class="kwb">ADEPTUS</span> <span class="kwb">MECHANICUS</span> model only. Add 6" to the range characteristic of ranged weapons equipped by models in the bearer’s unit and, each time a Hazardous test is taken for that unit, you can re-roll the result.||
AdM|Logis|000008568004|15|Explorator Maniple|000000822|false|Data-vores and biocogitators, logi amass huge stores of information. They analyse data from thousands of sources, rationalising every weak point the foe has. It is a fool indeed that stands before a logi and their prize.|TECH-PRIEST model only. While the bearer is leading a unit, each time a model in that unit makes an attack that targets a unit within range of your Acquisition objective marker, add 1 to the Hit roll.||
AdM|Veiled Hunter|000008560004|10|Skitarii Hunter Cohort|000000820|false|In silent supplication, a concentrated burst of noospheric negation manifests as a heavy band of shadow. Under this shroud, this commanders warriors obfuscate the foe’s sensors and confuse their strategy.|SKITARII MARSHAL model only. After both players have deployed their armies, you can select up to three SKITARII INFANTRY units from your army and redeploy all of those units. When doing so, any of those units can be placed into Strategic Reserves, regardless of how many units are already in Strategic Reserves.||
AdM|Omnissiah’s Fury|000010747005|10|Eradication Cohort|000001143|false|A Skitarii Marshal implanted with this thoracic augmetic feels the Machine God’s molten fury flowing through their veins and out into the weapons they wield in battle.|Skitarii Marshal model only. Add 2 to the Attacks characteristic of melee weapons equipped by the bearer, and improve the Armour Penetration and Damage characteristics of those weapons by 1.||
AdM|Autoclavic Denunciation|000008385005|15|Rad-Zone Corps|000000762|false|This devotee harbours a fanatical hatred of the biological. They have learned the secret weaknesses inherent in all flesh and do not hesitate to exploit them.|<span class="kwb">ADEPTUS</span> <span class="kwb">MECHANICUS</span> model only. Ranged weapons equipped by the bearer have the [ANTI-INFANTRY 2+] and [ANTI-MONSTER 4+] abilities.||
AdM|Battle-sphere Uplink|000008560005|25|Skitarii Hunter Cohort|000000820|false|Tapping into infostacks of data emanating from across the wider battle-sphere, this experienced Skitarius synchronises with the flow of wisdom, drawing upon data that enables near-prophetic reactions.|SKITARII model only. In your Shooting phase, after the bearer’s unit has shot, if it is not within Engagement Range of one or more enemy units, that unit can make a Normal move of up to 6". If it does, until the end of the turn, that unit is not eligible to declare a charge.||
AdM|Inloaded Lethality|000009745005|15|Haloscreed Battle Clade|000000984|false|The ancient noospheric receptors implanted into this field commander enable them to receive constant streams of binharic kill code and static prayer chants, lending them greater strength and martial prowess.|Tech-Priest Dominus or Tech-Priest Manipulus model only. Add 3 to the Attacks characteristic of the bearer’s melee weapons and add 1 to the Damage characteristic of the bearer’s melee weapons.||
AdM|Arch-negator|000008572005|5|Cohort Cybernetica|000000823|false|Feeding magneto-voltaic arcs and deadly frequencies into their weapons, the Tech-Priest is death incarnate to blasphemies against the Machine God.|TECH-PRIEST model only. Ranged weapons equipped by the bearer have the [ANTI-VEHICLE 4+] ability.||
AdM|Artisan|000008568005|10|Explorator Maniple|000000822|false|Artisans create wondrous artefacts of war. They install circuits of such beauty, and capacitor-nodes of such fine calibration, that their machine spirits respond with divine gratitude.|TECH-PRIEST model only. While the bearer is leading a unit that is within range of your Acquisition objective marker, once per phase, you can change the result of one Hit roll, one Wound roll or one saving throw made for that unit to an unmodified 6.||
AdM|Temporcopia|000008564005|20|Data-Psalm Conclave|000000821|false|The Temporcopia is a relic from the Dark Age of Technology that releases a swarm of nano-engineered machines. These invisible devices seek out nearby prey, briefly draining electro-chemical potential before their power expires. Enemy warriors slow and stumble, at the mercy of the Tech-Priest’s bodyguard.|TECH-PRIEST model only. The bearer’s unit has the Fights First ability.||
AE|Infamy (Aura)|000010704002|25|Corsair Coterie|000001136|false|These infamous raiders are rightly feared, and use their reputation to their advantage with easily identifiable armour and insignia.|Anhrathe unit only. While an enemy unit is within 3" of this unit, subtract 1 from the Objective Control characteristic of models in that unit (to a minimum of 1).||
AE|Key of Ghosts|000010649002|20|Serpent’s Brood|000001124|false|This mystic wraithbone implement allows the bearer to slip onto the stage from the Webway even before the curtain’s rise, beginning their performance in full and furious flow.|Harlequins model only (excluding Solitaire models). Models in the bearer’s unit have the Scouts 6" ability.||
AE|Prismatic Garb|000009351002|0|Star-dancer Masque|000000922|false|In the close confines of shipboard war, the bewildering effect of this Harlequin’s domino field is redoubled.|Enemy units cannot fire Overwatch at the bearer.||
AE|Direct Guidance|000009342002|0|Wraiths of the Void|000000921|false|Practised in the arts of warfare amidst tangled corridors and chambers, this seer knows how best to guide their spirit warriors to victory.|At the end of your Movement phase, select one friendly WRAiTH CONSTRUCT unit within 6" of and visible to the bearer. Until the end of the turn, that <span class="kwb">WRAITH</span> <span class="kwb">CONSTRUCT</span> unit is eligible to shoot and declare a charge in a turn in which it Fell Back.||
AE|Lucid Eye|000009923002|30|Seer Council|000001023|false|This helm houses a psychocrystalline weave that aids the wearer in sifting clarity and truth from the myriad ghosts of unrealised futures.|Asuryani Psyker model only. In your Command phase, you can add 1 to or subtract 1 from the value of one Fate dice in your Fate dice pool.||
AE|Phoenix Gem|000009899002|35|Warhost|000001017|false|Aeldari myth tells how Isha once drew down the heat of a hundred stars into a glittering gem to save Asuryan. The Phoenix Gem is the only surviving fragment of this ancient stone and retains the power to return life to the fallen.|Asuryani model only. The first time the bearer is destroyed, remove it from play, then, at the end of the phase, roll one D6: on a 2+, set the bearer back up on the battlefield as close as possible to where it was destroyed and not within Engagement Range of one or more enemy units, with its full wounds remaining.||
AE|Firstdrawn Blade|000009903002|10|Windrider Host|000001018|false|Those who lead the Windrider Hosts do so from the front, embodying the first of the Swords of Vaul drawn in wrath.|Asuryani Mounted model only. Models in the bearer’s unit have the Scouts 9" ability.||
AE|A Foot in the Future|000011044002|15|Fateful Performance|000001201|false|Flowing like starlight across the field of battle, this warrior‑artiste leads their chorus in a dance whose speed peaks as they surge into the foe.|TROUPE MASTER model only. This unit can re-roll charge rolls||
AE|Runes of Sanctuary (Psychic)|000009325002|0|Khaine’s Arrow|000000919|false|Before battle was even joined the runes were cast, and this forces safest and truest passage through their foes predicted then committed to heart.|PSYKER model only. Once per turn, in your opponents Shooting phase, when a friendly <span class="kwb">AELDARI</span> unit within 9" of and visible to the bearer is selected as the target of a ranged attack, the bearer can use this Enhancement. If it does, until the end of the phase, each time an attack targets that friendly <span class="kwb">AELDARI</span> unit, worsen the Armour Penetration characteristic of that attack by 1.||
AE|Cegorach’s Coil|000009915002|25|Ghosts of the Webway|000001021|false|This vicious monofilament lariat unspools from its wielder’s gauntlet in a heartbeat, lashing through the foe before retracting as they tumble into bloody chunks.|Troupe Master model only. Each time the bearer’s unit ends a Charge move, select one enemy unit within Engagement Range of the bearer’s unit, then roll one D6 for each model in the bearer’s unit that is within Engagement Range of that enemy unit: for each 4+, that enemy unit suffers 1 mortal wound (to a maximum of 6 mortal wounds).||
AE|Grace of Khaine|000009334002|0|Protector Host|000000920|false|Fighting with lethal agility and perfect balance, this warrior places their every blow to inflict the maximum damage and scythe their enemies' every defence.|Each time the bearer makes an attack, re-roll a Hit roll of 1, re-roll a Wound roll of 1 and re-roll a Damage roll of 1.||
AE|Light of Clarity|000009907002|30|Spirit Conclave|000001019|false|The mind of this Spiritseer shines with psychic illumination, burning away the veils that cloud the senses of the dead.|Spiritseer model only. In your Command phase, select one friendly Wraith Construct unit within 12" of the bearer. Until the start of your next Command phase, add 1 to the Objective Control characteristic of <span class="kwb">INFANTRY</span> models in that unit and add 3 to the Objective Control characteristic of <span class="kwb">MONSTER</span> models in that unit.||
AE|Spirit Stone of Raelyth|000009769002|20|Armoured Warhost|000000990|false|This spirit stone contains the essence of Bonesinger Raelyth. Those Asuryani psykers who bear this item to battle can draw upon the fallen artisan’s talents.|AELDARI PSYKER model only.<br><ul><li>While this model is within 3" of a friendly AELDARI VEHICLE unit, this model has Lone Operative.</li><li>In your Movement phase, at the start or end of this unit’s move, you can select one friendly <span class="kwb">AELDARI</span> <span class="kwb">VEHICLE</span> model within 3" of this model. That <span class="kwb">VEHICLE</span> model heals D3 wounds.</li></ul>||
AE|Gaze of Ynnead|000009919002|15|Devoted of Ynnead|000001022|false|This psychic executioner projects the extinguishing will of the Aeldari death god into the minds of the fc reducing them to ashen grey husks in moments.|Farseer model only. The bearer’s Eldritch Storm weapon has the [devastating wounds] ability.||
AE|Aspect of Murder|000009927002|15|Aspect Host|000001024|false|Khaine is a murderous deity, and many of his aspects channel this element of his nature to some degree. Combining these teachings renders this warrior a truly fearsome assassin.|Autarch or Autarch Wayleaper model only. Add 1 to the Damage characteristic of melee weapons equipped by the bearer, and those weapons have the [precision] ability.||
AE|Craftworld’s Champion|000009911002|25|Guardian Battlehost|000001020|false|Appointed as the mastermind behind the defence of an entire craftworld, this warrior will hold vital ground at all costs.|Asuryani model only. The bearer has an Objective Control characteristic of 5.||
AE|Shadowfall Masks|000011052002|15|Twilight Flickers|000001203|true|These nightmarish masks torment the enemy with a psychoresponsive bombardment laced through the murk generated by the wearers’ holofields. The confusing distortion leaves enemies vulnerable to the blades that suddenly spear from the terrifying gloom.|TROUPE unit only. This unit has Fights First.||
AE|Camouflaged Snipers|000011048002|10|Path of the Outcast|000001202|true|Aeldari Rangers rely upon fieldcraft and marksmanship to defeat their foes. They conceal themselves so expertly that even the act of firing upon the enemy does not reveal their precise location.|RANGERS unit only. This unit’s ranged attacks do not prevent this unit from being hidden.||
AE|Pirate Prince|000010699002|15|Eldritch Raiders|000001135|false|Yriel’s speed, both of thought and action, ensures that he remains one step ahead of his opponents at all times.|Prince Yriel unit only. Each time you spend a Battle Focus token to enable this unit to perform an Agile Manoeuvre, roll one D6: on a 3+, you gain 1 Battle Focus token.||
AE|Weavers’ Wail|000010649003|20|Serpent’s Brood|000001124|false|A cruel weapon more often kept locked away, this ill-omened implement is said to resonate with the Cosmic Serpent’s own dismay at the suffering of its brood during the Fall.|Troupe Master model only. Add 3 to the Strength and add 1 to the Attacks characteristics of the bearer’s melee weapons.||
AE|Guiding Presence|000009769003|25|Armoured Warhost|000000990|false|This seer is closely attuned to their craftworld’s vehicles. Communicating with the souls inhabiting hull‑mounted spirit stones can sharpen the tactical awareness of spirits and crew.|AELDARI PSYKER model only. At the start of your Shooting phase, select one visible friendly AELDARI VEHICLE unit within 6" of this model. That <span class="kwb">VEHICLE</span> unit’s ranged attacks have +1 to hit rolls.||
AE|Alacritous Assault|000010699003|20|Eldritch Raiders|000001135|false|The key to any raid is the shock of the opening strike. Anhrathe warriors strike at breakneck speed, power swords and boarding hooks finding gaps in enemy armour and inflicting devastating wounds.|Anhrathe unit only. Melee weapons equipped by models in this unit have the [LANCE] ability.||
AE|Shieldmaster|000009325003|0|Khaine’s Arrow|000000919|false|This warrior exploits every detail of their environment to stave off pursuing or encircling foes.|Once per turn, in your Movement phase, after the bearer has moved, you can close one open Hatchway it moved through this phase (this can be done in addition to operating a Hatchway using the Unerring Strike Detachment rule).||
AE|Rallying Cry|000009334003|0|Protector Host|000000920|false|With well-chosen inspirational words, this war leader swiftly mobilises the Aeldari defence forces to protect their vessel.|In the Deploy Armies step, when the bearer is set up in an Entry Zone, you can set up two friendly GUARDiANS units within that Entry Zone instead of any other units.||
AE|Assassins' Eye|000011048003|15|Path of the Outcast|000001202|true|Having trodden the Path of the Outcast for so long that they risk becoming trapped upon it, these snipers have honed their talents until they can pinpoint eye lenses, armour seals and other weaknesses to fell the toughest foes.|RANGERS/SHROUD RUNNERS unit only. This unit’s ranged attacks that target a <span class="kwb">CHARACTER</span> unit have +1 <b>AP</b>.||
AE|Mirage Field|000009903003|25|Windrider Host|000001018|false|This field generator surrounds its bearer with contradictory sensor ghosts and split-second illusions that make them incredibly challenging to target, particularly when moving at speed.|Asuryani Mounted model only. Each time an attack targets the bearer’s unit, subtract 1 from the Hit roll.||
AE|Timeless Strategist|000009899003|15|Warhost|000001017|false|This ancient Aeldari war leader has commanded armies for the entire lifetimes of the younger mortal species. Their mastery of the swift, decisive and reactive strategy is second to none.|Asuryani model only. At the start of the battle round, if the bearer is on the battlefield (or any Transport it is embarked within is on the battlefield), you receive 1 additional Battle Focus token.||
AE|Ethereal Pathway|000009911003|30|Guardian Battlehost|000001020|false|Knowing secret paths through the Webway, the bearer can direct warriors to outmanoeuvre the foe.|Asuryani model only. In the Deploy Armies step, select up to two Guardians units from your army. Models in the selected units have the Infiltrators ability.||
AE|Mistweave|000011044003|20|Fateful Performance|000001201|false|Employing their psychic powers of illusion and obfuscation, this Shadowseer can cause their comrades to vanish from the foe’s perceptions.|SHADOWSEER model only. This unit has Infiltrators.||
AE|Storm of Whispers|000009919003|10|Devoted of Ynnead|000001022|false|As though this Warlock were a conduit to the realm of the unquiet dead, they are surrounded by an endless susurrus that chills the foe with terror.|Warlock model only. In your Shooting phase, after the bearer has shot, select one enemy unit hit by one or more of those attacks. That unit must take a Battle-shock test.||
AE|Runes of Warding|000009923003|25|Seer Council|000001023|false|These precisely crafted runic wards hold harmful empyric energies and predatory entities at hay, protecting the bearer’s mind and soul.|Asuryani Psyker model only. Models in the bearer’s unit have the Feel No Pain 4+ ability against mortal wounds, Psychic Attacks and Critical Wounds caused by attacks with the [devastating wounds] ability.||
AE|Stave of Kurnous|000009907003|15|Spirit Conclave|000001019|false|Wound about with finely inscribed myths of Kurnous, the Hunter, this wraithbone staff imbues ghost warriors with an echo of the slain god’s keen-eyed skill.|Spiritseer model only. In your Command phase, select one friendly Wraith Construct unit within 12" of the bearer (excluding <span class="kwb">TITANIC</span> units). Until the start of your next Command phase, each time a model in that unit makes an attack, on a Critical Wound, that attack has the [precision] ability.||
AE|Song of Renewal|000009342003|0|Wraiths of the Void|000000921|false|Employing their potent arts, this seer is able to guide ghost warriors back from the very brink of oblivion.|In your Command phase, the bearer can use this Enhancement. If it does, select one friendly WRAiTH CONSTRUCT unit within 6" of and visible to the bearer. Return one destroyed model to that <span class="kwb">WRAITH</span> <span class="kwb">CONSTRUCT</span> unit with its full wounds remaining.<br><br>The bearer can only use this Enhancement up to two times.||
AE|Webway Pathstone|000010704003|25|Corsair Coterie|000001136|false|This smooth token contains esoteric knowledge of local Webway spurs. When activated by psychic impulse, it projects a mental map of these routes into the minds of the bearer, enabling them to locate hidden gates, bypass their foes, and seize the treasures they seek.|Anhrathe unit only. Models in this unit have the Deep Strike ability. In addition, once per battle, at the end of your opponent’s turn, if this unit is not within Engagement Range of one or more enemy units, it can use this ability. If it does, remove this unit from the battlefield and place it into Strategic Reserves.||
AE|Prelude Performer|000011052003|20|Twilight Flickers|000001203|false|With breathtakingly subtle yet rapid movements, this master of the opening act leads the Harlequins in a deadly dance that can catch their foes off guard.|HARLEQUINS model only. This unit has Scouts 6"||
AE|Path of Eldanesh|000009351003|0|Star-dancer Masque|000000922|false|Following the steps of the Path of Eldanesh, this player moves through their foes like a bladed wind, swift and unstoppable as that hero of myth.|The bearer has the Fights First ability and, each time the bearer opens a Hatchway, until the end of the turn, improve the Armour Penetration characteristic of melee weapons equipped by the bearer by 1.||
AE|Mask of Secrets|000009915003|15|Ghosts of the Webway|000001021|false|So terrifying and yet so captivating are the shifting aspects of this Harlequin’s psychoreactive mask that they can hypnotise foes or stop their hearts with fear.|Harlequins model only. Each time an enemy unit (excluding <span class="kwb">MONSTERS</span> and <span class="kwb">VEHICLES</span>) within Engagement Range of the bearer’s unit Falls Back, all models in that enemy unit must take a Desperate Escape test. When doing so, if that enemy unit is Battle-shocked, subtract 1 from each of those tests.||
AE|Mantle of Wisdom|000009927003|20|Aspect Host|000001024|false|This ritual relic marks the bearer out as one who has walked the Path of Command for ages untold and whose understanding of all things martial borders on the preternatural.|Autarch or Autarch Wayleaper model only. While the bearer is leading an Aspect Warriors unit, each time that unit is selected to shoot or fight, until the end of the phase, models in that unit gain both of the abilities from the Path of the Warrior Detachment rule.||
AE|Rune of Mists|000009907004|10|Spirit Conclave|000001019|false|This rare psychic rune binds occluding psychic energies about nearby wraith constructs to baffle the foe’s senses.|Spiritseer model only. In your Command phase, select one friendly Wraith Construct unit within 12" of the bearer. Until the start of your next Command phase, each time a ranged attack targets that unit, unless the attacking model is within 18", models in that unit have the Benefit of Cover against that attack.||
AE|Borrowed Vigour|000009919004|10|Devoted of Ynnead|000001022|false|This cruel warrior steals a portion of animus from each vanquished foe, keeping a little of Ynnead’s due to empower themselves and slay more foes in his name.|Archon model only. Add 2 to the Attacks characteristic of the bearer’s melee weapons.||
AE|Gift of Foresight|000009899004|15|Warhost|000001017|false|It is far easier to avoid fatal battlefield errors if one has already foreseen when they will occur and how to prevent them.|Asuryani model only. Once per battle round, you can target the bearer’s unit with the Command Re-roll Stratagem for 0CP.||
AE|Shimmerstone|000009927004|10|Aspect Host|000001024|false|This simple and elegant gem conceals complex technology based on Dire Avenger shimmershields, its protective aegis extending across the bearer and those who fight at their side.|Autarch or Autarch Wayleaper model only. While the bearer is leading an Aspect Warriors unit, each time a ranged attack targets that unit, subtract 1 from the Wound roll.||
AE|Protector of the Paths|000009911004|20|Guardian Battlehost|000001020|false|This warrior’s knowledge of the home ground on which they fight allows them to expertly position their forces to bracket the routes of the enemy’s approach with fire.|Asuryani model only. While the bearer is leading a Dire Avengers or Guardians unit, once per battle round, you can target the bearer’s unit with the Fire Overwatch Stratagem for 0CP, and while resolving that Stratagem, hits are scored on unmodified Hit rolls of 5+, or unmodified Hit rolls of 4+ instead if the bearer’s unit is within range of an objective marker you control.||
AE|Murder’s Jest|000009915004|20|Ghosts of the Webway|000001021|false|This malevolent shrieker cannon catalyses its victims’ fear impulses into exaggerated bioelectric shocks, forcing them to scare themselves to death.|Death Jester model only. Each time the bearer makes an attack that targets a unit that is Below Half-strength, each successful Hit roll scores a Critical Hit.||
AE|Fanged Leer|000010649004|10|Serpent’s Brood|000001124|false|This cruel mask is worn when performing the Serpent’s Brood, and lends its wearer a supernatural degree of venom and spite.|Death Jester model only. When using the bearer’s Cruel Amusement ability, you can select two of the abilities for its shrieker cannon to gain, instead of one.||
AE|Seersight Strike|000009903004|15|Windrider Host|000001018|false|This warrior has mastered the art of augmenting their mounted attack runs with lashing blades of focused psychic power that punch through the heaviest armour and monstrous hide to vital targets deep within.|Asuryani Mounted Psyker model only. Psychic weapons equipped by the bearer have the [anti-monster 2+] and [anti-vehicle 2+] abilities.||
AE|Exotic Munitions|000010699004|15|Eldritch Raiders|000001135|false|In their travels through the void, these Anhrathe warriors have collected a bounty of esoteric ammunition. The most lethal of these munitions are toxic or acidic enough to fell monstrous foes or to burn through armour and servo-motors with frightening rapidity.|Anhrathe unit only. Ranged weapons equipped by models in this unit have the [ANTI-MONSTER 5+] and [ANTI-VEHICLE 5+] abilities.||
AE|Archraider|000010704004|35|Corsair Coterie|000001136|false|A master of the lightning assault, this commander appears prescient in their ability to confound the foe.|ANHRATHE CHARACTER unit only. At the start of the battle, select one CHARACTER model in this unit. That model has the following ability:<br><br><b>Lord of Deceit (Aura):</b> Once per turn, when your opponent targets a unit from their army within 12" of this model with a stratagem, you can use this ability. If you do, increase the CP cost of that use of that stratagem by 1CP.||
AE|Stone of Eldritch Fury|000009923004|15|Seer Council|000001023|false|This ancient gem was recovered from the crone world of Lleghaine and is said to resonate with the rage of that dead world’s ghosts. It acts as a magnifying lens for destructive psychic powers.|Asuryani Psyker model only. Add 12" to the Range characteristic of ranged Psychic weapons equipped by the bearer.||
AE|Strategic Savant|000009927005|10|Aspect Host|000001024|false|A commander who knows with absolute certainty which strategic goals must be achieved, this warrior can appraise the battlefield at a glance.|Autarch or Autarch Wayleaper model only. While the bearer is leading an Aspect Warriors unit, add 1 to the Objective Control characteristic of models in that unit.||
AE|Breath of Vaul|000009911005|10|Guardian Battlehost|000001020|false|An ancient relic of Aeldari technology, this device enhances the lethality of those weapons said to channel the killing heal ofVaul’s blazing forges.|Asuryani model only. While the bearer is leading a Storm Guardians unit, each time you roll to determine the number of attacks made with a flamer equipped by a model in that unit, you can re-roll the result, and each time you make a Damage roll for a model equipped with a fusion gun in that unit, you can re-roll the result.||
AE|Shedskin Raiment|000010649005|25|Serpent’s Brood|000001124|false|This glittering cloak projects a grand illusion that falls away as its wearer sheds it like a discarded serpent’s hide, revealing a still-more dismaying reality beneath.|Shadowseer model only. After both players have deployed their armies, select up to three Harlequins units from your army and redeploy them. When doing so, you can set those units up in Strategic Reserves, regardless of how many units are already in Strategic Reserves.||
AE|Echoes of Ulthanesh|000009903005|20|Windrider Host|000001018|false|Riding out to battle upon their skimming steed, this charismatic commander is reminiscent of the great Aeldari hero come again. The mere sight of them swooping down upon their foes inspires their warriors to remarkable feats of heroism in their turn.|Asuryani Mounted model only. In your Command phase, roll one D6, adding 1 to the result if the bearer is not within your deployment zone, and adding an additional 1 to the result if the bearer is within your opponent’s deployment zone: on a 5+, you gain 1CP.||
AE|Mistweave|000009915005|15|Ghosts of the Webway|000001021|false|Employing their psychic powers of illusion and obfuscation, this Shadowseer can cause their comrades to vanish from the foe’s perceptions.|Shadowseer model only. While the bearer is leading a unit, models in that unit have the Infiltrators ability.||
AE|Psychic Destroyer|000009899005|30|Warhost|000001017|false|This psyker has refined the destructive potential of their mental abilities, honing them to a fine and frighteningly lethal point.|Asuryani Psyker model only. Add 1 to the Damage characteristic of ranged Psychic weapons equipped by the bearer.||
AE|Voidstone|000010704005|15|Corsair Coterie|000001136|false|Seized from an alien tomb, this obsidian artefact seems to absorb light itself. It offers the bearer and their unit some measure of protection against even the strongest attacks.|Anhrathe Infantry unit only. Models in this unit have a 5+ invulnerable save.||
AE|Higher Duty|000009907005|25|Spirit Conclave|000001019|false|Knowing their crucial role in guiding the ghost warriors, this seer chooses duty over personal glory.|SPIRITSEER model only. In your opponent’s Movement phase, if an enemy unit ends a move within 8" of this unit, if this unit is not within Engagement Range of one or more enemy units, this unit can make a Normal move of up to 6".||
AE|Adrenal Infusions|000010699005|20|Eldritch Raiders|000001135|false|Amongst the hauls taken by Aeldari Corsairs are many stimulants and elixirs, the most powerful of which enhance the already impressive grace and agility of the Aeldari physiology.|Anhrathe Infantry unit only. This unit can perform the Fade Back Agile Manoeuvre without spending a Battle Focus token to do so. It can do so even if other units have done so in the same phase, and doing so does not prevent other units from performing the same Agile Manoeuvre in the same phase.||
AE|Torc of Morai-Heg|000009923005|20|Seer Council|000001023|false|Waves of malevolent energies roll from this article of warrior jewellery. Though they leave Aeldari systems and minds untouched, they cloud the enemy’s thoughts with doubt, lace their communications with mournful wails and scatter confusing sensor ghosts across their instruments.|Asuryani Psyker model only. Once per turn, when your opponent targets a unit from their army within 12" of the bearer with a Stratagem, the bearer can use this Enhancement. If it does, increase the CP cost of that usage of that Stratagem by 1CP.||
AE|Morbid Might|000009919005|15|Devoted of Ynnead|000001022|false|Driven to new heights of cold fury and icy strength by the death energies flowing through their sinews, this arena champion fights with supernatural vigour.|Succubus model only. Each time the bearer makes a melee attack, you can re-roll the Wound roll.||
AM|Calm Under Fire|000009865002|15|Hammer of the Emperor|000001012|false|In clipped tones, this officer issues clear and precise orders to the vehicles under their command - regardless of the bloodshed.|Vehicle Officer model only. Once per turn, after the bearer issues an Order to a Squadron unit from your army, it can issue the same Order to another <span class="kwb">SQUADRON</span> unit from your army.||
AM|Bombast-class Vox-array|000009801002|15|Bridgehead Strike|000000996|false|Carried by an officer’s comms specialist, this device is a precious example of an omni‑frequency master vox‑array manufactured on the long‑lost forge world of Urvax. It facilitates the rapid dissemination of orders throughout the entire strike force.|MILITARUM TEMPESTUS OFFICER model only. When this model issues an <b>Order</b>, if this unit has the <b>Master Vox</b> wargear ability, this model can issue that <b>Order</b> to up to three different REGIMENT units, instead of only one.||
AM|Rigged Blind Grenades|000009380002|0|Embarked Regiment|000000927|false|Whether intending to defend some contraband stash or as a precaution to slow down enemy boarding parties, the Imperial Guardsmen have booby trapped this hatch with a bundle of blind grenades.|Once per battle, when an enemy unit opens a Hatchway, if the bearer is on the battlefield, it can use this Enhancement. If it does, roll one D6: on a 2+, that enemy unit is Battle-shocked.||
AM|Covert Breach|000009389002|0|Tempestus Boarding Regiment|000000928|false|Moving with stealth and urgency, these Scions have already bypassed the enemy’s outer defences before their presence is even detected.|At the start of the first battle round, the bearer’s unit can make a Normal move of up to 6".||
AM|Sharp eyes, Light fingers|000010912002|10|Abhuman Auxiliaries|000001161|true|These Ratlings’ naturally keen vision is supplemented with varied magnoculors, listening devices and other detection gear that mysteriously comes into their possession.|RATLINGS unit only. When this unit is selected to shoot, enemy units have +6" detection range until this unit has shot.||
AM|Long-Range Scout|000010916002|10|Designation Force|000001163|true|Veteran pilots of Scout Sentinels have a reputation as insubordinate mavericks or taciturn loners, but their skill in manoeuvring their often-camouflaged walker unseen into hostile territory is second to none.|SCOUT SENTINEL unit only. This unit has Infiltrators||
AM|Death Mask of Ollanius|000008380002|10|Combined Arms|000000760|false|This mask depicts in obsidian and void-fired bronze the agonised visage of Saint Ollanius. Soldiers in the ancient artefacts presence are gifted the determination and endurance of the famous martyr himself.|Officer model only. While the bearer’s unit is Battle-shocked, subtract 1 from the Objective Control characteristic of models in that unit, instead of changing it to 0.||
AM|Abhuman Detail|000010637002|20|Grizzled Company|000001121|false|Ogryns respond well to this Commissar’s stern discipline and are even known to accompany them as a personal bodyguard.|Commissar model only. Add the Ogryn keyword to the list of units this model can issue Orders too (as stated on its datasheet).<br><br>In the Declare Battle Formations step, the bearer can be attached to an Ogryn Squad or Bullgryn squad unit.|<span class="kwb">LEADER:</span> <a class="kwbOne" href="/wh40k11ed/factions/astra-militarum/Ogryn-Squad"><span class="kwb kwbo">OGRYN</span> <span class="kwb kwbo">SQUAD</span></a>, <a class="kwbOne" href="/wh40k11ed/factions/astra-militarum/Bullgryn-Squad"><span class="kwb kwbo">BULLGRYN</span> <span class="kwb kwbo">SQUAD</span></a>|
AM|Exemplary Officer|000010791002|20|Armoured Infantry|000001150|false|Possessed of great initiative and authority, this officer marshals surrounding assets with great efficiency.|Infantry Officer model only. Each time the bearer issues an Order to its own unit, you can select up to two other Platoon units within 3" of the bearer’s unit. That Order is also issued to each of those units.||
AM|Battalion Commander|000010787002|30|Steel Hammer|000001149|false|High-ranking officers of armoured regiments may operate super-heavy tanks as command vehicles, their orders blaring from hull-mounted laud hailers or crackling over internal vox-channels.|Astra Militarum Titanic Character model only. The bearer has the Voice of Command ability and the Officer keyword, and can issue up to 2 Orders to Astra Militarum Titanic and Squadron units.||
AM|Eager Advance|000009857002|20|Siege Regiment|000001010|false|This officer relishes serving in the vanguard and seeks to take up a forward position to be closer to the foe when the firing begins.|Infantry Officer model only. While the bearer is leading a Regiment unit, that unit has the Scouts 6" ability.||
AM|Bold Leadership|000009861002|25|Mechanised Assault|000001011|false|This officer’s aggressive command style sees them lead the advance personally, planting the regiment’s colours on seized objectives and leaving following troops to defend the ground they have gained.|Infantry Officer model only. If you control an objective marker at the end of your Command phase, and the bearer’s unit (or any Transport it is embarked within) is within range of that objective marker, that objective marker remains under you control, even if you have no models within range of it, until your opponent controls it at the start or end of any turn.||
AM|Guerrilla Honours|000009869002|25|Recon Element|000001013|false|This officer is a specialist in covert warfare, their experience ensuring they know exactly when to redeploy their forces and close the jaws of their pre-prepared trap.|Infantry Officer model only. After both players have deployed their armies, if the bearer is on the battlefield, select up to three other Astra Militarum Infantry units from your army and redeploy them. When doing so, you can set those units up in Strategic Reserves if you wish, regardless of how many units are already in Strategic Reserves.||
AM|Indomitable Steed|000009865003|15|Hammer of the Emperor|000001012|false|This officer goes to war in a favoured vehicle that - whether by fortune or apparent divine intervention - has survived dozens of battles despite suffering heavy damage on multiple occasions.|Vehicle Officer model only. The bearer has the Feel No Pain 6+ ability.||
AM|Elimination Force|000009389003|0|Tempestus Boarding Regiment|000000928|false|Tasked with the destruction of a specific enemy asset, the Tempestus Scions focus their most lethal attentions against it as per their explicit orders.|At the start of the first battle round, select one enemy unit. Each time a model in the bearer’s unit makes an attack that targets that enemy unit, if the Strength characteristic of that attack is less than the Toughness characteristic of that enemy unit, add 1 to the Wound roll.||
AM|Flash Grenades|000009857003|20|Siege Regiment|000001010|false|These grenades emit loud bangs and bright flashes of light, disorienting defenders and allowing the officer and their bodyguard to press home their assault.|Infantry Officer model only. Enemy units cannot use the Fire Overwatch Stratagem to shoot at the bearer’s unit.||
AM|Master Manoeuvrist|000010791003|15|Armoured Infantry|000001150|false|Academy training and battlefield experience have instilled in this officer a mastery of mobile warfare. At their barked orders, soldiers and armoured vehicles work in well-drilled unison.|Infantry Officer model only. At the end of your opponent’s Fight phase, if the bearer’s unit is not within Engagement Range of one or more enemy units and every model in that unit is within 3" of an Astra Militarum Transport from your army, it can embark within that <span class="kwb">TRANSPORT</span>.||
AM|Scare Gas Grenades|000009869003|5|Recon Element|000001013|false|Filled with powerful hallucinogens, these grenades overwhelm the senses of those who breathe their fumes, causing them to panic and flee their positions.|Astra Militarum Infantry model only. Once per battle, at the start of any phase, the bearer can use this Enhancement. If it does, select one enemy unit within 8" of the bearer’s unit (excluding <span class="kwb">MONSTER</span> and <span class="kwb">VEHICLE</span> units); that unit must take a Battle-shock test.||
AM|Recon Star|000010916003|10|Designation Force|000001163|true|Those soldiers who have earned this commendation have earned their skills stealthily trekking through dangerous no man’s land far in advance of the main push, striking behind enemy lines on missions of sabotage, or laying flanking ambushes|ASTRA MILITARUM INFANTRY PLATOON unit only. In your first Movement phase, this unit can make an ingress move.||
AM|Sacred Unguents|000009861003|10|Mechanised Assault|000001011|false|Regimental Tech-Priests bless the vehicles under their charge with holy prayer and sacred oils.|Astra Militarum Tech-Priest Enginseer model only. At the start of your Shooting phase, select one Transport from your army (excluding Aircraft and Titanic units) within 3" of the bearer. Until the end of the phase, each time that <span class="kwb">TRANSPORT</span> makes an attack, you can re-roll the Hit roll.||
AM|Shipboard Veteran|000009380003|0|Embarked Regiment|000000927|false|This officer has coordinated more than their fair share of boarding actions and voidship defence actions, and knows precisely which strategic gambits will bring them victory in such conditions.|Each time you target an <span class="kwb">ASTRA</span> <span class="kwb">MILITARUM</span> unit from your army with a Stratagem, if that unit is visible to the bearer, roll one D6: on a 4+, you gain 1CP.||
AM|Priority drop Beacon|000009801003|25|Bridgehead Strike|000000996|false|Locked to the designator runes of this officer’s dropship and heavily warded against interference, this predeployed beacon ensures they and their elite soldiers land swiftly and on target.|MILITARUM TEMPESTUS OFFICER model only. In your first Movement phase, this unit can make an ingress move.||
AM|Titan Killer|000010787003|20|Steel Hammer|000001149|false|Seeking to add another kill marking to their war machine, this glory-hungry tank commander seeks out and engages only the heaviest enemy assets.|Astra Militarum Titanic Character model only. Each time the bearer makes a ranged attack, you can re-roll the Damage roll.||
AM|Aquilan Eye|000010637003|20|Grizzled Company|000001121|false|This bionic lens contains a miniaturised auspex capable of detecting the slightest flaws in enemy defences.|Astra Militarum officer model only. Each time you select an Order for the bearer to issue, you can select the Order below:<br><br><b>Target Weak Spot (Order):</b> Each time a model in this unit makes a ranged attack that targets an enemy unit within 12", improve the Armour Penetration characteristic of that attack by 1.||
AM|Drill Commander|000008380003|20|Combined Arms|000000760|false|This officer has spent countless hours putting their soldiers through ceaseless firing drills. In the heat of combat, the worth of this training reveals itself.|Officer model only. While the bearer is leading a unit, each time a model in that unit makes a ranged attack, if that unit Remained Stationary this turn, a Critical Hit is scored on a successful unmodified Hit roll of 5+.||
AM|Exemplar of Duty|000010912003|10|Abhuman Auxiliaries|000001161|true|The whine of hidden bionics, webs of ugly scars, or the rattle of abraded lungs with every barked order signals a grizzled veteran whose devotion to duty has seen them survive not only the enemy but also proximity to the most overly muscled soldiers.|COMMISSAR model only. This model has Feel No Pain 4+.|<span class="kwb">LEADER:</span> <a class="kwbOne" href="/wh40k11ed/factions/astra-militarum/Ogryn-Squad"><span class="kwb kwbo">OGRYN</span> <span class="kwb kwbo">SQUAD</span></a>, <a class="kwbOne" href="/wh40k11ed/factions/astra-militarum/Bullgryn-Squad"><span class="kwb kwbo">BULLGRYN</span> <span class="kwb kwbo">SQUAD</span></a>|
AM|Survival Gear|000009869004|5|Recon Element|000001013|false|Whether equipped with climbing gear, machetes or snow shoes, this unit moves swiftly across inhospitable terrain to engage the enemy.|Astra Militarum Infantry model only. The bearer has the Scouts 6" ability.||
AM|Spec Ops Veteran|000010637004|15|Grizzled Company|000001121|false|This veteran commando officer imparts their experience in clandestine warfare to the rank and file.|Astra Militarum Infantry officer model only. Each time you select an Order for the bearer to issue, you can select the Order below:<br><br><b>Move to the Shadows (Order):</b> Each time a ranged attack targets this unit, until those attacks are resolved, models in this unit have the Stealth ability.||
AM|Omnissian Unguents  (Aura)|000010791004|35|Armoured Infantry|000001150|false|Tech-Priests of the Adeptus Mechanicus bear to battle an array of sanctified oils and tinctures of protection with which to bless the Machine God’s divine works.|Astra Militarum Tech-Priest Enginseer model only. While a friendly Armoured Skirmisher unit is within 3" of the bearer, that unit has the Feel No Pain 5+ ability.||
AM|Regimental Banner|000009865004|20|Hammer of the Emperor|000001012|false|A regimental banner flies from this command vehicle, its colours displaying the might of the Astra Militarum for all to see.|Vehicle Officer model only. Add 3 to the bearer’s Objective Control characteristic.||
AM|Legacy Sidearm|000009857004|10|Siege Regiment|000001010|false|Handed down by a mentor, this officer’s pistol is an artificer-crafted example of its type, and is all the deadlier for it.|Infantry Officer model only. Add 2 to the Attacks characteristics of the bearers Pistols.||
AM|Grand Strategist|000008380004|15|Combined Arms|000000760|false|This commander can precisely anticipate the ebb and flow of war, their seemingly reactive tactics often prepared far in advance.|Officer model only. In your Command phase, the bearer can issue one additional Order.||
AM|Engine Speaker|000010787004|15|Steel Hammer|000001149|false|Intimately attuned to the machine spirits of Astra Militarum vehicles, this Tech-Priest administers rites  and rituals, seeking to draw additional performance from engines.|Astra Militarum Tech-Priest Enginseer model only. Each time the bearer uses its Omnissiah’s Blessing ability, until the start of your next Command phase, add 3" to the Move characteristic of the selected <span class="kwb">VEHICLE</span> model.||
AM|Smoke Grenades|000009861004|10|Mechanised Assault|000001011|false|Smokescreens provide cover for the infantry advance and enable troops to disembark safely.|Infantry Officer model only. The bearer’s unit has the Benefit of Cover and the Stealth ability while the bearer’s unit is wholly within 3" of one or more friendly TRANSPORT models.||
AM|Tripwires|000009869005|20|Recon Element|000001013|false|Carefully placed tripwires detonate booby traps as the enemy advance, the resulting explosions causing the foe to halt in their tracks.|Astra Militarum Infantry model only. Each time an enemy <span class="kwb">INFANTRY</span> or <span class="kwb">MOUNTED</span> unit ends a Normal, Advance, Charge or Fall Back move within 8" of the bearer’s unit, roll one D6: on a 4+, until the start of your next turn, that enemy unit is stunned. While a unit is stunned, each time a model in that unit makes an attack, subtract 1 from the Hit roll.||
AM|Stalwart’s Honours|000009857005|15|Siege Regiment|000001010|false|Such is this officer’s aura of confidence that the soldiers under their command march into battle heedless of incoming fire, trusting in that old adage of the faithful - the Emperor protects.|Officer model only. While the bearer is leading a unit, when that unit is issued an Order, it is also affected by the Take Cover! Order.||
AM|Laud Hailer|000010637005|10|Grizzled Company|000001121|false|This device amplifies the bearer’s voice, enabling their orders to cut through the din of battle.|Astra Militarum officer model only. Each time you select a unit for this <span class="kwb">OFFICER</span> model to issue an Order to, that unit can be within 12" instead of within 6".||
AM|Grand Strategist|000010791005|25|Armoured Infantry|000001150|false|Able to see the broader strategic picture, this experienced officer deploys their assets sparingly and with practised precision.|Officer model only. After both players have deployed their armies, if the bearer’s unit (or any Transport it is embarked within) is on the battlefield, select up to two units with the Regiment or Squadron keywords from your army and redeploy them. When doing so, you can set those units up in Strategic Reserves, regardless of how many units are already in Strategic Reserves.||
AM|Veteran Crew|000009865005|20|Hammer of the Emperor|000001012|false|Drilled endlessly by the officer in command, the crew of this tank are crack shots who know how to make every shell count.|Vehicle Officer model only. Each time a model in the bearer’s unit makes a ranged attack, re-roll a Hit roll of 1.||
AM|Assault Hatches|000010787005|25|Steel Hammer|000001149|false|Ramps and hatches slam down on all sides of this titanic vehicle, enabling infantry to surge forth and overwhelm the enemy.|Astra Militarum Titanic Character Transport model only. Each time a unit disembarks from the bearer after it has made a Normal move, that unit makes an assault disembark move (Core Rules, 18.06) for that disembarkation.||
AM|Vanguard Honours|000009861005|15|Mechanised Assault|000001011|false|Decorated veteran officers know when and where to press home the assault, ensuring their squad disembarks in the optimum position.|Infantry Officer model only. The bearer’s unit can disembark from a Transport after it has Advanced. If it does, it makes a shock disembark move (Core Rules, 18.07) for that disembarkation.||
AM|Reactive Command|000008380005|15|Combined Arms|000000760|false|A natural tactician, this officer responds to their opponent’s manoeuvres in swift and decisive fashion, never allowing the foe to dictate the battle.|Officer model only. Each time an enemy unit is set up within 8" of the bearer’s unit, the bearer can issue one Order. This is not counted towards the number of Orders the bearer can issue in a battle round.||
AoI|Decoy Targets|000009757002|15|Veiled Blade Elimination Force|000000987|false|The agents of the Callidus Temple are known to utilise vat-grown doubles to confound their foes.|Callidus Assassin models only. Twice per battle, in your Movement phase, you can select one other friendly Infantry model that is on the battlefield and not within Engagement Range of one or more enemy units. The selected model is destroyed (ignoring any rules that are triggered when a model is destroyed) and this model is removed from the battlefield and set up again as close as possible to where that destroyed model was and not within Engagement Range of one or more enemy units. This ability cannot be used more than once in the same battle round.||
AoI|Manhunter’s Helm|000009369002|0|Interdiction Team|000000925|false|This unique flock of artificer servo-skulls can rapidly map every twist and turn of even the largest voidships, before providing their master with comprehensive data on enemy strengths and movements.|Proctor-Exactant model only. At the start of the first battle round, select one enemy unit to be your Priority Target. Each time an ADEPTUS ARbiTES model from your army makes an attack that targets your Priority Target, if the bearer is on the battlefield, add 1 to the Wound roll. Each time your Priority Target is destroyed, if the bearer is on the battlefield, you can select a new enemy unit to be your Priority Target.||
AoI|Ignis Judicium|000009130002|10|Ordo Hereticus Purgation Force|000000893|false|An artificer-crafted flame projector of focused and terrible vehemence, this weapon has been the bane of countless heretics across the ages.|INqUISITOR or MINISTORUM PRIEST model only. The bearers ranged weapons have the [DEVASTATING WOUNDS], [MELTA 1] and [PRECISION] abilities.||
AoI|Lathimon’s Flock|000009360002|0|Voidship’s Company|000000924|false|This unique flock of artificer servo-skulls can rapidly map every twist and turn of even the largest voidships, before providing their master with comprehensive data on enemy strengths and movements.|VOiDFARERS model only. In the Deploy Armies step, your opponent must deploy their entire army before you deploy yours. If both players have this rule, they must roll off and deploy their armies normally. In addition, IMPERiAL NAvY BREACHERS units from your army gain the Infiltrators ability.||
AoI|Amulet of Auto-Chastisement|000009126002|25|Ordo Xenos Alien Hunters|000000892|false|This talisman houses a hate-filled machine spirit that despises alien artifice. Its influence can be focused against the war engines of aliens and traitors alike to disrupt or even paralyse them altogether.|<span class="kwb">WATCH</span> <span class="kwb">MASTER</span> model only. At the start of your opponents Shooting phase, select one enemy <span class="kwb">VEHICLE</span> unit (excluding <span class="kwb">TITANIC</span> units) within 12" of and visible to the bearer. That unit must take a Leadership test. If that test is passed, until the end of the phase, each time a model in that unit makes an attack, subtract 1 from the Hit roll; if that test is failed, that unit is not eligible to shoot this phase.||
AoI|Daemon Slayer|000009134002|10|Ordo Malleus Daemon Hunters|000000894|false|Some whisper this weapon of banishment is in fact host to a hostile warp entity in its own right.|INqUISITOR model only. Add 1 to the Attacks characteristic of the bearers melee weapons, and those weapons have the [ANTI-DAEMON 3+] ability.||
AoI|Clandestine Operation|000009138002|15|Imperialis Fleet|000000895|false|This war leader prefers to strike with subtlety and precision, working their forces into advanced positions before commencing hostilities.|AGENTS OF THE IMPERIUM model only. At the start of the Declare Battle Formations step, you can select up to three AGENTS OF THE IMPERIUM INFANTRy units from your army (excluding GREy KNIGHTS TERMINATOR SqUAD units) - those units gain the Infiltrators ability.||
AoI|Esoteric Explosives|000009757003|10|Veiled Blade Elimination Force|000000987|false|This Culexus operative has been outfitted with various grenades tailored to destroy their assigned targets.|Culexus Assassin models only. Each time this model is targeted with the Explosives Stratagem, 1 mortal wound is inflicted for each D6 roll of 3+ instead of for each 4+.||
AoI|Vasov’s Auto-Oppressor|000009369003|0|Interdiction Team|000000925|false|This ancient device emits focused grav-pulses that forces its targets to their knees in obeisance.|Proctor-Exactant model only. At the end of your Movement phase, you can select one enemy unit visible to the bearer. Until the start of your next Movement phase, halve the Move characteristic of models in that unit and halve Advance and Charge rolls made for it.||
AoI|Combat Landers|000009138003|10|Imperialis Fleet|000000895|false|This commander has access to swift drop craft that can bear portions of their forces directly into the heart of the most ferocious battles.|VOIDFARERS model only. At the start of the Declare Battle Formations step, you can select up to three <span class="kwb">VOIDFARERS</span> units from your army - those units gain the Deep Strike ability.||
AoI|Beacon Angelis|000009126003|30|Ordo Xenos Alien Hunters|000000892|false|The Beacon Angelis was devised to guide the Death watch to the threshold of the alien adversary. Housed within a reliquary, it calls out to the warriors’ augur arrays with the voices of a hundred electric cherubim, its summons so strong that it draws the righteous unto its locale regardless of what darkness may surround it.|WATCH MASTER model only. Models in the bearer’s unit have the Deep Strike ability. In addition, you can target the bearer’s unit with the Rapid Ingress Stratagem for 0CP.||
AoI|Liber Heresius|000009130003|10|Ordo Hereticus Purgation Force|000000893|false|This ancient grimoire contains the collected accounts of many Inquisitorial purges, and is a trove of lore for those seeking to ambush and entrap heretics.|INqUISITOR or MINISTORUM PRIEST model only. After both players have deployed their armies, select up to three AGENTS OF THE IMPERIUM units from your army and redeploy them. When doing so, you can set those units up in Strategic Reserves if you wish, regardless of how many units are already in Strategic Reserves.||
AoI|Formidable Resolve|000009134003|5|Ordo Malleus Daemon Hunters|000000894|false|Inquisitors of the Ordo Malleus are amongst the hardiest and most bombastic of their kind. They must be to survive their duties.|INqUISITOR model only. Improve the bearer’s Leadership and Wounds characteristics by 1. Once per battle, at the start of any phase, you can select one friendly Battle-shocked unit within 12" of the bearer. That unit is no longer Battle-shocked.||
AoI|Heirloom Blade|000009360003|0|Voidship’s Company|000000924|false|Passed through generations of Rogue Traders, this archeotech weapon can sustain short but tremendously potent bursts of disruptor-field overcharge.|VOiDFARERS model only. Once per battle, when the bearer’s unit is selected to light, it can use this Enhancement. If it does, until the end of the phase, improve every characteristic of the bearer’s monomolecular cane-rapier by 1.||
AoI|Intraneural Biotech|000009757004|15|Veiled Blade Elimination Force|000000987|false|This Eversor agent’s neurons have been surgically spliced to enhance awareness and speed of thought.|Eversor Assassin models only. Once per battle round, you can target this model with the Heroic Intervention or Counter-offensive Stratagem for 0CP, and can do so even if you have already used that Stratagem on a different unit this phase.||
AoI|No Escape (Aura)|000009130004|25|Ordo Hereticus Purgation Force|000000893|false|None but the most diabolical or desperate stand any chance of slipping through this Inquisitor’s grasp.|INqUISITOR model only. While an enemy unit is within 6" of the bearer, each time it is selected to Fall Back it must first take a Leadership test. If that test is failed, that unit must Remain Stationary this phase instead.||
AoI|Gift of the Prescient|000009134004|20|Ordo Malleus Daemon Hunters|000000894|false|Guided by the scryings of their Prognosticars, the Grey Knights strike with deadly precision and timing.|INqUISITOR model only. Once per battle, if the bearer is on the battlefield, you can use the Rapid Ingress Stratagem for 0CP. When doing so, you must target a GREy KNIGHTS TERMINATOR SqUAD unit from your army, and when using that Stratagem, that unit can be set up anywhere on the battlefield that is more than 6" away from all enemy units.||
AoI|Digital Weapons|000009138004|10|Imperialis Fleet|000000895|false|These potent, short-ranged energy weapons are concealed in precious items of jewellery, the better to lethally surprise the foe.|AGENTS OF THE IMPERIUM model only. Each time the bearer is selected to fight, roll three D6: for each 4+, one enemy unit within Engagement Range of the bearer suffers 1 mortal wound. Mortal wounds inflicted by this Enhancement are allocated as if they had the [PRECISION] ability.||
AoI|Blackweave Shroud|000009126004|15|Ordo Xenos Alien Hunters|000000892|false|This hypermorphic bodyglove of uncertain origin is worn beneath a warrior’s armour. It forms a fibrous medium that shields the warrior’s most vital systems.|<span class="kwb">AGENTS</span> <span class="kwb">OF</span> <span class="kwb">THE</span> <span class="kwb">IMPERIUM</span> model only. The bearer has the Feel No Pain 4+ ability.||
AoI|Fleetmaster|000009138005|20|Imperialis Fleet|000000895|false|Be they a Rogue Trader or some agent of the Imperial Navy, this warrior draws upon a wealth of shrewd voidfarer strategies to aid them in battle.|VOIDFARERS model only. Once per battle round, you can target the bearer’s unit with the Violent Acquisition, Masters of the Void or Close-quarters Barrage Stratagems for 0CP.||
AoI|Universal Anathema|000009126005|10|Ordo Xenos Alien Hunters|000000892|false|A fragment of STC technology, this device tastes the spoor of its owner’s foes, then fashions tailored toxins not even the most resilient victim can long endure.|AGENTS OF THE IMPERIUM model only. Melee weapons equipped by the bearer have the [ANTI-INFANTRy 2+] and [ANTI-MONSTER 4+] abilities.||
AoI|Witch Hunter|000009130005|15|Ordo Hereticus Purgation Force|000000893|false|This merciless Imperial agent is monomaniacally focused upon hunting and slaying psykers.|INqUISITOR or MINISTORUM PRIEST model only. While the bearer is leading a unit, each time a model in that unit makes an attack that targets a PSyKER unit, you can re-roll the Hit roll.||
AoI|Grimoire of True Names (Aura)|000009134005|10|Ordo Malleus Daemon Hunters|000000894|false|To wield the true name of a daemon is to control its supernatural power, though whether in the name of banishment or to be unleashed as a weapon of terror falls to the discretion of the grimoire’s keeper.|INqUISITOR model only. While an enemy unit is within 9" of the bearer, worsen the Leadership characteristic of models in that unit by 1. In addition, while an enemy <span class="kwb">DAEMON</span> unit is within 9" of the bearer, each time a model in that <span class="kwb">DAEMON</span> unit makes an attack, subtract 1 from the Hit roll and subtract 1 from the Wound roll.||
AoI|Micromelta Rounds|000009757005|20|Veiled Blade Elimination Force|000000987|false|These projectiles are tipped with miniaturised melta charges that detonate on impact.|Vindicare Assassin models only. This model’s exitus rifle has the [ANTI-MONSTER 4+] and [ANTI-VEHICLE 4+] abilities.||
AS|Hagiomnifex|000010868002|25|Sanctified Orators|000001157|true|A master of martial saintly lore, this vehement orator knows there is no form of enemy that the God-Emperor’s holiest martyrs have not overcome. With vox-augmented sermonising, they roar the sacred hymns of the saints’ deeds to embolden the faithful.|ADEPTA SORORITAS CHARACTER model only (excluding PENITENT units). (Once per turn, per unit) At the start of a phase, you can use this ability. If you do, select one of the abilities below:<br><ul><li><b>Rite of Revelation:</b> While this unit is shooting, enemy units have +6" <b>detection range</b>.</li><li><b>Sermon of Intolerance:</b> This unit’s <b>battle-shock rolls</b> automatically succeed.</li><li><b>Catechism of Raging Fervour:</b> This unit has +1" <b>M</b>.</li><li><b>Psalm of Righteous Smiting:</b> This unit’s attacks have +1 <b>S</b>.</li><li><b>Chorus of Repudiation:</b> Attacks that target this unit with a <b>S</b> greater than this unit’s <b>T</b> have -1 to <b>wound rolls</b>.</li></ul>||
AS|Triptych of Judgement|000009831002|15|Champions of Faith|000001003|false|The three windows of this sacred artefact display three aspects of the God-Emperor in judgement over mortal souls. No warrior of faith will countenance failure beneath its threefold gaze.|<span class="kwb">ADEPTA</span> <span class="kwb">SORORITAS</span> model only. Each time a model in the bearer’s unit makes an attack, you can ignore any or all modifiers to that attack’s Ballistic Skill or Weapon Skill characteristics and/or any or all modifiers to the Hit roll.||
AS|Martial Discipline|000009308002|0|Pious Protectors|000000916|false|Allied to their faith, the Adepta Sororitas possess discipline and training beyond that of most warriors. This leader is an expert in close-range combat and boarding actions, ordering their troops to lure the enemy into punishing fusillades and gun down fleeing foes with ruthless efficiency.|At the start of your Shooting phase, you can select one friendly <span class="kwb">ADEPTA</span> <span class="kwb">SORORITAS</span> unit within 6" of the bearer. Until the end of the phase, that unit is eligible to shoot in a turn in which it Advanced or Fell Back.||
AS|Writ of Compunction|000010864002|20|Sacred Champions|000001156|true|Within this ornate cylindrical casket is a holy authorisation of the Ecclesiarch. Warriors in its presence tasked with a sacred duty are filled with righteous purpose, and the will to succeed no matter the odds.|CELESTIAN SACRESANTS unit only. This unit has +1 <b>OC</b>.||
AS|Fervent Ferocity|000009316002|0|Penitents and Pilgrims|000000917|false|So inflamed by their own fiery rhetoric is this priest, that terrible wounds go unnoticed as they hurl themselves towards the foe.|The bearer has the Feel No Pain 4+ ability.||
AS|Litanies of Faith|000009037002|10|Army of Faith|000000880|false|This unassuming parchment is one of the holiest relics in the Ministorum's charge, its mere presence enough to fill the hearts of the faithful with righteous fervour.|CANONESS or PALATINE model only. At the start of your Command phase, if the bearer is on the battlefield, take a Leadership test for the bearer. If that test is passed, you gain 1 Miracle dice.||
AS|Saintly Example|000008470002|10|Hallowed Martyrs|000000791|false|With her final breath is another heroine elevated to the ranks of sainthood, her death stirring her greatest companions to finish what she started.|<span class="kwb">ADEPTA</span> <span class="kwb">SORORITAS</span> model only. When the bearer is destroyed, you gain an additional D3 Miracle dice.||
AS|Clarion of Urgency|000010860002|15|Chorus of Condemnation|000001155|false|This passionate slayer of the blasphemous leads her warriors in powered jet-leaps to reach the condemned foe, no matter where they lurk.|CANONESS WITH JUMP PACK model only. At the end of your opponent’s Fight phase, if this unit is unengaged, you can place this unit in strategic reserves.||
AS|Psalm of Righteous Judgement|000009029002|20|Penitent Host|000000878|false|Invoking the strength of the God-Emperor, this warrior bellows psalms, which roar above the din of battle. Incited by these fire and brimstone recitations, the penitent warriors carve apart their enemies, every kill bringing them closer to redemption.|<span class="kwb">ADEPTA</span> <span class="kwb">SORORITAS</span> model only. While the bearer is on the battlefield, each time an enemy unit is destroyed by a penitent unit from you army, you can discard 1 Miracle dice then gain 1 Miracle dice showing a value of 6.||
AS|Righteous Rage|000009033002|15|Bringers of Flame|000000879|false|This servant of the divine draws deeply from their faith, enhancing their physical might.|<span class="kwb">ADEPTA</span> <span class="kwb">SORORITAS</span> model only. Each time the bearer is selected to fight, you can first discard up to 3 Miracle dice. For each Miracle dice just discarded, until the end of the phase, add 1 to the Attacks and Strength characteristics of the bearer’s melee weapons.||
AS|Perfervid Haste|000010864003|10|Sacred Champions|000001156|false|This warrior’s passion to secure her quest is a lash wrought from her faith, which drives her sisters on at a relentless pace.|<span class="kwb">ADEPTA</span> <span class="kwb">SORORITAS</span> model only. This unit has +1" <b>M</b>.||
AS|Verse of Holy Piety|000009029003|15|Penitent Host|000000878|false|As the sanctified verses of the Ecclesiarchy’s holy psalms roar across the battlefield, divine might infuses the devout.|PENITENT model only. Once per battle, at the start of the battle round, select one Vow of Atonement. Until the start of the next battle round, that Vow of Atonement is active for the bearer’s unit in addition to any that is active for your army, even if you have already selected that Vow of Atonement this battle.||
AS|Through Suffering, Strength|000008470003|25|Hallowed Martyrs|000000791|false|With every wound inflicted on their mortal form does this holy warrior’s strength grow, their suffering a prayer to the God-Emperor.|<span class="kwb">ADEPTA</span> <span class="kwb">SORORITAS</span> model only. Add 1 to the Attacks, Strength and Damage characteristics of the bearer’s  melee weapons. If the bearer has lost one or more wounds, add 2 to the Attacks, Strength and Damage characteristics of the bearer’s melee weapons instead.||
AS|Symphonic Payload|000010860003|10|Chorus of Condemnation|000001155|true|These caches of thrice-blessed ordnance are launched in sacred salvoes of harmonised immolation that can scour the Emperor’s foes from existence.|EXORCIST unit only. This unit can re-roll rolls to determine the <b>A</b> of a weapon.||
AS|Limitless Resolve|000009308003|0|Pious Protectors|000000916|false|This leader is a bombastic commander whose faith is matched by their boundless charisma. With the intonation of a single battle-psalm they may restore order and morale to a shattered formation.|While the bearer is on the battlefield, friendly Battle-shocked <span class="kwb">ADEPTA</span> <span class="kwb">SORORITAS</span> models (excluding ARCO-FLAGELLANTS and REPENTiA SqUAD models) have an Objective Control characteristic of 1.||
AS|Sanctification Rituals|000009316003|0|Penitents and Pilgrims|000000917|false|As their forces seize territory, this pious leader leads holy rituals intended to purify and ward captured ground against the blasphemer.|The bearer can perform the Secure Site Tactical Manoeuvre as if it had the <span class="kwb">BATTLELINE</span> keyword.||
AS|Manual of Saint Griselda|000009033003|20|Bringers of Flame|000000879|false|Within this tome are the collected writings of Saint Griselda the Pious. The lessons inscribed on its vellum pages teach focus and decisiveness during times of war.|<span class="kwb">ADEPTA</span> <span class="kwb">SORORITAS</span> model only. At the start of your Command phase, you can discard up to 2 Miracle dice. Then, add 1 Miracle dice to your Miracle Dice pool showing a value equal to the sum of the two Miracle dice you just discarded (to a maximum of 6).||
AS|Mark of Devotion|000009831003|30|Champions of Faith|000001003|false|A fresh oath brand burns in this champion’s flesh, its heat remaining miraculously undimmed and its searing pain focusing their devout wrath.|<span class="kwb">ADEPTA</span> <span class="kwb">SORORITAS</span> model only. Add 1 to the Attacks characteristic of the bearer’s melee weapons. While the bearer’s unit is Righteous, add 2 to the Attacks characteristic and add 1 to the Damage characteristic of the bearer’s melee weapons instead.||
AS|Blade of Saint Ellynor|000009037003|15|Army of Faith|000000880|false|Forged from thrice-blessed silver, this blade has the names and deeds of a thousand saints inscribed on one side on the molecular level, while the other has the entire Fede lmperialis etched into its form. The blade glows with righteous power and has slain heretics, mutants and xenos beyond counting.|<span class="kwb">ADEPTA</span> <span class="kwb">SORORITAS</span> model only. Improve the Strength and Armour Penetration characteristics of the bearer’s melee weapons by 1, and those weapons have the [PRECISION] ability. In addition, each time the bearer fights, if one or more enemy models are destroyed by those attacks, you gain 1 Miracle dice.||
AS|Refrain of Enduring Faith|000009029004|15|Penitent Host|000000878|false|Faith is the shield of the righteous. The passionate benedictions of the pious may bestow the blessings of the God-Emperor.|PENITENT model only. While the bearer is leading a unit, models in that unit have a 5+ invulnerable save.||
AS|Fire and Fury|000009033004|30|Bringers of Flame|000000879|false|This warrior is a firebrand zealot without comparison. At their command, the faithful unleash relentless fire upon their chosen foe.|<span class="kwb">ADEPTA</span> <span class="kwb">SORORITAS</span> model only. While the bearer is leading a unit, add 1 to the Attacks characteristic of Torrent weapons equipped by models in that unit, and all other ranged weapons equipped by models in that unit have the [SUSTAINED HITS 1] ability.||
AS|Divine Aspect|000009037004|5|Army of Faith|000000880|false|Enemy warriors tremble before the radiant majesty of one blessed by the Emperor.|<span class="kwb">ADEPTA</span> <span class="kwb">SORORITAS</span> model only. In your Movement phase, you can select one enemy unit within 12" of the bearer; that unit must take a Battle-shock test. If that test is failed, you gain 1 Miracle dice.||
AS|Eyes of the Oracle|000009831004|10|Champions of Faith|000001003|false|Having torn them from the sockets of a heretical witch, this warrior of faith keeps these shrivelled orbs sealed in a miniature reliquary about their neck. They believe that – tormented by holy imprisonment – the traitorous eyes guide their aim towards other infernal champions.|<span class="kwb">ADEPTA</span> <span class="kwb">SORORITAS</span> model only. The bearer’s weapons have the [PRECISION] ability. Each time the bearer’s unit destroys an enemy <span class="kwb">CHARACTER</span> model, you gain 1CP.||
AS|Chaplet of Sacrifice|000008470004|25|Hallowed Martyrs|000000791|false|The most hallowed martyrs of the Sisterhood have added beads to this chaplet. Such a relic can be a burden, for it carries the righteousness of those who uphold everything the Sisterhood stands for.|<span class="kwb">ADEPTA</span> <span class="kwb">SORORITAS</span> model only. At the end of your Command phase, if the bearer is on the battlefield, you can re-roll 1 Miracle dice from your Miracle dice pool and return it to your Miracle dice pool showing the new result you rolled. When doing so, if the bearer's unit is below its Starting Strength, you can re-roll up to 3 Miracle dice in this way instead.||
AS|Triptych of the Macharian Crusade|000009037005|20|Army of Faith|000000880|false|Carried onto the most fire-swept of battlefields, the images of the Macharian Trinity glorifies three missionaries who saved thousands of lives. This adamantine-sheathed relic reminds the bearer that faith alone can weather the most grievous adversities.|<span class="kwb">ADEPTA</span> <span class="kwb">SORORITAS</span> model only. Each time the bearer uses an Act of Faith to substitute a saving throw, that saving throw is successful, irrespective of the value of the Miracle dice used.||
AS|Catechism of Divine Penitence|000009029005|15|Penitent Host|000000878|false|To share in the agonies of the penitent and guide them to redemption is a most holy undertaking. Thus do many of the Adepta Sororitas’ commanders willingly fight by the side of those cast out by the Sisterhood.|CANONESS, PALATINE or MINISTORUM PRIEST model only. The bearer gains the PENITENT keyword.|<span class="kwb">LEADER:</span> <a class="kwbOne" href="/wh40k11ed/factions/adepta-sororitas/Repentia-Squad"><span class="kwb kwbo">REPENTIA</span> <span class="kwb kwbo">SQUAD</span></a>|
AS|Sanctified Amulet|000009831005|25|Champions of Faith|000001003|false|Belief radiates out from this blessed icon, forming a holy circle of abjuration that holds at bay the unclean and leaves this champion free to do their duty to the God-Emperor.|<span class="kwb">ADEPTA</span> <span class="kwb">SORORITAS</span> model only. Enemy units that are set up on the battlefield from Reserves cannot be set up within 12" of the bearer.||
AS|Mantle of Ophelia|000008470005|20|Hallowed Martyrs|000000791|false|The Mantle of Ophelia was once the badge of office for the Prioress of the Convent Sanctorum, and was worn by Helena the Virtuous, a Living Saint and one of the most revered leaders in the history of the Adepta Sororitas. The mantle is thought to have sacred powers of protection, for Helena was said to have anointed it with the Tears of the Emperor, a phial of blood-like liquid meticulously collected over a century from weeping statues of the Emperor found across the cardinal worlds of the Imperium.|Canoness or Palatine model only. Each time an attack is allocated to the bearer, change the Damage characteristic of that attack to 1.||
AS|Iron Surplice of Saint Istalela|000009033005|10|Bringers of Flame|000000879|false|Worked upon by generations of artificers, consecrated with holy oils and steeped in the smoke of sacred incense, this suit of power armour is amongst the most battle-proven relics held by the Orders Militant.|CANONESS or PALATINE model only. The bearer has a Save characteristic of 2+ and the Feel No Pain 5+ ability.||
CD|Apocalyptic Steeds|000011020002|10|Cavalcade of Chaos|000001175|true|The daemonic abominations ridden by these warriors thunder into battle like the manifestation of every culture’s apocalyptic prophecies since time began.|LEGIONES DAEMONICA MOUNTED unit only. This unit has +1" <b>M</b>.||
CD|Cankerblight|000009819002|15|Plague Legion|000001000|false|The mere presence of this corrosive monstrosity is enough to rot the very stuff of reality and all who inhabit it.|Legiones Daemonica Nurgle model only. Each time an enemy unit (excluding <span class="kwb">MONSTERS</span> and <span class="kwb">VEHICLES</span>) that is within 6" of the bearer fails a Battle-shock test, the bearer can use this Enhancement. If it does, one model in that unit is destroyed (chosen by its controlling player). Each time the bearer uses this Enhancement, no mortal wounds are inflicted by your army’s Daemonic Terror rule.||
CD|Fatal Caress|000009572002|0|Dread Carnival|000000956|false|To this daemon, the act of murder is an art form. With a precision born of obsession it slaughters its foes in the most gory fashion possible.|Each time the bearer makes a melee attack, a Critical Wound is scored on an unmodified Wound roll of 5+.||
CD|Bane-Forged Weapons|000011028002|15|Warptide|000001177|true|The manifest armaments of these daemonic warriors drip with curses and moan with baleful energies that are the anathema of all life.|LEGIONES DAEMONICA BATTLELINE unit only. This unit’s attacks have +1 <b>S</b>.||
CD|Virulent Corruption|000009564002|0|Rotten and Rusted|000000955|false|To flee from this daemon is to invite an outbreak of spiritual corruption that rots its screaming victims from their souls outward.|Each time an enemy unit within Engagement Range of the bearer is selected to Fall Back, models in that enemy unit must take Desperate Escape tests as if their unit was Battle-shocked. When doing so, if that enemy unit is also Battle-shocked by other means, subtract 1 from each of those Desperate Escape tests.||
CD|Fulgurating Presence|000009580002|0|Pandaemoniac Inferno|000000957|false|Warplight dances and glares around this entity, flares of blinding brightness thrown off its warped form as though from the facets of a crooked crystal.|Each time an attack targets the bearer, subtract 1 from the Hit roll.||
CD|A’rgath, the King of Blades|000008438002|20|Daemonic Incursion|000000779|false|When a daemon is bound within a weapon by its infernal master, it rarely submits willingly to this terrible incarceration. The same cannot be said for A’rgath. A lifetime of slaughter and zealous dedication saw this butcher granted daemonhood. Such was his devotion to Khorne that instead of accepting immortality as a Daemon Prince, he instead chose to take the form of a deadly blade so that he could spill the lifeblood of Khorne’s greatest enemies. Their hand guided by A’rgath’s spirit, this weapon’s wielder becomes nigh on unstoppable. Countless are the rival champions and mortal heroes that have fallen to his power.|Khorne Legiones Daemonica model only. Add 1 to the Attacks and Strength characteristics of the bearer’s melee weapons. While the bearer is within your army’s Shadow of Chaos, add 2 to the Attacks and Strength characteristics of the bearer’s melee weapons instead.||
CD|Worthier Skulls|000009555002|0|Infernal Onslaught|000000954|false|The skulls of cowards who flee from battle have only so much value, and this entity will let them run in favour of hunting for more courageous prey.|Each time an enemy unit within Engagement Range of the bearer Falls Back, after that unit has moved, if the bearer is not within Engagement Range of one or more enemy units, it can make a Normal move of up to 6".||
CD|Swollen with Power|000011024002|10|Lords of the Warp|000001176|true|Unholy energies roll in waves through this captain of the daemonic legions, straining its corporeal shell with infernal might|LEGIONES DAEMONICA CHARACTER model only (excluding MONSTER units). This model has +2 <b>W</b>.||
CD|Inescapable Eye|000009810002|15|Scintillating Legion|000000998|false|This gem reveals the myriad paths of the future.|Legiones Daemonica Tzeentch model only. In your Command phase, if the bearer is on the battlefield, if your opponent has one or more Flux tokens, you gain one additional Flux token.||
CD|Slaughterthirst (Aura)|000009815002|25|Blood Legion|000000999|false|This servant of Khorne is a walking nexus of bloodthirst, its mere presence whetting the keen edges of daemonic blades and appetites alike for slaughter.|Legiones Daemonica Khorne model only. While a friendly <span class="kwb">LEGIONES</span> <span class="kwb">DAEMONICA</span> <span class="kwb">KHORNE</span> unit (excluding Monsters) is within 6" of the bearer, weapons equipped by models in that unit have the [LANCE] ability.||
CD|Spite Made Manifest|000009547002|0|Daemonic Incursion|000000953|false|Simply striking back at the invading daemons under such conditions is an invitation for their spite and hate to manifest in vicious arcs of lethal retributive power.|Each time an enemy unit is selected to fight, melee weapons equipped by models in that unit have the [HAZARDOUS] ability while targeting the bearer’s unit.||
CD|False Majesty (Aura)|000009806002|30|Legion of Excess|000000997|false|Dripping poisonous finery and stalking across the battlefield with regal arrogance, this daemon evokes in its fellows the jealous need to outshine its magnificence.|Legiones Daemonica Slaanesh model only. While a friendly <span class="kwb">LEGIONES</span> <span class="kwb">DAEMONICA</span> <span class="kwb">SLAANESH</span> unit (excluding Monsters) is within 6" of the bearer, each time a model in that unit makes a melee attack, add 1 to the Wound roll.||
CD|Leaping Shadows|000009980002|25|Shadow Legion|000001027|false|Seen only in flashes, this warrior traverses the darkness with supernatural speed and stealth, emerging where least expected.|Shadow Legion model only. Models in the bearer’s unit have the Scouts 9" ability.||
CD|Soul-Shattering Charge|000011020003|10|Cavalcade of Chaos|000001175|true|The impact of these terrifying riders is enough to blast the very soulstuff from the bodies of their victims, leaving even those foes that resist as hollow shells of their former might.|LEGIONES DAEMONICA MOUNTED unit only. When this unit is selected to fight, if this unit made a charge move this turn, you can use this ability. If you do, when determining which models in this unit can fight, friendly models that are within 3" of enemy units engaged with this unit can target those enemy units.||
CD|Soul-Hungry Slaughterers|000011028003|10|Warptide|000001177|true|Driven by the all‑consuming need to claim mortal souls and sustain their own corporeal manifestations, these daemons surge toward the enemy at every opportunity.|LEGIONES DAEMONICA BATTLELINE unit only. When you target this unit with the Heroic Intervention/Fire Overwatch <b>stratagem</b>, that use is -1 CP.||
CD|Unholy Fury|000009555003|0|Infernal Onslaught|000000954|false|So infused with hatred and warlike wrath is this daemon that it can sustain its corporeal shell through fury alone, even should it be terribly damaged.|If the bearer is destroyed by a melee attack and it has not fought this phase, roll one D6: on a 2+, do not remove it from play. Ure destroyed model can fight after the attacking unit has finished making its attacks, and is then removed from play.||
CD|Endless Gift|000009564003|0|Rotten and Rusted|000000955|false|Bounteous and repulsive layers of rancid flab boil from within this entity’s grotesque form, bolstering it against even the most dolorous blows.|Add 2 to the bearers Wounds characteristic.||
CD|Geller Breach|000009547003|0|Daemonic Incursion|000000953|false|Daemonic entities burst from rippling warp rents and directly into the heart of battle.|Al the start of the first battle round, the bearer’s unit can make a Normal move of up to 6".||
CD|Horrifying Visage|000009572003|0|Dread Carnival|000000956|false|This daemons alters its visage from alluring to repulsive at a whim, terrifying those who gaze upon it.|Once per battle round, when an enemy unit within 9" of the bearer attempts to perform a Tactical Manoeuvre or attempts to operate a Hatchway within 9" of the bearer, the bearer can use this ability. If it does, that enemy unit must take a Leadership test, subtracting I from the result: if failed, that unit fails to perform that Tactical Manoeuvre or to operate that Hatchway and, until the start of your opponent’s next turn, that unit cannot perform Tactical Manoeuvres or operate Hatchways.||
CD|Soulstealer|000008438003|15|Daemonic Incursion|000000779|false|This gluttonous blade gulps down the souls of its victims before invigorating the corporeal form of its wielder. Its greed stems from the starving Keeper of Secrets bound within – an arrogant entity that sought to devour enough Aeldari souls to challenge Slaanesh itself. As punishment for the daemon’s monstrous hubris, Slaanesh trapped it within Soulstealer, condemning the Keeper of Secrets to sustain other daemons with its frenzied appetite while retaining nothing for itself.|Slaanesh Legiones Daemonica model only. Each time the bearer destroys an enemy model with a melee attack, roll one D6, adding 1 to the result if the bearer is within your army’s Shadow of Chaos. On a 4+, the bearer regains 1 lost wound.||
CD|Fury’s Cage|000009815003|20|Blood Legion|000000999|false|The Bloodthirster bound within this weapon offers the wielder immense power but seeks every way to turn its towering wrath upon its jailer.|Legiones Daemonica Khorne Monster model only. Each time the bearer is selected to fight, it can use this Enhancement. If it does, the bearer suffers D3+1 mortal wounds, and until the end of the phase, each time it makes an attack, you can re-roll the Hit roll and you can re-roll the Wound roll.||
CD|Maggot Maws|000009819003|15|Plague Legion|000001000|false|This daemon’s flesh is pocked with foul mouths that mumble curses to rot the minds of all who hear them.|Legiones Daemonica Nurgle model only. In your Shooting phase, select one enemy unit within 6" of the bearer; that enemy unit must take a Battle-shock test. Then roll one D6: on a 3+, that enemy unit suffers D3 mortal wounds. Each time the bearer uses this Enhancement, no mortal wounds are inflicted by your army’s Daemonic Terror rule.||
CD|Dreaming Crown (Aura)|000009806003|30|Legion of Excess|000000997|false|This gilded circlet fills mortal minds with waking dreams potent enough to intoxicate and distract even the most disciplined or alien combatants, leaving them easy prey for the daemons of Slaanesh.|Legiones Daemonica Slaanesh model only. While a friendly <span class="kwb">LEGIONES</span> <span class="kwb">DAEMONICA</span> <span class="kwb">SLAANESH</span> unit (excluding Monsters) is within 6" of the bearer, each time a model in that unit makes a melee attack, add 1 to the Hit roll.||
CD|Mantle of Gloom (Aura)|000009980003|20|Shadow Legion|000001027|false|This warrior is mantled in the dread energies of the immaterium. With but a thought, they can extrude from their gloaming mantle coils of grasping darkness, the chill touch of which is enough to erode the confidence of even the mightiest champion.|Shadow Legion model only. While an enemy unit is within Engagement Range of the bearer’s unit, subtract 1 from the Objective Control characteristic of models in that enemy unit.||
CD|Mutagenic Flames|000009580003|0|Pandaemoniac Inferno|000000957|false|The warpflame of Tzeentch is fuelled by sanity and soulstuff, and cannot be easily extinguished. Worse, it does not merely burn its victims, but instead distorts and mutates them in ever more hideous ways.|In your Shooting phase, after the bearer has shot, select one enemy unit hit by one or more of those attacks. Until the start of your next Shooting phase, each time a model in that unit makes an attack, subtract 1 from the Hit roll.||
CD|Infernal Puppeteer|000009810003|20|Scintillating Legion|000000998|false|To this mighty entity, lesser daemons are but prisms through which its power shines.|LEGIONES DAEMONICA TZEENTCH MONSTER model only. In your Shooting phase, when this unit is selected to shoot, while an enemy unit is visible to a friendly <span class="kwb">LEGIONES</span> <span class="kwb">DAEMONICA</span> <span class="kwb">TZEENTCH</span> unit, that enemy unit has +9" detection range until this unit has shot.||
CD|Neverblade|000009810004|25|Scintillating Legion|000000998|false|This bizarre daemon weapon makes a mockery of even the most determined defence.|Legiones Daemonica Tzeentch Monster model only. Improve the Strength characteristic of melee weapons equipped by the bearer by 2, improve the Attacks and Armour Penetration characteristics of melee weapons equipped by the bearer by 1, and each time the bearer makes a melee attack, add 1 to the Hit roll.||
CD|The Endless Gift|000008438004|30|Daemonic Incursion|000000779|false|Only the most accomplished plague daemons are granted the Endless Gift. A disease of unutterable malignancy and repulsive beneficence, it changes form constantly from plague to infestation to malaise. The one constant is its ability to reknit its sufferer’s corporeal form from even the most catastrophic of wounds. One moment, infernal bacteria may multiply like wildfire until their gelid mass fills a fleshy rent with fresh daemon-flesh. The next, pestilential vapours may billow from the daemon’s yawning maw, veiling its ravaged bulk before tattering away to reveal a form healed of its recent hurts.|Nurgle Legiones Daemonica model only. The bearer has the Feel No Pain 5+ ability.||
CD|Avatar of Perfection|000009806004|15|Legion of Excess|000000997|false|This entity is the corporeal embodiment of selfish arrogance, fighting best when it fights alone.|Legiones Daemonica Slaanesh Monster model only. At the start of each phase, if there are no other friendly units within 6" of the bearer, you can: re-roll Advance rolls made for the bearer; re-roll Charge rolls made for the bearer; ignore any or all modifiers to its Move characteristic and to any Advance and/or Charge rolls made for the bearer.||
CD|Droning Shroud (Aura)|000009819004|35|Plague Legion|000001000|false|This sentient cowl of daemonic plague flies roars and whirls with cyclonic force, obscuring even the most hulking and bloated daemonic bearer.|Legiones Daemonica Nurgle Monster model only. While a friendly Legiones Daemonica Nurgle unit is within 6" of the bearer, that unit can only be targeted by a ranged attack if the attacking model is within 18".||
CD|Brazenmaw|000009815004|15|Blood Legion|000000999|false|This daemon’s maw and throat are forged from burning brass, transforming its war cries into a deafening clarion that calls the Blood Legion to war.|Legiones Daemonica Khorne model only. Add 2 to Charge rolls made for the bearer’s unit.||
CD|Fade to Darkness|000009980004|30|Shadow Legion|000001027|false|Having slaughtered their prey, this thrall of the Dark Master opens a twilit gate, returning to the gloom and preparing for their next assault.|Shadow Legion model only. At the end of the Fight phase, if the bearer’s unit destroyed one or more enemy units this phase and is not within Engagement Range of one or more enemy units, you can remove the bearer’s unit from the battlefield and place it into Strategic Reserves.||
CD|Soul Glutton|000009806005|10|Legion of Excess|000000997|false|This daemon lord guzzles souls, its bloated corporeality reknitting with each fresh morsel.|Legiones Daemonica Slaanesh Monster model only. At the end of the Fight phase, if one or more enemy models were destroyed this phase as a result of one or more of the bearer’s attacks, it can use this Enhancement. If it does, it regains up to D3 lost wounds.||
CD|Improbable Shield (Aura)|000009810005|30|Scintillating Legion|000000998|false|Complex convolutions of fate wind about this entity.|Legiones Daemonica Tzeentch model only. While a friendly Legiones Daemonica Tzeentch unit is within 6" of the bearer, models in that unit have the Feel No Pain 4+ ability against Psychic Attacks and mortal wounds.||
CD|The Everstave|000008438005|25|Daemonic Incursion|000000779|false|This staff blazes with vibrant warpflame. As soon as its master takes up the eldritch weapon, they too are wreathed in the same daemonic fire. From within this magenta inferno, the Everstave’s daemonic bearer hurls searing gouts of Tzeentch’s pink fire, turning armour to ash and immolating or irrevocably mutating the flesh beneath.|Tzeentch Legiones Daemonica model only. Add 1 to the Strength characteristic of the bearer’s ranged weapons and increase the Range characteristic of such weapons by 3". While the bearer is within your army’s Shadow of Chaos, add 2 to the Strength characteristic of the bearer’s ranged weapons and increase the Range characteristic of such weapons by 6" instead.||
CD|Malice Made Manifest|000009980005|25|Shadow Legion|000001027|false|This champion of Chaos weaponises their own twisted and blackened spirit, projecting talons wrought of concentrated madness and fury that rake through mind, body and soul.|Shadow Legion model only. At the start of the Fight phase, select one enemy unit within Engagement Range of the bearer’s unit and roll one D6: on a 2-5, that enemy unit suffers D3 mortal wounds; on a 6, that enemy unit suffers 3 mortal wounds.||
CD|Font of Spores (Aura)|000009819005|20|Plague Legion|000001000|false|This entity’s foul breath expels clouds of rust pox spores, which gnaw into all they settle upon.|Legiones Daemonica Nurgle Monster model only. While a friendly Legiones Daemonica Nurgle unit is within 6" of the bearer, improve the Armour Penetration characteristic of weapons equipped by models in that unit by 1.||
CD|Gateway Unto Damnation|000009815005|10|Blood Legion|000000999|false|Concealed within this daemon’s form is a portal into the depths of Khorne’s realm. Anointed with gore and thrown wide by the daemon’s corporeal demise, it expands like a bloody singularity to drag everything in reach into the screaming maelstrom of the Warp.|Legiones Daemonica Khorne Monster model only. The bearer’s Deadly Demise ability inflicts mortal wounds on a D6 roll of 2+ instead of on a 6. In addition, if the bearer has destroyed one or more enemy units this battle, the bearer has the Deadly Demise D3+3 ability, instead of any other Deadly Demise ability on its datasheet.||
CSM|Bastion Plate|000008976002|10|Fellhammer Siege-host|000000871|false|Despite the pits and dents that mar its surface, this suit of relic armour is as resilient as the walls of any grand bastion.|CHAOS LORD model only (excluding JUMP PACK models). Once per battle round, when a saving throw is failed for the bearer’s unit, you can change the Damage characteristic of that attack to 0.||
CSM|Weaponised Hatred|000010694002|35|Renegade Warband|000001134|false|This champion’s bitterness has been tempered like a blade, and is wielded with the brutal efficacy to match.|<span class="kwb">HERETIC</span> <span class="kwb">ASTARTES</span> model only. Once per battle round, after your Vendetta target is destroyed, if the bearer is on the battlefield, you can select one enemy unit visible to the bearer. That enemy unit becomes your Vendetta target until you select a new one.||
CSM|Cursed Fang|000008964002|10|Deceptors|000000868|false|This xenos weapon is perfect in the hands of assassins.|HERETIC ASTARTES INFANTRY model only. Improve the  Armour Penetration characteristic of the bearer’s melee weapons by 1, and the bearer’s melee weapons  have the [PRECISION] ability.||
CSM|Forge’s Blessing|000008985002|20|Soulforged Warpack|000000873|false|Such is this warriors mastery of techno-sorcery, that they may temper armour with but a gesture.|<span class="kwb">HERETIC</span> <span class="kwb">ASTARTES</span> model only. In your Command phase, select one friendly HERETIC ASTARTES VEHICLE unit within 12" of the bearer. Until the start of your next Command phase, that unit has the Feel No Pain 6+ ability.||
CSM|Shadowcowl Talisman|000010988002|20|Murdertalon Raiders|000001184|false|Worked with diabolical incantations of occlusion, wound about with subtle enchantments, this onyx disc draws a penumbral aura about the bearer that hides him from the eyes of his prey.|CHAOS LORD WITH JUMP PACK model only. This unit has 5+ InSv.||
CSM|Infernal Fulgurite|000010739002|20|Warpstrike Champions|000001141|false|This strange artefact was recovered from the storm-lashed daemon world of Utrexismia. A shard of warp lightning frozen forever in reality, it serves as a potent focus for teleportation.|<span class="kwb">HERETIC</span> <span class="kwb">ASTARTES</span> model only (excluding Damned models). Once per battle, you can target the bearer’s unit with the Rapid Ingress Stratagem for 0CP, and can do so even if you have already targeted a different unit with that Stratagem this phase.||
CSM|Wyredjinn|000010743002|25|Cult of the Arkifane|000001142|false|A repulsive daemon imp of Vashtorr, this incorporeal data-familiar flits through vox-channels and sensor suites, stealing data for its master.|<span class="kwb">HERETIC</span> <span class="kwb">ASTARTES</span> model only (excluding Damned models). At the start of your Command phase, if the bearer is on the battlefield, roll one D6, adding 1 to the result if the bearer is within range of an objective marker you control: on a 4+, you gain 1CP.||
CSM|Manifest Vengeance|000009520002|0|Champions of Chaos|000000948|false|A chosen warrior does not die easily, and rarely without striking a last spiteful blow at those who ended their path to glory.|When the bearer is destroyed, if it has not shot or fought this phase, roll one D6, adding 1 to the result if it was destroyed by a melee attack: on a 4+, do not remove it from play. The bearer can shoot or fight after the attacking unit has finished making its attacks, and is then removed from play.||
CSM|Eager for Vengeance|000008960002|20|Veterans of the Long War|000000867|false|The desire for vengeance and bloodshed has festered within this warriors’ heart for millennia. The opportunity to unleash it upon the foe is eagerly embraced.|HERETIC ASTARTES model only (excluding DAMNED models). The bearer’s unit is eligible to shoot and declare a charge in a turn in which it Fell Back. Each time a model in the bearer’s unit makes an attack that targets your focus of hatred, if the bearer’s unit Fell Back this turn, add 1 to the Hit roll, and each time you select your focus of hatred as a target of that unit’s charge, add 1 to the Charge roll.||
CSM|Voice of the Tyrant|000010688002|25|Huron’s Marauders|000001133|false|This champion is a valued commander, and speaks with the authority of Huron himself.|<span class="kwb">HERETIC</span> <span class="kwb">ASTARTES</span> model only (excluding Damned models). The bearer’s unit has both abilities from the Tyrannical Motivation Detachment rule.||
CSM|Eye of Tzeentch|000008357002|15|Pactbound Zealots|000000751|false|No secret is safe from Tzeentch’s searching gaze. To those who bear his favour, priceless knowledge may be revealed.|Heretic Astartes Tzeentch model only. Each time the bearer’s unit makes a Dark Pact and does not fail the resulting Leadership test, if the result of that test was 8 or more, you gain 1CP.||
CSM|Despot’s Claim|000008968002|15|Renegade Raiders|000000869|false|This champion is a conqueror of worlds and will not rest until they have claimed their prize.|<span class="kwb">HERETIC</span> <span class="kwb">ASTARTES</span> model only. At the start of your Command phase, if the bearer is on the battlefield, roll one D6, adding 1 to the result if the bearer is wholly within 12" of your opponent’s deployment zone: on a 5+, you gain 1 CP.||
CSM|Eater of Dread|000008972002|15|Dread Talons|000000870|false|As ripples of terror spread through the ranks of the enemy, so does this champion draw power from the fear of their victims.|<span class="kwb">HERETIC</span> <span class="kwb">ASTARTES</span> model only. At the start of your Command phase, if the bearer is on the battlefield, roll one D6, adding 1 to the result for each Battle-shocked enemy unit that is on the battlefield: on a 5+, you gain 1CP.||
CSM|Touched by the Warp|000010151002|10|Cabal of Chaos|000001058|false|Saturated with empyric energies, this dark champion has spontaneously manifested the mutant powers of a true psyker.|HERETIC ASTARTES model only (excluding <span class="kwb">KHORNE</span> models).<br><ul><li>This model has <span class="kwb">PSYKER</span>.</li><li>This model’s weapons have [PSYCHIC].</li></ul>||
CSM|Rabble Rouser|000009512002|0|Underdeck Uprising|000000947|false|This warriors impassioned heretic oratory whips their dreg followers into a violent frenzy.|Once per turn, when a friendly CULTiST MOb or FELLGOR BEASTMEN unit within 6" of the bearer is selected to shoot or fight, the bearer can use this Enhancement. If it does, until the end of the phase, add 1 to the Attacks characteristic of weapons equipped by models in that friendly unit.||
CSM|Voice of the Octed|000009503002|0|Infernal Reavers|000000946|false|Voice booming out in fervent prayer to the Chaos Gods, this dark champion’s devotions are unusually fervent and potent.|Each time the bearer’s unit makes a Dark Pact, until the end of the phase, weapons equipped by models in that unit gain both abilities conferred by that Dark Pact (instead of only one).||
CSM|Surgical Precision|000009773002|10|Creations of Bile|000000991|false|A student of Fabius Bile’s dread craft, this champion of Chaos wields their weapons with the same precision a master chirurgeon would wield a scalpel.|<span class="kwb">HERETIC</span> <span class="kwb">ASTARTES</span> model (excluding Damned models) only. The bearer’s melee weapons have the [PRECISION] ability.||
CSM|Pact of Destruction|000010984002|15|Devotees of Destruction|000001183|false|There are those daemonic entities within the Warp that are willing to offer their boons to any who will wreak wholesale devastation in their name, at least for as long as the carnage holds their capricious attention.|WARPSMITH model only.<br><ul><li>When this unit uses its Dark Pacts ability, this unit can re-roll Leadership rolls.</li><li>In your Shooting phase, when this unit has shot, if this unit used its <b>Dark Pacts</b> ability and if those attacks destroyed an enemy model, this unit heals 3 wounds</li></ul>||
CSM|Greyveil Hex|000010641002|25|Nightmare Hunt|000001122|false|Incised into this warrior’s battleplate is a runic curse which dims his form in the minds of his prey, until all they perceive is a mass of talons and shadow.|Chaos Lord model only. Models in the bearer’s unit have the Stealth ability.<br><br>While the bearer’s unit is within range of one or more objective markers you control, that unit can only be selected as the target of a ranged attack if the attacking model is within 18".||
CSM|Amulet of Tainted Vigour|000008981002|20|Chaos Cult|000000872|false|Containing the motive energy of Human sacrifices, this device can restore life to the fallen.|DARK APOSTLE model only. In your Command phase, you can return up to D3 destroyed DAMNED models (excluding <span class="kwb">CHARACTER</span> models) to the bearer’s unit.||
CSM|Eye of Abaddon|000008960003|15|Veterans of the Long War|000000867|false|The Warmaster observes all. He bestows his favour only upon those who slaughter his most hated enemies.|HERETIC ASTARTES model only (excluding DAMNED models). While the bearer is on the battlefield, each time your focus of hatred is destroyed, roll one D6: on a 4+, you gain 1CP.||
CSM|Falsehood|000008964003|10|Deceptors|000000868|false|This leader conceals their presence upon the battlefield.|CHAOS LORD model only (excluding TERMINATOR and JUMP PACK models). In the Declare Battle Formations step, you can set the bearer up in Reserves instead of setting it up on the battlefield. If you do, in one of your Movement phases, you can select one model in a friendly LEGIONARIES or CHOSEN unit that has two or more models remaining and is on the battlefield (excluding Attached units). The selected model is destroyed (ignoring any rules that are triggered when a model is destroyed) and the bearer is set up as close as  possible to where that model was destroyed and only within Engagement Range of any enemy units if the destroyed model was within Engagement Range of those units. The bearer now attaches to that unit as its Leader.||
CSM|Conduit of Chaos|000010151003|20|Cabal of Chaos|000001058|false|Like a lightning rod, this blessed fiend attracts the arcane energies of the Warp, unleashing them in a crackling storm of mutating horror as it plunges into the foe|HERETIC ASTARTES DAEMON model only (excluding <span class="kwb">KHORNE</span> models). This model’s melee attacks have [LANCE].||
CSM|Pact of Cursed Pinions|000010988003|20|Murdertalon Raiders|000001184|false|Sharing their mortal frame with a predatory possessor daemon lends this dark champion additional might and swiftness, though it may yet damn them for eternity.|CHAOS LORD WITH JUMP PACK model only.<br><ul><li>This model has <span class="kwb">DAEMON</span>.</li><li>This model’s melee attacks have +1 <b>A</b>.</li></ul>|<span class="kwb">LEADER:</span> <a class="kwbOne" href="/wh40k11ed/factions/chaos-space-marines/Warp-Talons"><span class="kwb kwbo">WARP</span> <span class="kwb kwbo">TALONS</span></a>|
CSM|Dark Majesty|000009520003|0|Champions of Chaos|000000948|false|The unholy power of this warrior radiates from them in a dark and malevolent nimbus that disorientates and dismays the foe.|Each time the bearer ends a Charge move, select one enemy unit within Engagement Range of it. Until the start of your next Charge phase, that enemy unit is stunned. While a unit is stunned, each time a model in that unit makes an attack, subtract 1 from the Hit roll.||
CSM|Iron Artifice|000008976003|10|Fellhammer Siege-host|000000871|false|Forged in baleflame and witchfire, the bearer’s weapons are redolent with the entropic power of the immaterium.|HERETIC ASTARTES INFANTRY model only. The bearers weapons have the [ANTI-VEHICLE 4+] and [ANTI-FORTIFICATION 4+] abilities.||
CSM|Eye of the Warp|000010739003|15|Warpstrike Champions|000001141|false|This burning gem allows its bearer to see through the veil between realspace and the Warp, and so to react instantly upon piercing that veil.|<span class="kwb">HERETIC</span> <span class="kwb">ASTARTES</span> model with the Deep Strike ability only. Each time the bearer’s unit is set up on the battlefield, until the end of the turn, you can re-roll Charge rolls made for that unit.||
CSM|Vox Malevolus|000009512003|0|Underdeck Uprising|000000947|false|This grotesque biomechanoid helm amplifies its wearer’s words through a daemonic grille-maw that fills their followers with supernatural aggression and urgency.|In the first battle round, if the bearer is on the battlefield, you can re-roll Advance rolls made for <span class="kwb">HERETIC</span> <span class="kwb">ASTARTES</span> units from your army.||
CSM|Night’s Shroud|000008972003|10|Dread Talons|000000870|false|This cape is as black as a moonless night and radiates an obfuscating aura of impenetrable darkness.|CHAOS LORD model only (excluding TERMINATOR models). Models in the bearer’s unit have the Stealth ability.||
CSM|Eye of Oblivion|000010984003|20|Devotees of Destruction|000001183|false|This vile technodaemonic parasite nests within the emptied eye socket of its host, driving filament tendrils deep into their brain and feeding on their animus in exchange for revealing the secrets of its supernatural vision.|WARPSMITH model only. When this unit is selected to shoot, select one enemy unit within 24" of this unit. That enemy unit has +6" detection range until this unit has shot.||
CSM|Invigorated Mechatendrils|000008985003|15|Soulforged Warpack|000000873|false|Suffused with warp power, the bearer’s mechatendrils undulate with unsettling celerity, propelling them forwards with unnatural speed.|WARPSMITH model only. Add 4" to the bearer’s Move characteristic.||
CSM|Warp-fuelled Thrusters|000010641003|20|Nightmare Hunt|000001122|false|Bathed in warp energies, this Lord’s jump pack tears rifts in reality, allowing them to withdraw at a moment’s notice.|Chaos Lord Jump Pack model only. At the end of your opponent’s Fight phase, if the bearer’s unit is not within Engagement Range of one or more enemy units, you can remove the bearer’s unit from the battlefield and place it into Strategic Reserves.||
CSM|Living Carapace|000009773003|15|Creations of Bile|000000991|false|With a thought, the wearer can compel this bioarmour to thicken, further increasing their formidable resistance.|Chaos Lord model only. Add 1 to the bearer’s Wounds characteristic and the bearer has the Feel No Pain 5+ ability.||
CSM|Swollen with Power|000009503003|0|Infernal Reavers|000000946|false|The dark power of the warp runs through this warriors twisted veins, enhancing their already transhuman physique to lend them grotesque strength and resilience.|Add 1 to the bearers Toughness characteristic. Each time the bearer’s unit attempts to operate a Hatchway that an enemy unit is trying to prevent, and each time the bearer’s unit tries to prevent an enemy unit from operating a Hatchway, in the resulting roll off, you can re-roll your result.||
CSM|Intoxicating Elixir|000008357003|15|Pactbound Zealots|000000751|false|This concoction fortifies the imbiber and causes them to emit a stultifying perfume that enthrals the foe.|Heretic Astartes Slaanesh model only. The bearer has the Feel No Pain 5+ ability. Each time the bearer shoots or fights, if the bearer’s unit made a Dark Pact this phase and did not fail the resulting Leadership test, after the bearer has resolved those attacks, select one enemy unit that was hit by one or more of those attacks; that enemy unit must take a Battle-shock test.||
CSM|Dread Reaver|000008968003|15|Renegade Raiders|000000869|false|A corsair and raider of great renown, this champion of Chaos is pitiless in the pursuit of plunder and infamy.|<span class="kwb">HERETIC</span> <span class="kwb">ASTARTES</span> model only. Each time the bearer makes a melee attack, if the bearer is wholly within 12" of your opponent’s deployment zone, you can re-roll the Hit roll and you can re-roll the Wound roll.||
CSM|Cybinfernal Font|000010743003|20|Cult of the Arkifane|000001142|false|This warp-forged augmetic channels daemonic energies through its bearer and into those they lead, spawning biomechanoid mutation and supernatural resilience.|<span class="kwb">HERETIC</span> <span class="kwb">ASTARTES</span> model only (excluding Damned models). Models in the bearer’s unit have the Soul Forge keyword.||
CSM|Raid Leader|000010688003|20|Huron’s Marauders|000001133|false|Rapid mechanised assaults are a preferred tactic of the Red Corsairs, and this champion excels at them.|<span class="kwb">HERETIC</span> <span class="kwb">ASTARTES</span> model only (excluding Damned models). Each time the bearer’s unit is set up after disembarking from a Transport that has made a Normal move this turn, the bearer’s unit makes an assault disembark move (Core Rules, 18.06) for that disembarkation.||
CSM|Eyes of the Hunter|000010694003|15|Renegade Warband|000001134|false|Immersion within the mutagenic energies of the Warp has wrought changes upon this warrior’s eyes. Slit pupils and warp sight enable them to pick out their targets with unerring accuracy.|<span class="kwb">HERETIC</span> <span class="kwb">ASTARTES</span> model only. Ranged weapons equipped by models in the bearer’s unit have the [IGNORES COVER] ability.||
CSM|Cultist’s Brand|000008981003|30|Chaos Cult|000000872|false|The masters of heretic cults are given to branding their underlings with arcane sigils of command.|DARK APOSTLE or DAMNED model only. If every other model in the bearer’s unit (excluding Dark Disciples) is <span class="kwb">DAMNED</span>, you can re-roll Advance and Charge rolls made for the bearer’s unit.||
CSM|Tempting Addendum|000008985004|40|Soulforged Warpack|000000873|false|The Arkifane’s contracts are malleable by design. More power can be offered should the supplicant be willing to bear the debt in souls.|HERETIC ASTARTES model only. Each time a HERETIC ASTARTES DAEMON VEHICLE unit from your army invokes its contract while within 3" of the bearer:<br><ul><li>If it suffers one or more mortal wounds as a result  of that Dark Pact, add 1 to the number of mortal wounds it suffers.</li><li>Until the end of the phase, each time a model in that unit makes an attack, you can re-roll the Hit roll.</li></ul>||
CSM|Helm of All-seeing|000009773004|25|Creations of Bile|000000991|false|This baroque helm sports numerous additional sensors, requiring various disfiguring organ augmentations to process the information.|Heretic Astartes Infantry model (excluding Damned models) only. Enemy units that are set up on the battlefield from Reserves cannot be set up within 12" of the bearer.||
CSM|Fratricidal Trophies|000010694004|5|Renegade Warband|000001134|false|The trophy racks of this warrior’s Terminator armour bear the skulls of former battle-brothers slain by his own hand. The warriors that fight at his side strive their hardest to avoid sharing the fate of their former comrades.|Heretic Astartes Terminator model only. In a turn in which the bearer’s unit chose to Default to Doctrine, until the end of the turn, each time a model in this unit makes an attack, you can re-roll the Hit roll.||
CSM|Orbs of Unlife|000008357004|15|Pactbound Zealots|000000751|false|Nurgle's malignance fortifies his chosen and bestows upon them the gift of terrible contagion.|Heretic Astartes Nurgle model only. At the end of the Fight phase, roll one D6 for every enemy unit within 3" of the bearer, adding 1 to the result if the bearer’s unit made a Dark Pact that phase and did not fail the resulting Leadership test: on a 4+, that enemy  unit suffers D3 mortal wounds.||
CSM|Warp-fuelled Thrusters|000008972004|20|Dread Talons|000000870|false|Bathed in warp energies, this Lord’s jump pack tears rifts in reality, allowing them to withdraw at a moment's notice.|JUMP PACK CHAOS LORD model only. At the end of your opponent’s turn, if the bearer’s unit is not within Engagement Range of one or more enemy units, you can remove the bearer’s unit from the battlefield and place it into Strategic Reserves.||
CSM|Mark of Legend|000008960004|10|Veterans of the Long War|000000867|false|This warrior has earned the patronage of a powerful daemonic entity and been rewarded with unholy powers.|HERETIC ASTARTES model only (excluding DAMNED models). Once per turn, you can re-roll one Hit roll, one Wound roll or one saving throw made for the bearer.||
CSM|Mark of the Hound|000008968004|25|Renegade Raiders|000000869|false|This unit of warriors act as their master's eyes and ears, seeking out targets of opportunity.|<span class="kwb">HERETIC</span> <span class="kwb">ASTARTES</span> model only. Models in the bearers unit have the Scouts 6" ability.||
CSM|Mark of the Soul Forges|000010743004|20|Cult of the Arkifane|000001142|false|This burning rune attests to the – perhaps unwise – pact its bearer has struck with the Arkifane in return for enhanced martial might and lethality.|<span class="kwb">HERETIC</span> <span class="kwb">ASTARTES</span> model only (excluding Damned models). Each time the bearer makes an attack, an unmodified Hit roll of 5+ scores a Critical Hit.||
CSM|Akshur’s Binding Runes|000010739004|20|Warpstrike Champions|000001141|false|Living runes that crawl from an ancient tome onto living skin, these sigils anchor their host to realspace even when they are immersed in the Empyrean.|<span class="kwb">HERETIC</span> <span class="kwb">ASTARTES</span> model with the Deep Strike ability only. The bearer’s unit can be set up using the Deep Strike ability in the Reinforcements step of your first, second or third Movement phase, regardless of any mission rules.||
CSM|Incendiary Goad|000008981004|25|Chaos Cult|000000872|false|The bearer of this baleflame-wreathed implement may use its searing touch to incite their followers to acts of violent savagery.|DARK APOSTLE or DAMNED model only. While the bearer’s unit is below its Starting Strength, add 1 to the Strength characteristic of melee weapons equipped by <span class="kwb">DAMNED</span> models in that unit, and while that unit is Below Half-strength, add 1 to the Attacks characteristic of those weapons as well.||
CSM|Terrorglut Parasite|000010641004|20|Nightmare Hunt|000001122|false|A daemonic pact sealed in fear and dread allowed this entity to squirm into reality. Coiled tightly and invisibly about a warrior’s soul, the being wears away at the sanity of those he faces and feasts on their terror.|<span class="kwb">HERETIC</span> <span class="kwb">ASTARTES</span> model only. At the start of the Fight phase, each enemy unit within Engagement Range of the bearer must take a Battle-shock test, subtracting 1 from the result.||
CSM|Ironbound Enmity|000008976004|15|Fellhammer Siege-host|000000871|false|A siegemaster of steadfast determination and pitiless wrath, this champion will not rest or retreat until the enemy has been cast from trench line and rampart.|<span class="kwb">HERETIC</span> <span class="kwb">ASTARTES</span> model only. Each time the bearer makes an attack while within range of an objective marker, add 1 to the Wound roll.||
CSM|Dread Reputation|000010688004|25|Huron’s Marauders|000001133|false|Such is this warrior’s infamy that their mere presence on the field of battle can overwhelm the foe with tyrannical intimidation.|<span class="kwb">HERETIC</span> <span class="kwb">ASTARTES</span> model only (excluding Damned models). Each time the bearer’s unit is set up on the battlefield, each enemy unit within 6" of the bearer’s unit (or within 12" if the bearer’s unit was set up using the Deep Strike ability) takes a Battle-shock test.||
CSM|Shroud of Obfuscation|000008964004|15|Deceptors|000000868|false|Made from warp-beast skin, this cloak obscures all.|HERETIC ASTARTES INFANTRY model only. The bearer has the Stealth and Lone Operative abilities.||
CSM|Talisman of Burning Blood|000008357005|15|Pactbound Zealots|000000751|false|This crimson gem radiates malice, granting its bearer but a sliver of Khorne’s boundless fury.|Heretic Astartes Khorne model only. Add 1 to the Attacks and Strength characteristics of the bearer’s melee weapons. Each time the bearer’s unit makes a Dark Pact and does not fail the resulting Leadership test, roll one D3: until the end of the phase, add the result to the Attacks and Strength characteristics of the bearers melee weapons instead.||
CSM|Warp Tracer|000008976005|20|Fellhammer Siege-host|000000871|false|Crafted by the dread Warpsmith Kradius, these shells contain writhing nanoworms redolent with warp energies that act as a beacon to the targeting systems of Heretic Astartes.|<span class="kwb">HERETIC</span> <span class="kwb">ASTARTES</span> model only. In your Shooting phase, after the bearer has shot, select one enemy unit hit by one or more of those attacks. Until the end of the phase, that enemy unit cannot have the Benefit of Cover.||
CSM|Warped Foresight|000008981005|10|Chaos Cult|000000872|false|The priesthood of the Chaos pantheon use their sorcerous gifts to reveal the future and position their followers accordingly.|DARK APOSTLE or DAMNED model only. While the bearer is leading a unit with the Scouts 6" ability, every model in the bearer’s unit has the Scouts 6" ability.||
CSM|Soul Link|000008964005|5|Deceptors|000000868|false|With a whispered incantation this champion projects their consciousness into the body of a willing ally.|HERETIC ASTARTES INFANTRY model only. At the start of your Command phase, you can select one other <span class="kwb">HERETIC</span> <span class="kwb">ASTARTES</span> <span class="kwb">INFANTRY</span> <span class="kwb">CHARACTER</span> model from your army (excluding EPIC HEROES). Until the start of your next Command phase, the bearer gains the <span class="kwb">PSYKER</span> keyword, and replace the bearer’s datasheet abilities with the datasheet abilities of the <span class="kwb">CHARACTER</span> you selected.||
CSM|Empyric Symbiote|000010694005|15|Renegade Warband|000001134|false|This champion of ruin has been bonded with a warp-spawned symbiote. This malefic companion’s predatory senses sense the quickest route to the enemy.|<span class="kwb">HERETIC</span> <span class="kwb">ASTARTES</span> model only. Add 1 to Advance and Charge rolls made for the bearer’s unit.||
CSM|Crown of Worms|000010743005|15|Cult of the Arkifane|000001142|false|This parasitic helm bestows the ability to conjure daemonic nematodes akin to those manifested by the Arkifane himself. These burrowing entities can reknit faltering war machines or gnaw upon such vehicles’ sanity at the wearer’s command.|Warpsmith model only. Add 3" to the range of the bearer’s Warpsmith, Master of Mechanisms and Enrage Machine Spirits abilities.||
CSM|Eager for Bloodshed|000010688005|30|Huron’s Marauders|000001133|false|Desperate to lock weapons with the foe, this warrior is always at the fore, fighting in the vanguard of Huron Blackheart’s forces.|<span class="kwb">HERETIC</span> <span class="kwb">ASTARTES</span> model only. The bearer has the Infiltrators ability.||
CSM|Sorrowscent Vulture|000010641005|35|Nightmare Hunt|000001122|false|This champion demands to be in the vanguard of the hunt, their eagerness to inflict suffering manifesting in a daring lunge towards enemy lines.|Chaos Lord Jump Pack model only. Models in the bearer’s unit have the Scouts 6" ability. In the Declare Battle Formations step, the bearer can be attached to a Warp Talons unit.|<span class="kwb">LEADER:</span> <a class="kwbOne" href="/wh40k11ed/factions/chaos-space-marines/Warp-Talons"><span class="kwb kwbo">WARP</span> <span class="kwb kwbo">TALONS</span></a>|
CSM|Willbreaker|000008972005|10|Dread Talons|000000870|false|This daemonic weapon assails the psyches of those it strikes, causing the cold shock of abject terror to grip their hearts.|<span class="kwb">HERETIC</span> <span class="kwb">ASTARTES</span> model only. In the Fight phase, after the bearer has made its attacks, select one enemy unit hit by one or more of those attacks. That unit must take a Battle-shock test.||
CSM|Tzagulla|000010739005|25|Warpstrike Champions|000001141|false|This shape-shifting daemon weapon feeds upon the presence of warp energy to empower both itself and its wielder.|<span class="kwb">HERETIC</span> <span class="kwb">ASTARTES</span> model with the Deep Strike ability only. Improve the Attacks, Strength and Armour Penetration characteristics of the bearer’s weapons by 1. In addition, each time the bearer’s unit is set up on the battlefield from Reserves, until the end of the turn, improve the Damage characteristic of the bearer’s weapons by 1.||
CSM|Soul Harvester|000008985005|15|Soulforged Warpack|000000873|false|To stoke the fires of a daemon forge requires a bounty of souls. Thus do the Warpsmiths and their allies undertake a never-ending harvest.|<span class="kwb">HERETIC</span> <span class="kwb">ASTARTES</span> model only. While the bearer is on the battlefield, each time an enemy unit within 12" of the bearer is destroyed, roll one D6: on a 5+, you gain 1CP.||
CSM|Warmaster’s Gift|000008960005|15|Veterans of the Long War|000000867|false|This warrior bears a daemonic weapon of great power, gifted unto to them by the Despoiler himself.|CHAOS LORD model only. Each time the bearer makes an attack that targets your focus of hatred, an unmodified successful Wound roll of 5+ scores a Critical Wound.||
CSM|Tyrant’s Lash|000008968005|20|Renegade Raiders|000000869|false|Pain provides excellent motivation. The crack of this infernal whip sears the soul, driving the hesitant forwards with a vigour borne of anguish.|<span class="kwb">HERETIC</span> <span class="kwb">ASTARTES</span> model only. You can re-roll Advance rolls made for the bearer’s unit, and the bearer’s unit is eligible to shoot in a turn in which it Fell Back.||
CSM|Prime Test Subject|000009773005|35|Creations of Bile|000000991|false|Only the strongest will survive the rampant cell transformations associated with Bile’s mysterious bioalchemy.|Heretic Astartes Infantry model (excluding Damned models) only. Add 1 to the Damage characteristic of melee weapons equipped by the bearer. Each time the bearer makes a melee attack, you can re-roll the Hit roll.||
DG|Beckoning Blight|000010135002|20|Tallyband Summoners|000001052|false|This unclean gift infects its host with animaluminescent fungus. Once their spirit is riddled with incorporeal mycelia, it begins to glow. This sickly radiance acts like a guiding lantern to the daemons of Nurgle, who follow its glare into realspace.|Death Guard model only. Each time a Plague Legions unit from your army is set up on the battlefield using the Deep Strike ability, if it is set up wholly within 12" of the bearer, it can be set up anywhere that is more than 6" horizontally away from all enemy models, instead of more than 8".||
DG|Miasmic Odour|000009416002|0|Arch-Contaminators|000000932|false|An omnipresent reek of decay wreathes this dark champion, mingling with swarms of parasitic plague flies and turgid clouds of infectious spores.|Add 3" to the Contagion Range of the bearer.||
DG|Rejuvenating Swarm|000010948002|20|Paragons of Putrescence|000001169|false|With a hacking prayer to Nurgle, this warrior can call upon a swarm of plague mites. Buzzing clumps of diseased flies and writhing waves of squirming things settle upon the bloated forms of the Death Guard and vomit streams of rejuvenating contagion into festering wounds.|DEATH GUARD INFANTRY model only (excluding TERMINATOR models). Attacks that target this unit with a <b>S</b> greater than this unit’s <b>T</b> have -1 to wound rolls.||
DG|Daemon Weapon of Nurgle|000010123002|10|Virulent Vectorium|000001049|false|Be it the Seeping Blade, the Talon of Befoulment or even the dreaded Axe of Putrescence, this weapon contains a malevolent daemonic entity whose mere touch rots and sickens the foe.|<span class="kwb">DEATH</span> <span class="kwb">GUARD</span> model only. Each time the bearer makes a melee attack, an unmodified Hit roll of 5+ scores a Critical Hit.||
DG|Eye of Affliction|000010127002|20|Mortarion’s Hammer|000001050|false|Peering at the world through this bloated yellow orb, the bearer of this vile gift sees the souls of the sickened burning bright as targeting flares no matter how their victims try to hide.|<span class="kwb">DEATH</span> <span class="kwb">GUARD</span> model only. Ranged weapons equipped by models in the bearer’s unit have the [ignores cover] ability while targeting an Afflicted enemy unit.||
DG|Insectile Murmuration|000009729002|15|Flyblown Host|000000980|true|The buzzing swarms respond to the will of Nurgle’s disciples, sweeping down upon their chosen target, their crawling, biting and droning enfeebling the horrified foe.|PLAGUE MARINES unit only. When this unit’s attacks target a unit within Contagion Range of a friendly unit, those attacks can re-roll wound rolls of 1.||
DG|Foul Constitution|000009398002|0|Vectors of Decay|000000930|false|Rancid with might, feverish with unclean power, this warrior’s diseased body is as unnaturally resilient as it is unfeeling of pain.|Each time an attack is allocated to the bearer, subtract 1 from the Damage characteristic of that attack.||
DG|Parasitic Woe‑Reaper|000010944002|15|Contagion Engines|000001168|true|The diseased suffering inflicted by this war machine establishes an empyric barb in its victims through which it feasts, its bloated form pulsing with new growth after every attack.|CONTAGION ENGINE unit only. When this unit has fought, one model in this unit heals D3 wounds. ||
DG|Face of Death|000010143002|10|Death Lord’s Chosen|000001054|false|So grotesque and monstrous is this champion’s aspect that it fills the enemy with unreasoning dread simply to look upon him.|Terminator model only. At the start of the Fight phase, each enemy unit within Engagement Range of the bearer’s unit must take a Battle-shock test.||
DG|Witherbone Pipes|000010139002|25|Shamblerot Vectorium|000001053|false|This sinister artefact emits a reedy dirge to which Poxwalkers seem drawn and by whose mournful notes they appear energised and lent an echo of purpose.|Noxious Blightbringer only. While the bearer is leading a Poxwalkers unit, add 1 to the Objective Control characteristic of models in that unit, and each time that unit takes a Battle-shock or Leadership test, add 1 to that test.||
DG|Final Ingredient|000010131002|20|Champions of Contagion|000001051|false|Be it the eye of a Kroot or a Space Marine’s hearts, ground Ork tusk, or something unnameable wrenched from within a Tyranid’s corpse, this champion needs just one more ingredient to perfect a powerful new plague.|Biologus Putrifier only. Once per battle, after the bearers unit has fought, if one or more <span class="kwb">CHARACTER</span> models were destroyed as a result of those attacks, select one Plague. Until the end of the battle, while an enemy unit is Afflicted, that unit has the effect of the selected Plague in addition to any other.||
DG|Pox-Bearer|000009408002|0|Unclean Uprising|000000931|false|This foul champion is a living vector for the spread of the walking plague, a suppurating nexus of filthy unlife that cannot be cleansed.|Once per battle, at the end of your Movement phase, the bearer can use this Enhancement. If it does, select one friendly POxwALKERS unit within 9" of and visible to the bearer; return up to D3+2 destroyed models to that unit.||
DG|Vile Vigour|000010143003|15|Death Lord’s Chosen|000001054|false|A fanatical worshipper of Nurgle and a talented orator, this champion can infect their followers with the urgent need to forge into battle and spread the Plague God’s blessings to all.|Terminator model only. While the bearer is leading a unit, add 1" to the Movement characteristic of models in that unit and you can re-roll Advance rolls made for that unit.||
DG|Host of the Hybridised Pox|000010948003|40|Paragons of Putrescence|000001169|false|One plague is never enough for this champion, and their repulsive form is a vessel for a mutated and semisentient disease capable of manifesting in varied contagious forms.|DEATH GUARD INFANTRY model only. (Once per battle, per army) In your Command phase, you can use this ability. If you do, select one of the <b>Plague</b> listed in Nurgle’s Gift. Enemy units within Contagion Range of this unit also have the effect of that <b>Plague</b> <u>in addition</u> to your army’s chosen <b>Plague</b> until the end of the battle.||
DG|Furnace of Plagues|000010123003|25|Virulent Vectorium|000001049|false|This champion’s body blazes with fever as a cornucopia of supernatural diseases churn and roil within. Mere proximity to them is enough to trigger an infectious outbreak of daemonic viruses.|<span class="kwb">DEATH</span> <span class="kwb">GUARD</span> model only. Add 1 to the Strength and Attacks characteristics of the bearers melee weapons, and the bearer’s melee weapons have the [DEVASTATING WOUNDS] ability.||
DG|Fell Harvester|000010135003|10|Tallyband Summoners|000001052|false|This repugnant daemon weapon extrudes swaying tendrils with lamprey maws to strike at the foe.|Death Guard model only. Add 2 to the Attacks characteristic of the bearer’s melee weapons.||
DG|Hand of Nurgle|000009408003|0|Unclean Uprising|000000931|false|Foul and foetid is the touch of this blessed being, seeping filth and rust-blooming fungi spilling from everything they lay their hands upon.|In your Command phase, select one objective marker that you control and is within range of the bearer. Roll one D6: on a 2+, that objective marker is Secured by your army||
DG|Lord of the Walking Pox|000010139003|15|Shamblerot Vectorium|000001053|false|Gifted by Nurgle to be forever surrounded by shambling packs of Poxwalkers, this champion has become adept at leading their festering hordes into battle.|<span class="kwb">DEATH</span> <span class="kwb">GUARD</span> model only. If the bearer is leading a Poxwalker unit, and is in Strategic Reserves, for the purposes of setting up that unit on the battlefield, treat the current battle round as the third battle round.||
DG|Plagueveil|000009729003|15|Flyblown Host|000000980|true|Nurgle’s blessings manifest as a buzzing clot of darkness that falls over these diseased pilgrims, enveloping them like an enshrouding fog.|PLAGUE MARINES unit only. This unit has -3" detection range.||
DG|Lancet of the Worldsore|000010944003|15|Contagion Engines|000001168|true|Proximity to this infected mass destabilises reality, with even fortress walls bubbling and rupturing in its presence until a bubo‑riddled sore forms, which it pierces like a monstrous, rusted lancet.|Friendly HELBRUTE/MYPHITIC BLIGHT-HAULER unit only. This unit has MOBILE.||
DG|Disgusting Reinvigoration|000009416003|0|Arch-Contaminators|000000932|false|Grotesque maws and stabbing probosces burst from this champion’s bloated form to consume and corrupt the very life essence of their victims.|Each time the bearer destroys an enemy model with a melee attack, roll one D6: on a 5+, the bearer regains one lost wound (to a maximum of two lost wounds per phase).||
DG|Fountaining Filth|000009398003|0|Vectors of Decay|000000930|false|Bloated fit to burst with noxious corruption, this champion’s straining body is like an overfilled pressure vessel ready to explode like a diseased warhead.|When the bearer is destroyed, before removing it from the battlefield, select one enemy unit within Engagement Range of the bearer and roll one D6: on a 2-3, that enemy unit suffers 1 mortal wound; on a 4-5, that enemy unit suffers 2 mortal wounds; on a 6, that enemy unit suffers 3 mortal wounds.||
DG|Visions of Virulence|000010131003|15|Champions of Contagion|000001051|false|The touch of this sorcerer’s mind upon another triggers feverish visions of abundant foulness that erupt into physical manifestations as they reach their crescendo.|Malignant Plaguecaster only. While an enemy unit is enfeebled by the bearer’s Pestilent Fallout ability, that unit is also Afflicted.||
DG|Bilemaw Blight|000010127003|10|Mortarion’s Hammer|000001050|false|This foul sorcerer has been blessed with a unique affliction that allows them to inflate their body like a repulsive bellows before vomiting forth a pressurised torrent of filth that would do any Great Unclean One proud.|Malignant Plaguecaster only. At the start of your Shooting phase, until the end of the phase, add 12" to the Range characteristics of the bearer’s Plague Wind weapon.||
DG|Entropic Knell|000010135004|15|Tallyband Summoners|000001052|false|Every booming peal of this cursed bell spreads rot, lesions and buboes across the foes’ bodies, sending them fleeing in terror and disgust.|Great Unclean One only. In the Battle-shock step of your opponent’s Command phase, each enemy unit within 6" of the bearer that is below its Starting Strength must take a Battle-shock test, subtracting 1 from that test.||
DG|Sorrowsyphon|000010139004|10|Shamblerot Vectorium|000001053|false|Parasitising the miserable scraps of soul within nearby Poxwalkers allows this sorcerer to belch even more malignant clouds of murderous foulness.|Malignant Plaguecaster only. While the bearer is leading a Poxwalkers unit, add 1 to the Damage characteristic of the bearer’s Plague Wind weapon. Each time the bearer makes one or more attacks with a Plague Wind weapon, after the bearer’s unit has resolved its attacks, D3 Bodyguard models from the bearer’s unit are destroyed.||
DG|Warprot Talisman|000010143004|30|Death Lord’s Chosen|000001054|false|By invoking the power of this ancient talisman, the bearer can rot a sagging rent in reality and step through the Warp to burst forth elsewhere amidst a gushing sluice of foul fluids.|Terminator model only. Once per battle, at the end of your opponent’s turn, if the bearer’s unit is not within Engagement Range of one or more enemy units, you can remove it from the battlefield and place it into Strategic Reserves.||
DG|Arch Contaminator|000010123004|25|Virulent Vectorium|000001049|false|The unfettered energies of Nurgle’s realm gush from the Warp like foulness from a punctured boil, earthing themselves in the fabric of realspace through this champions repulsive body.|<span class="kwb">DEATH</span> <span class="kwb">GUARD</span> model only. While the bearer’s unit is within range of an objective marker you control, each time a model in the bearer’s unit makes an attack, you can re-roll the Wound roll.||
DG|Needle of Nurgle|000010131004|25|Champions of Contagion|000001051|false|This plague-saturated narthecium delivers generous doses of infernal maladies that restore life to even the most hideously mangled of Mortarion’s sons.|Plague Surgeon only. Each time the bearer uses its Tainted Narthecium ability, you can return up to D3 destroyed models to the bearer’s unit (instead of 1).||
DG|Shriekworm Familiar|000010127004|15|Mortarion’s Hammer|000001050|false|This daemonic familiar lives in the champion’s flesh and watches with bitter paranoia for enemy threats. Should it spot a counterattack from the foe, it bursts forth to scream its shrill warning.|<span class="kwb">DEATH</span> <span class="kwb">GUARD</span> model only. Once per battle round, you can target the bearer’s unit with the Fire Overwatch Stratagem for 0CP.||
DG|Helm of the Fly King|000010143005|20|Death Lord’s Chosen|000001054|false|This armoured helm was crafted by the Daemon Prince Vermifulgus the Pestilent and carries his squirming enchantments. It manifests its wearer's will as roaring swarms of plump flies that whirl about their creator like an occluding shroud or descend on the foe to blind eyes, clog sensors and spread revolted panic.|Terminator model only. While the bearer is leading a unit, models in that unit cannot be targeted by ranged attacks unless the attacking model is within 18".||
DG|Cornucophagus|000010131005|35|Champions of Contagion|000001051|false|A plague bellows fashioned by daemonic smiths in a realm of pure putrescence, this rasping device exhales an endless cloying soup of lividly glowing plague motes.|Lord of Poxes only. In the Declare Battle Formations step select one Plague. Until the end of the battle, while an enemy unit is within Contagion Range of the bearer, that enemy unit has the effect of that Plague in addition to any other.||
DG|Talisman of Burgeoning|000010139005|25|Shamblerot Vectorium|000001053|false|This mould-furred talisman is studded with teeth torn from Poxwalkers’ jaws. It bolsters the creatures’ putrid vitality, forcing them to stagger and fight even through grotesque wounds.|<span class="kwb">DEATH</span> <span class="kwb">GUARD</span> model only. While the bearer is leading a unit, add 1 to the Toughness characteristic of Poxwalkers models in that unit.||
DG|Revolting Regeneration|000010123005|30|Virulent Vectorium|000001049|false|The more wounds blasted and gouged into this champion’s flesh, the more clotted matter, squirming vermin and gangrenous slime spurt forth to coagulate and seal the most grievous hurts.|<span class="kwb">DEATH</span> <span class="kwb">GUARD</span> model only. The bearer has the Feel No Pain 5+ ability.||
DG|Tendrilous Emissions|000010127005|30|Mortarion’s Hammer|000001050|false|This warrior has gained greater control of the vile fumes that billow from their armour, willing them forward like coiling tentacles to wreathe targets and guide in the fire of allied war engines.|Lord of Virulence only. While the bearer is within 3" of one or more friendly Death Guard Vehicle units, the bearer has the Lone Operative ability, and each time one of those <span class="kwb">VEHICLE</span> units makes a ranged attack that targets an enemy unit visible to the bearer, re-roll a Wound roll of 1.||
DG|Tome of Bounteous Blessings|000010135005|20|Tallyband Summoners|000001052|false|The slurred and vomit-wet incantations from this malodorous tome bolster Nurgle’s daemons.|Malignant Plaguecaster only. Each time a Plague Legions unit within 12" of the bearer takes a Battle-shock test, add 1 to that test and, if that test is passed, one model in that unit regains up to D3 lost wounds (if that unit is a Battleline unit and that test is passed, up to D3 destroyed models can be returned to that unit instead).||
DRU|Rending Chain-Flails|000009450002|0|Painbringers|000000937|false|This Haemonculus fleshcrafter has adorned their grotesque form with bladed chain-flails with which to ensnare fleeing foes and tear them to bloody shreds.|Each time an enemy unit within Engagement Range of the bearer is selected to Fall Back, roll one D6: on a 2-4, that enemy unit suffers 1 mortal wound; on a 5+, that enemy unit suffers 2 mortal wounds.||
DRU|Stimm-Fervour|000009441002|0|Ship-killer Cult|000000936|false|Propelled like a living missile through the voidship’s corridors by a near-toxic cocktail of combat stimms, this Wych strikes like dark lightning and fights with blistering savagery.|The bearer is eligible to declare a charge in a turn in which it Advanced.||
DRU|Dark Charisma|000009433002|0|Kabalite Corsairs|000000935|false|The masters of such piratical Kabals lead by example, spitting scorn upon peril, standing tall as avatars of malevolent elan, and overcoming the odds with devilish daring time and again.|The bearer has an Objective Control characteristic of 5 and you can re-roll Battle-shock tests taken for the bearer.||
DRU|Phantasmal Smoke|000010576002|15|Skysplinter Assault|000000831|false|Phantasm grenade launchers worked into sweeping hull plates discharge, laying down covering spreads of hallucinogenic vapours that daze and distract the foe.|<span class="kwb">DRUKHARI</span> model only. While the bearer’s unit is wholly within 6" of a friendly Drukhari Transport:<br><ul><li>Models in the bearer’s unit have the Stealth ability.</li><li>Each time a ranged attack targets the bearer’s unit, models in that unit have the Benefit of Cover against that attack.</li></ul>||
DRU|Leechbite Plate|000010588002|5|Kabalite Cartel|000001115|false|Threaded with parasite circuits and fashioned from empathovoric crystalline resins, this armour drinks deep of the lifeblood that spatters it and the pain of the wounded to nourish and heal its wearer.|Archon model only. The bearer has a Save characteristic of 3+. At the start of either player’s Command phase, you can spend 1 Pain token: if you do, the bearer regains all of its lost wounds.||
DRU|Archraider|000009781002|15|Reaper’s Wager|000000993|false|A veteran of countless realspace raids or vehicular saedaths, this warrior champion utilises the speed of their sleek anti-grav craft to surprise their enemies.|Harlequins or Drukhari model only. In the Declare Battle Formations step, if the bearer starts the battle embarked within a Dedicated Transport, that <span class="kwb">DEDICATED</span> <span class="kwb">TRANSPORT</span> has the Scouts 9" ability.||
DRU|Power and Greed|000009425002|0|Space Lane Raiders|000000934|false|This warrior is addicted to the heady rush of battle and suffering, each fresh taste driving them to crave more.|The first time in each turn that the bearer is Empowered, roll one D6: on a 3+, you gain 1 Pain token.||
DRU|Master Regenesist|000010584002|25|Covenite Coterie|000001114|false|Having extensively studied the mechanisms of biological growth and vitality, this Haemonculus is adept at goading flesh to reknit and new muscle and limbs to sprout in ever more grotesque arrangements.|Haemonculus model only. Each time the bearer uses its Fleshcraft ability, you can return up to D3+3 destroyed Bodyguard models to the bearer’s unit instead of D3+1.||
DRU|Gnarlskin Experimentor|000011040002|20|Tools of Torment|000001187|false|This master fleshcrafter sees raids as opportunities to assess a host of novel skins for themselves and their suffering servants: scabrous crusts, squirming meshes, resinous under layers and more besides.|HAEMONCULUS model only. Attacks that target this unit with a <b>S</b> greater than your unit’s <b>T</b> have -1 to wound rolls.||
DRU|Towering Arrogance|000011036002|15|Kabalite Agonysts|000001186|false|So absolute is this war leader’s self‑belief, so monstrous their ego, that it is virtually a weapon in its own right. Drukhari are drawn in their wake, unable to resist the charismatic certitude they exude. Enemies, meanwhile, give ground and lose heart beneath their witheringly contemptuous glare.|ARCHON model only. This unit has:<br><ul><li>+1 <b>Ld</b> and <b>OC</b>.</li></ul>||
DRU|Periapt of Torments|000011032002|20|Exhibition of Slaughter|000001185|false|This hollow black stone is worn as warrior jewellery. The sinister organism that lurks within it can detect those who intend malice to its bearer and punishes them by lashing their psyches with its psi-barbs.|SUCCUBUS model only. Enemy units cannot target this unit with snap shooting attacks.||
DRU|Dark Vitality|000010574002|20|Realspace Raiders|000000804|false|Surrounded by terror and pain, this champion of the Dark City is a veritable conduit of cruel vitality.|<span class="kwb">DRUKHARI</span> model only. The bearer’s unit is always Empowered - you do not need to spend any Pain tokens to activate that unit’s Pain abilities.||
DRU|Pharmacophex|000010580002|15|Spectacle of Spite|000001113|false|This inbuilt chem-atomiser wreathes the bearer and their comrades in a hyperstimulant haze.|Succubus model only. At the start of your Command phase, after selecting which Combat Drugs will be active for your army, roll one D6 and consult the Combat Drugs list. The result rolled applies to the bearer’s unit until the start of your next Command phase in addition to any other Combat Drugs that are active for your army. If you randomly select one that is already active for your army, it has no additional effect.||
DRU|Sadistic Fulcrum|000010576003|15|Skysplinter Assault|000000831|false|Witnessing this murderous warrior wreaking havoc, the sadistic crew of the Drukhari transports are filled with the vigour only the suffering of others can provide.|<span class="kwb">DRUKHARI</span> model only. Each time you spend 1 Pain token to Empower the bearer’s unit in the Shooting phase, select one friendly Drukhari Transport within 6" of the bearer’s unit; until the end of the phase, each time that <span class="kwb">TRANSPORT</span> makes an attack, you can re-roll the Hit roll.||
DRU|Vile Surgeon|000009450003|0|Painbringers|000000937|false|This cruel chirurgeon seeks out particularly worthy subjects upon whom to practice the most agonising surgical experiments.|The bearers Haemonculus tools and scissorhands have a Damage characteristic of 3 while targeting <span class="kwb">CHARACTER</span> units.||
DRU|Webway Awl|000010588003|25|Kabalite Cartel|000001115|false|A recklessly destructive implement modified from ancient Aeldari technology, the Webway awl allows its bearer to bore temporary rents into and out of the labyrinth dimension, careless of the ruin they leave in their wake.|Archon model only. Models in the bearer’s unit have the Deep Strike ability, and you can target the bearer’s unit with the Rapid Ingress Stratagem for 0CP.||
DRU|Spiteful Demise|000009425003|0|Space Lane Raiders|000000934|false|Knowing all too well that the carnage they cause during this void battle may be all that pays for their revivification by the Haemonculi, this warrior strikes out viciously until their very last breath.|When the bearer is destroyed, if it has not fought this phase, roll one D6: on a 2+, do not remove it from play. The bearer can fight after the attacking unit has finished making its attacks, and is then removed from play.||
DRU|Malevolent Cunning|000009433003|0|Kabalite Corsairs|000000935|false|Having fought countless bloody battles aboard the voidships of their prey, this warrior knows well how to turn such environments against their prey. Swiftly deployed booby traps and devious ruses staged with inhuman speed and skill confound the foe at every turn.|The first time in each battle round that your opponent targets a unit from their army that is within 3" of the bearer with a Stratagem, increase that Stratagems cost by 1CP for that usage.||
DRU|Labyrinthine Cunning|000010574003|25|Realspace Raiders|000000804|false|This Archon’s intellect is towering, and their gift for devious politicking and vicious cunning is almost peerless.|Archon model only. At the start of your Command phase, if the bearer is on the battlefield, you can do one of the following:<br><ul><li>Spend 1 Pain token and gain 1CP.</li><li>Roll one D6: on a 4+, you gain 1CP.</li></ul>||
DRU|Webway Walker|000009781003|15|Reaper’s Wager|000000993|false|This elite combatant possesses intricate knowledge of the Webway’s hidden paths and employs them to enhance this dreadful performance.|Harlequins or Drukhari model only. Models in the bearer’s unit have the Deep Strike ability. Each time the bearer’s unit is set up on the battlefield using the Deep Strike ability, if that unit is currently losing the wager, until the end of the turn, you can re-roll Charge rolls made for that unit.||
DRU|Blood-Drenched Champion|000009441003|0|Ship-killer Cult|000000936|false|This murderous star of the arenas delights in graphically and agonisingly taking their enemies to pieces, much to the delight of their audiences and the abject terror of surrounding foes.|In the Battle-shock step of your opponent’s Command phase, for each enemy unit that is below its Starting Strength and is within Engagement Range of the bearer, that unit must take a Battle-shock test. If that enemy unit is also Below Half-strength, subtract 1 from that test. This Enhancement cannot cause a unit to take two Battle-shock tests in the same phase.||
DRU|Elixir of the Corpse Courts|000011040003|15|Tools of Torment|000001187|true|Flowing from surgically grafted vials, this milky substance causes tumorous masses of pallid and nerve‑deadened flesh to grow. It sloughs away in sickly lumps when struck, but is soon replaced in a regenecyst cycle of cutaneous ablative armour.|CRONOS/TALOS unit only. This unit has 5+ InSv.||
DRU|Contempt for Rivals|000011036003|20|Kabalite Agonysts|000001186|false|Assured of their utter superiority over any of the enemy’s champions, this Archon rarely extends the offer of single combat and instead directs their warriors en masse to cut the pretender down.|ARCHON model only. This unit’s attacks have [PRECISION].||
DRU|Chronoshard|000010580003|15|Spectacle of Spite|000001113|false|When smashed, this splinter of crystallised time ensnares the foe, forcing them to move with the helpless sluggishness of a nightmare for crucial moments.|Succubus model only. Once per battle, at the start of the Fight phase, the bearer can use this Enhancement. If it does, until the end of the phase, models in the bearer’s unit have the Fights First ability.||
DRU|Hyperstimm Trafficker|000011032003|20|Exhibition of Slaughter|000001185|false|This gladiator has eyes only on the patronage of their audience. Supplied by a network of narcotic distributors – and heedless of the brutal effects of overdosing – the Succubus and their Wyches can endure long enough to provide extensive and heightened performances.|SUCCUBUS model only. This unit has +1 <b>T</b>.||
DRU|Master Nemesine|000010584003|5|Covenite Coterie|000001114|false|Simply for the sake of scientific curiosity and personal entertainment, this twisted poisoner has tailored toxins to kill every single life form they have ever encountered.|Haemonculus model only. The bearer’s weapons have the [anti-beast 2+] and [anti-monster 4+] abilities.||
DRU|Master Artisan|000010584004|20|Covenite Coterie|000001114|false|This Haemonculus is a savant in the arts of sculpting metal, flesh, sinew and bone alike. Their creations are works of dark and malevolent genius.|Haemonculus model only. Add 1 to the bearers Wounds characteristic and add 1 to the Toughness characteristic of models in the bearer’s unit.||
DRU|Informant Network|000010588004|30|Kabalite Cartel|000001115|false|A web of infiltrating agents, coerced unfortunates, and infoparasitic organisms keeps this Archon well informed and allows them to plan their realspace raids with insidious accuracy.|Archon model only. At the start of the Declare Battle Formations step, select up to three Kabalite Warriors and/or Hand of the Archon units from your army; those units gain the Infiltrators ability.||
DRU|Eye of Spite|000010574004|15|Realspace Raiders|000000804|false|Having battled the most hulking and heavily armoured opponents in the arena, this Succubus can spot and exploit the slightest weakness in their enemy’s defences.|Succubus model only. Improve the Attacks and Armour Penetration characteristics of the bearer’s melee weapons by 1. Each time the bearer’s unit is selected to fight, you can spend 1 Pain token; if you do, until the end of the phase, improve the Attacks and Armour Penetration characteristics of the bearer’s melee weapons by 2 instead.||
DRU|Reaper’s Cowl|000009781004|25|Reaper’s Wager|000000993|false|This ebon cloak contains a shadow field generator, which shrouds the bearer in a field of umbral darkness.|Harlequins model only. Models in the bearer’s unit have the Stealth and Infiltrators abilities.||
DRU|Periapt of Torments|000010580004|25|Spectacle of Spite|000001113|false|This hollow black stone is worn as warrior jewellery. The sinister organism that lurks within it can detect those who intend malice to its bearer and punishes them by lashing their psyches with its psi-barbs.|Succubus model only. Enemy units cannot use the Fire Overwatch Stratagem to shoot at the bearer’s unit.||
DRU|Spiteful Raider|000010576004|10|Skysplinter Assault|000000831|false|This cruel realspace raider knows the best reason to take something from the foe is for the simple spite of denying them that which they most desire to keep.|<span class="kwb">DRUKHARI</span> model only. Each time the bearer’s unit destroys an enemy unit in the Fight phase, if that enemy unit was within range of one or more objective markers when the bearer’s unit was selected to fight, you gain 1 additional Pain token.||
DRU|Crucible of Malediction|000010574005|15|Realspace Raiders|000000804|false|This repulsive artefact contains the tortured souls of psykers. When released, these essences scream across the battlefield, spreading terror and madness.|Haemonculus model only. Once per battle, in your Shooting phase, the bearer can use this Enhancement. If it does, you can spend 1 Pain token. Then, each enemy unit within 12" of the bearer must take a Battle-shock test, subtracting 1 from that test if you spent 1 Pain token. Each time a <span class="kwb">PSYKER</span> unit fails that test, it suffers 3 mortal wounds.||
DRU|Nightmare Shroud|000010576005|20|Skysplinter Assault|000000831|false|This strange artefact wreathes its bearer in a cloying cloud of shadow. Flitting into battle under cover of this pall, they are nigh impossible for the prey to see coming.|<span class="kwb">DRUKHARI</span> model only. Each time the bearer’s unit disembarks from a Transport, until the end of the turn, enemy units cannot use the Fire Overwatch Stratagem to shoot at the bearer’s unit.||
DRU|Morghenna’s Curse|000010580005|20|Spectacle of Spite|000001113|false|Archon Aestra Khromys gifted the famed gladiatrix Morghenna this glaive as a symbol of patronage. Yet so exquisitely crafted is the blade that the Succubus was eventually murdered for it by a rival. Such has been the eventual fate of all those reckless and conceited enough to wield it since.|Succubus model only. Improve the Armour Penetration and Damage characteristics of the bearers melee weapons by 1.||
DRU|Towering Arrogance|000010588005|20|Kabalite Cartel|000001115|false|So absolute is this war leader’s self-belief so monstrous their ego, that it is virtually a weapon in its own right. Drukhari are drawn in their wake, unable to resist the charismatic certitude they exude. Enemies, meanwhile, give ground and lose heart beneath their witheringly contemptuous glare.|Archon model only. While the bearer is leading a unit, improve the Leadership and Objective Control characteristics of models in that unit by 1.||
DRU|Master Repugnomancer (Aura)|000010584005|15|Covenite Coterie|000001114|false|The Repugnomancers focus all their study on the art of triggering instinctive revulsion and horror. Though considered gauche by many other Haemonculi, the results of their foul craft on the battlefield are undeniable.|Haemonculus model only. Add 3" to the range of the bearer’s Fear Incarnate ability, and each time a friendly Drukhari unit within 9" of the bearer fails a Battle-shock test or is destroyed, roll one D6: on a 4+, you gain 1 Pain token.||
DRU|Conductor of Torment|000009781005|20|Reaper’s Wager|000000993|false|This cruel champion of Commorragh seeks only to bathe in the agony of the foe. To them, the outcome of any wager is secondary to the symphony of suffering.|Drukhari model only. In your Command phase, you<br>can do one of the following:<br><ul><li>If your <span class="kwb">DRUKHARI</span> units are currently losing the wager, you can gain 1 Pain token. If you do, <span class="kwb">DRUKHARI</span> units from your army are now winning the wager.</li><li>If your <span class="kwb">DRUKHARI</span> units are currently winning the wager, you can discard 1 Pain token. If you do, Harlequins units from your army are now winning the wager.</li></ul>||
EC|Empyric Suffusion|000010010002|15|Carnival of Excess|000001036|false|Swirling clouds of perfumed empyric energy suffuse this leader s followers, granting them daemonic vigour.|EMPEROR’S CHILDREN model only. When you target this unit with the Heroic Intervention stratagem, that use is -1 CP.||
EC|Faultless Opportunist|000010002002|15|Peerless Bladesmen|000001034|false|This swordsman forever seeks opportunities to flaunt their dazzling and deadly bladework.|EMPEROR’S CHILDREN model only. You can target this unit with the Heroic Intervention stratagem, regardless of any other uses of that stratagem this phase. If you do:<br><ul><li>That use is -1 CP.</li><li>That use does not prevent any uses of that stratagem on other units this phase.</li></ul>||
EC|Steeped in Suffering|000009998002|20|Mercurial Host|000001033|false|The warlords of the Emperor’s Children thrive on the pain they cause. The more grievous the injuries they cause, the deadlier they become.|Emperor’s Children model only. Each time a model in the bearer’s unit makes an attack that targets an enemy unit below its Starting Strength, add 1 to the Hit roll. If that target is also Below Half-strength, add 1 to the Wound roll as well.||
EC|Sublime Prescience|000010006002|25|Rapid Evisceration|000001035|false|This leader’s tactical prowess ensures that their reinforcements arrive when required.|Emperor’s Children Infantry model only. Once per turn, in your Movement phase, the bearer can use this Enhancement. If it does, select one friendly Emperor’s Children Transport that is in Strategic Reserves. Until the end of the phase, for the purposes of setting up that <span class="kwb">TRANSPORT</span> on the battlefield, treat the current battle round number as being one higher than it actually is.||
EC|Cacophonic Accompaniment|000010952002|20|Elegant Brutes|000001180|false|Like a parasite clinging to its host, this Lord Kakophonist’s mutated armour piggybacks on the teleport signals of Emperor’s Children Terminators, slingshotting him perilously through the Empyrean to explode onto the battlefield in a riot of discordant sonic fury.|LORD KAKOPHONIST model only.<br><ul><li>This model has Deep Strike.</li><li>This unit’s ranged attacks have [IGNORES COVER]</li></ul>||
EC|Euphoric Crown|000010956002|20|Frenzied Host|000001181|false|This champion of Slaanesh wears a helm that absorbs and amplifies the frenzied carnival of carnage around them, driving the wearer into a frenzy of euphoric might.|LORD EXULTANT model only. This model’s melee attacks have +1 <b>S</b>.||
EC|Eager Patrons|000010960002|20|Spectacle of Slaughter|000001182|true|The daemonic audience drawn by the deeds of these Flawless Blades is impatient for the spectacle to begin, and so bestows supernatural celerity upon those they consider the star performers.|FLAWLESS BLADES unit only. This unit has +2" <b>M</b>.||
EC|Venom of the Six-fanged Serpent|000010808002|0|Sublime Strike|000001154|false|This preening Slaaneshi champion has anointed their weapons with corrosive hyperstimulants milked from the maw of a foul daemonic entity. The merest drop can burn out the nervous systems of their victims with flash floods of unbearable sensation.|Add 1 to the Strength and Damage characteristics of the bearer’s melee weapons and improve the Armour Penetration characteristic of those weapons by 2.||
EC|Tears of the Phoenix|000010654002|25|Court of the Phoenician|000001125|false|The addictive substance in these droplets is said to fracture consciousness – and sanity – to the point where the imbiber perceives every strike and parries their opponents’ attempts.|<span class="kwb">EMPEROR’S</span> <span class="kwb">CHILDREN</span> model only. Each time a model in the bearer’s unit makes a melee attack, you can ignore any or all modifiers to that attack’s Weapon Skill characteristic and any or all modifiers to the Hit roll and Wound roll.||
EC|Eager to Prove|000010018002|15|Slaanesh’s Chosen|000001038|false|This puissant champion of Slaanesh is ever eager to join the battle and prove their peerless skill to the Dark Prince.|Emperor’s Children model only. You can re-roll Charge rolls made for the bearer’s unit. While the bearer’s unit is your army’s Favoured Champions, add 2" to the Move characteristic of models in that unit.||
EC|Pledge of Eternal Servitude|000010014002|25|Coterie of the Conceited|000001037|false|Through Slaanesh’s favour, this warrior has defied death more than once and each time has been agonisingly resurrected to offer more souls to their patron.|Emperor’s Children model only. The first time the bearer is destroyed, take a Leadership test for the bearer at the end of the phase. If that test is passed, set the bearer back up on the battlefield, as close as possible to where it was destroyed and not within Engagement Range of one or more enemy units, with D6 wounds remaining (up to its Wounds characteristic).||
EC|Daemonshrieker|000010808003|0|Sublime Strike|000001154|false|Carved with imprisoning runes and bristling with needle barbs, this vile device houses a bound Slaaneshi daemon. Through agonising ritual surgery, it is implanted into the throat of a chosen champion, allowing them to channel the trapped entity’s desperate rage into blasting war shouts that can shatter any barred gateway or locked hatch.|In your Shooting phase, you can select one closed Hatchway within 12" of and visible to the bearer. If you do, roll one D6: on a 2+, open that Hatchway and, until the end of the battle, that Hatchway cannot be closed.||
EC|Blinding Speed|000010002003|25|Peerless Bladesmen|000001034|false|By injecting powerful combat stimms distilled from the perfumed ichor of Daemonettes, these warriors slash out with diabolically enhanced speed.|Emperor’s Children model only. Once per battle, at the start of the Fight phase, the bearer can use this Enhancement. If it does, until the end of the phase, models in the bearer’s unit have the Fights First ability.||
EC|Spearhead Striker|000010006003|20|Rapid Evisceration|000001035|false|This leader and their bodyguard pride themselves being first into the fray.|Emperor’s Children Infantry model only. Each time the bearer disembarks from a Transport, until the end of the turn, you can re-roll Charge rolls made for the bearer’s unit and enemy units cannot use the Fire Overwatch Stratagem to shoot at the bearer’s unit.||
EC|Dark Blessings|000010010003|10|Carnival of Excess|000001036|false|This warrior has earned the favour of the Dark Prince.|Emperor’s Children Infantry model only. Once per battle, just after an enemy unit has selected its targets, the bearer can use this Enhancement. If it does, until the end of the phase, the bearer has a 3+ invulnerable save.||
EC|Exalted Patron|000010654003|15|Court of the Phoenician|000001125|false|This champion is a domineering martial lord, hungry for the adulation and audience of his warband’s most self-centred blademasters.|Lord Exultant model only. Add 1" to the Move characteristic of the bearer.|<span class="kwb">LEADER:</span> <a class="kwbOne" href="/wh40k11ed/factions/emperor-s-children/Flawless-Blades"><span class="kwb kwbo">FLAWLESS</span> <span class="kwb kwbo">BLADES</span></a>|
EC|Pledge of Dark Glory|000010014003|25|Coterie of the Conceited|000001037|false|This leader is surrounded by an aura of dark majesty, radiating the glorious and infectious arrogance displayed by the greatest of Slaanesh’s chosen sons.|Emperor’s Children model only. While the bearer is leading a unit, improve the Leadership and Objective Control characteristics of models in that unit by 1.||
EC|Beguiling Grotesquerie|000010960003|15|Spectacle of Slaughter|000001182|true|Unable to tear their gaze from the hypnotically hideous features of the Flawless Blades, foes stare slack‑jawed in horrified fascination as their death stalks elegantly toward them.|FLAWLESS BLADES unit only. Enemy units cannot target this unit with snap shooting attacks.||
EC|Repulsed by Weakness|000010018003|25|Slaanesh’s Chosen|000001038|false|Those chosen by Slaanesh seek only worthy foes. The weak and craven are slaughtered with sneering contempt.|Emperor’s Children model only. Each time an enemy unit (excluding <span class="kwb">MONSTERS</span> and <span class="kwb">VEHICLES</span>) within Engagement Range of the bearer’s unit Falls Back, models in that enemy unit must take Desperate Escape tests. When doing so, if the bearer’s unit is your army’s Favoured Champions, subtract 1 from each of those Desperate Escape tests.||
EC|Frenzied Ferocity|000010952003|15|Elegant Brutes|000001180|true|Encumbered not at all despite the massive bulk of their armour, these Terminators’ mutant muscle and warp‑tainted reactions allow them to indulge in every aspect of attacking the foe to wild excess.|EMPEROR’S CHILDREN TERMINATOR SQUAD unit only. This unit’s attacks have [SUSTAINED HITS 1].||
EC|Howling Plate|000010956003|20|Frenzied Host|000001181|false|Mutant vox-emitters open like mouths all across this warrior’s grotesque armour, vomiting targeted sonic shock waves that enhance his allies’ already furious firepower.|LORD EXULTANT model only. This unit’s ranged attacks have +1 <b>AP</b>.||
EC|Intoxicating Musk|000009998003|20|Mercurial Host|000001033|false|A sickly-sweet aroma emanates from this warrior, at once delightful and abhorrent. A perfumed assault on the senses intoxicates those in its vicinity.|Emperor’s Children model only. Each time a melee attack targets the bearer’s unit, if the Strength characteristic of that attack is greater than the Toughness characteristic of that unit, subtract 1 from the Wound roll.||
EC|Soulstain Made Manifest|000010654004|15|Court of the Phoenician|000001125|false|The corruption of this warrior’s soul is so total that it bleeds outwards in a nimbus of nauseating eldritch horror that repulses his enemies.|<span class="kwb">EMPEROR’S</span> <span class="kwb">CHILDREN</span> model only. At the start of the Fight phase, you can select one enemy unit within Engagement Range of the bearer; that unit must take a Battle-shock test, subtracting 1 from the result.||
EC|Distortion|000010002004|25|Peerless Bladesmen|000001034|false|The sheen of this blade reflects to the bearer their own alluring countenance. In their image, they see an example of perfection. In reality, the bearer has become a hideous wretch, every ounce of elegance leached away to increase the daemon blade’s killing power.|Emperor’s Children model only. Add 1 to the Attacks and Damage characteristics of melee weapons equipped by the bearer.||
EC|Accomplished Tactician|000010006004|35|Rapid Evisceration|000001035|false|Possessed of uncanny situational awareness, this leader directs hit-and-fade attacks with great precision.|Emperor’s Children Infantry model only. Once per turn, in your opponent’s Shooting phase, just after an enemy unit has shot, you can select one friendly Emperor’s Children unit within 9" of the bearer that was hit by one or more of those attacks, then select one friendly Transport that unit is wholly within 6" of and is able to embark within. That <span class="kwb">EMPEROR’S</span> <span class="kwb">CHILDREN</span> unit can embark within that Transport.||
EC|Possessed Blade|000010010004|35|Carnival of Excess|000001036|false|The martial grace that this daemon weapon bestows upon its bearer comes at a price.|Emperor’s Children model only. At the start of the battle, select one melee weapon equipped by the bearer; add 1 to the Attacks characteristic of that weapon. In addition, each time the bearer is selected to fight, it can use this Enhancement. If it does, while resolving those attacks, add 1 to the Damage characteristic of that weapon and that weapon has the [devastating wounds] and [hazardous] abilities.||
EC|Tactical Perfection|000009998004|15|Mercurial Host|000001033|false|Since their foundation, the Emperor's Children have sought to master every art of warfare, be it in personal acts of martial prowess or superior tactical displays.|Emperor’s Children model only. After both players have deployed their armies, select up to two <span class="kwb">EMPEROR’S</span> <span class="kwb">CHILDREN</span> units from your army and redeploy them. When doing so, you can set those units up in Strategic Reserves if you wish, regardless of how many units are already in Strategic Reserves.||
EC|Pledge of Mortal Pain|000010014004|15|Coterie of the Conceited|000001037|false|This warrior gifts their foes with Slaanesh’s own exquisite caress, offering up their agonies to please the Dark Prince.|Emperor’s Children model only. At the start of your Shooting phase, select one enemy unit within 12" of and visible to the bearer. That unit must take a Leadership test, subtracting 2 from the result if it is Battle-shocked: if failed, that enemy unit suffers 3 mortal wounds.||
EC|Proud and Vainglorious|000010018004|20|Slaanesh’s Chosen|000001038|false|Even amongst the prideful warriors of the Emperor’s Children, this warrior is a towering pillar of arrogance.|Emperor’s Children model only. You can re-roll Battle-shock and Leadership tests taken for the bearer’s unit. While the bearer’s unit is your army’s Favoured Champions, add 1 to the Objective Control characteristic of models in that unit.||
EC|Spiritsliver|000010654005|20|Court of the Phoenician|000001125|false|This slender hellforged blade appears to weave in and out of being. Its daemonic bearer wields it in flickering arcs at supernatural speed, swift enough for its phantasmal edge to slice apart a victim’s soul before it is lost to the Warp.|Emperor’s Children Daemon Prince model only. Add 1 to the Strength and Attacks characteristics of the bearer’s melee weapons.||
EC|Loathsome Dexterity|000009998005|10|Mercurial Host|000001033|false|Blessed by Slaanesh to further accentuate their perverse elegance, this leader possesses feline finesse.|Emperor’s Children model only. Each time a model in the bearer’s unit makes a Normal, Advance or Fall Back move, it can move through enemy models. When doing so, it can move within Engagement Range of such models but cannot end that move within Engagement Range of them, and any Desperate Escape test is automatically passed.||
EC|Rise to the Challenge|000010002005|30|Peerless Bladesmen|000001034|false|This warriors arrogance is matched by a listless ennui at the galaxy's everyday stimuli. Should a worthy opponent challenge them in combat, they transform into a faultless duellist with skill beyond compare.|Emperor’s Children Infantry model only. Once per battle, at the end of the Fight phase, if the bearer is within Engagement Range of three or more enemy models, it can use this Enhancement. If it does, the bearer can fight one additional time. When doing so, you can select one ability using the Exquisite Swordsmanship Detachment rule to apply to those attacks.||
EC|Heretek Adept|000010006005|35|Rapid Evisceration|000001035|false|This warrior is well-versed in the fell rituals of the Dark Mechanicum.|Emperor’s Children Infantry model only. Once per battle round, when a saving throw is failed for a friendly Emperor’s Children Vehicle model within 6" of the bearer, you can change the Damage characteristic of that attack to 0.||
EC|Warp Walker|000010010005|35|Carnival of Excess|000001036|false|This champion of Slaanesh is so steeped in the warp as to be able to traverse its maddening depths at will.|Emperor’s Children or Keeper of Secrets model only. Each time the bearer’s unit Advances, do not make an Advance roll. Instead, until the end of the phase, add 6" to the Move characteristic of models in that unit. Each time a model in the bearer’s unit makes a Normal, Advance or Fall Back move, it can move through enemy models. When doing so, it can move within Engagement Range of such models but cannot end that move within Engagement Range of them, and any Desperate Escape test is automatically passed.||
EC|Pledge of Unholy Fortune|000010014005|30|Coterie of the Conceited|000001037|false|A daemonic patron steers this warrior’s fate. Every movement is a killing stroke or exquisitely timed parry.|Emperor’s Children model only. Once per turn, just after making a Hit roll, a Wound roll or a saving throw for a model in the bearer’s unit, if the bearer is not Battle-shocked, it can use this Enhancement. If it does, treat the result as an unmodified roll of 6 instead.||
EC|Slayer of Champions|000010018005|15|Slaanesh’s Chosen|000001038|false|This warrior has obsessively perfected the arts of war for centuries if not millennia. Few champions, regardless of origin, are beyond their ability to kill.|Emperor’s Children model only. The bearer’s melee weapons have the [PRECISION] ability, and each time the bearer makes a melee attack that targets a <span class="kwb">CHARACTER</span> unit, improve the Strength and Armour Penetration characteristics of that attack by 1.||
GC|Gene-Tailored Toxins|000010900002|35|Heroes of the Uprising|000001188|false|Years of experimentation and stolen biodata have gone into the fabrication of these unique and horrible toxins, which are now used to coat the weapons of the cult’s favoured champions.|LOCUS/SANCTUS model only. This model’s attacks have +1 <b>D</b>.||
GC|Master Saboteur|000009460002|0|Cult Unveiled|000000939|false|This cult leader is skilled in the arts of covert sabotage, and has pre-emptively employed these skills against a key strategic target on this deck.|The first time in the battle that your opponent’s army Secures an objective marker while the bearer is on the battlefield, roll one D6: on a 3+, that objective marker is not Secured by your opponent’s army.||
GC|Prowling Agitant|000009067002|15|Host of Ascension|000000884|false|No matter how often the oppressors seek to trap or silence this leader, they always find themselves left empty-handed and foolish, their elusive quarry long gone.|<span class="kwb">GENESTEALER</span> <span class="kwb">CULTS</span> model only. In your opponent's Movement phase, if an enemy unit ends a move within 8" of this unit, if this unit is not within Engagement Range of one or more enemy units, this unit can make a Normal move of up to D6".||
GC|Mark of the Star Children|000010904002|30|Purestrain Broodswarm|000001189|true|Spontaneous biomorphs amongst this brood of Purestrains render them bigger, stronger, and mark them out as surely being the chosen of the Star Children themselves.|PURESTRAIN GENESTEALERS unit only. This unit has:<br><ul><li>+1 <b>T</b>.</li><li>4+ <b>Sv</b>.</li><li>This unit’s melee attacks have +1 <b>S</b>.</li></ul>||
GC|Gene-sire’s Reliquant|000009071002|5|Xenocreed Congregation|000000885|false|This war leader carries a gift from their Patriarch: a talismanic shard of a chitinous claw, a vial of the liquid that seeps into the genesis pools or a psionic growth within the chosen one’s brain. Its form matters less than its effect, for it radiates an inspirational wave of the Broodmind that focuses the minds of the faithful on their duties to the cult above all else.|MAgUS, PRImUS or ACOLyTE ICONwARD model only. You can re-roll Battle-shock tests taken for the bearer’s unit.||
GC|Spiteful Imp|000009468002|0|Genespawn Onslaught|000000940|false|This Abominant’s familiar is of an especially vicious breed. Not content to lead its lumpen companion into the fight, it also exploits enemies’fearful distraction to strike barbed blows of its own.|AbOMiNANT model only. Each time an enemy unit opens a Hatchway, if the bearer is within 1" of that Hatchway, roll one D6: on a 3-4, that enemy unit suffers 1 mortal wound; on a 5+, that enemy unit suffers 2 mortal wounds.||
GC|Serpentine Tactics|000009079002|10|Outlander Claw|000000887|false|With a chilling focus enabling them to identify ideal firing positions at a glance, this frontier assassin leads their brood in a coiling evasion from their enemies that suddenly changes into a lunging strike back.|GENESTEALER CULTS MOUNTED model only. The bearer’s unit is eligible to shoot in a turn in which it Fell Back.||
GC|Predatory Instincts|000009075002|20|Biosanctic Broodsurge|000000886|false|With alien senses and instincts augmented with hyper-adaptive gene-strands, this chosen of the cult leads the way deep into enemy lines, like a toxic barb working its way to the heart.|ABOMINANT, BIOPHAGUS or PATRIARCH model only.<br><ul><li>Models in the bearer’s unit have the Infiltrators ability.</li><li>You can target this unit with the Heroic Intervention stratagem, regardless of any other uses of that stratagem this phase. If you do:</li><ul><li>That use is -1 CP.</li><li>That use does not prevent any uses of that <b>stratagem</b> on other units this phase.</li></ul></ul>||
GC|Martial Espionage|000009084002|25|Brood Brother Auxilia|000000888|false|With access to Imperial data-logs and servo-scry records, this cult leader feeds the stolen information to their professional allies, enabling them to immediately exploit weak points in the enemy.|GENESTEALER CULTS INFANTRy model only. Once per turn, when a friendly ASTRA MILITARUm INFANTRy or ASTRA MILITARUm MOUNTED unit within 9" of the bearer is selected to shoot, the bearer can use this Enhancement. If it does, until the end of the phase, improve the Armour Penetration characteristic of ranged weapons equipped by models in that unit by 1.||
GC|Inspired to Greatness|000010908002|15|Xenocult Masses|000001190|false|Fighting under the eyes of the very leaders of their cult, the faithful are gripped by an unwavering determination to excel in battle.|MAGUS/PRIMUS model only. This unit’s attacks can re-roll damage rolls.||
GC|Synaptic Auger|000009827002|15|Final Day|000001002|false|Invisible psionic tendrils drift around this bioform’s cranium, stabbing out to force alien demands into fragmenting hybrid minds and suck the bioenergy from them in merciless draughts.|Tyranids model only. Each time the bearer would regain one or more lost wounds from the Psionic Parasitism Detachment rule, it regains up to twice that number of lost wounds instead.||
GC|Stalking Menace|000009476002|0|Infestation Swarm|000000941|false|Soon after this nightmarish predator vanishes from sight, its victims feel the hot reek of its breath upon the napes of their necks in the instant before it strikes.|Once per battle, at the end of your opponent’s Fight phase, if the bearer is not within Engagement Range of one or more enemy units, it can use this Enhancement. If it does, remove the bearer from the battlefield and place it into Strategic Reserves. It will arrive back on the battlefield in the Reinforcements step of your next Movement phase as if it had the Deep Strike ability. If this is not possible, the bearer is destroyed. When the bearer is set back up on the battlefield, until the end of the turn, it cannot declare a charge.||
GC|Miasmic Fumes|000009468003|0|Genespawn Onslaught|000000940|false|So potent are the bubbling toxins and tinctures carried into battle by the Biophagus that they choke the ship’s corridors with gene-corrosive fumes that choke foes and obscure their bearer from view.|BiOPHAGUS model only. Each time an attack targets the bearer, subtract 1 from the Hit roll and subtract 1 from the Wound roll.||
GC|A Chink in Their Armour|000009067003|20|Host of Ascension|000000884|false|Every oppressor has a weak spot. This savant of tactical analysis pinpoints fractured armour plates, exposed cabling or unshielded flesh with a glance and directs the cults fire to shatter the enemy’s greatest assets.|<span class="kwb">GENESTEALER</span> <span class="kwb">CULTS</span> model only. Each time the bearer is set up on the battlefield as Reinforcements, until the end of your next Fight phase, ranged weapons equipped by models in the bearer’s unit have the [LETHAL HITS] ability.||
GC|Talons of the Sire|000010904003|15|Purestrain Broodswarm|000001189|false|The broodmind bond between this Patriarch and its Purestrain spawn is so strong that it can virtually wield them like its own vicious talons.|PATRIARCH model only. This unit’s attacks can re-roll wound rolls of 1.||
GC|Denunciator of Tyrants|000009071003|25|Xenocreed Congregation|000000885|false|With vitriol and passion do the cult’s leaders castigate the foe’s champions, casting them as the most hated architects of oppression and inciting their comrades to murderous intent.|MAgUS, PRImUS or ACOLyTE ICONwARD model only. Each time a model in the bearer’s unit makes an attack that targets a <span class="kwb">CHARACTER</span> unit, add 1 to the Hit roll and add 1 to the Wound roll.||
GC|Cartographic Data-leech|000009079003|10|Outlander Claw|000000887|false|This parasitic, cybernetic implant allows its host to tap into the survey augurs and proximity detectors of the cults industrial transports. They use this leeched data to guide their comrades’ fire from vision slits and hatches, even at high speed.|GENESTEALER CULTS model only. While the bearer is embarked within a TRANSPORT, each time that <span class="kwb">TRANSPORT</span> is selected to shoot, until the end of the phase, improve the Ballistic Skill characteristic of ranged weapons equipped by that <span class="kwb">TRANSPORT</span> as a result of the Firing Deck ability by 1.||
GC|Primary Detonator|000009460003|0|Cult Unveiled|000000939|false|A chunky technological device with a deviant machine spirit and an array of triggers, this jury-rigged detonator connects to multiple explosive charges laced through this deck. By pumping one of the triggers, its wielder can set off a powerful detonation.|Once per battle, when an enemy unit opens a closed Hatchway, if the bearer is on the battlefield, it can use this Enhancement. If it does, roll one D6: on a 3-4, that enemy unit suffers 1 mortal wound; on a 5+, that enemy unit suffers 2 mortal wounds.||
GC|Contraband Munitions|000010900003|20|Heroes of the Uprising|000001188|false|Carefully husbanded against the Day of Ascension, these rare and powerful black‑market rounds are issued only to the cult’s finest marksmen.|KELERMORPH/REDUCTUS SABOTEUR model only. This unit’s ranged attacks have +2 <b>S</b>.||
GC|Enraptured Damnation|000009827003|10|Final Day|000001002|false|Though hollowing them out like acid, the insidious power of the Hive Mind blazes from this delirious fanatic and forces their enemies to recoil.|Genestealer Cults model only. Enemy units cannot use the Fire Overwatch Stratagem to shoot at the bearer’s unit.||
GC|Adaptive Reprisal|000009084003|15|Brood Brother Auxilia|000000888|false|Whether through intensive cross-training with tainted officers or some symbiotic neuro-mimicry, this insurrectionist is adept in daring tactical manoeuvres.|<span class="kwb">GENESTEALER</span> <span class="kwb">CULTS</span> <span class="kwb">INFANTRY</span> model only. When you target this unit with the Heroic Intervention stratagem, that use is -1 CP.||
GC|Psi-spoor Sensitivity|000009476003|0|Infestation Swarm|000000941|false|Able to taste its prey’s terrified mental signatures like pheromones, there is nowhere to hide from this beast.|Each time the bearer declares a charge, it can target enemy units that are not visible to it.||
GC|Biomorph Adaptation|000009075003|25|Biosanctic Broodsurge|000000886|false|The power of the Star Children flows through this creatures veins, their physiology showing unnatural gifts and lethal enhancements.|AbOmINANT or PATRIARCH model only. Improve the Armour Penetration and Damage characteristics of melee weapons equipped by the bearer by 1.||
GC|Devious Disguises|000010908003|15|Xenocult Masses|000001190|true|Whether it be stolen uniforms, ad‑hoc camouflage or even some chameleonic xenomutation, these Neophytes are able to blend into their surroundings.|NEOPHYTE HYBRIDS unit only. This unit has -3" detection range.||
GC|The Hero Returned|000009084004|20|Brood Brother Auxilia|000000888|false|Hidden for years within a xeno-tainted regiment, this feted commander has returned to lead their guerrillas, donning once more the garb of the insurgent. Respected with reverent awe, they instil a disciplined professionalism and focus in their cult comrades.|<span class="kwb">GENESTEALER</span> <span class="kwb">CULTS</span> <span class="kwb">INFANTRY</span> model only. Improve the Leadership and Objective Control characteristics of models in the bearer’s unit by 1.||
GC|Starfall Shells|000009079004|10|Outlander Claw|000000887|false|When they hit, these hand-crafted sniper bullets radiate with a supernatural aura redolent of the void’s numbing chill. Muscles seize, fingers cramp and thought slows as the sinister saturation takes effect.|GENESTEALER CULTS MOUNTED model only. In your Shooting phase, after the bearer has shot, select one enemy unit hit by one or more of those attacks made with a cult sniper rifle. Until the start of your next Shooting phase, each time a model in that enemy unit makes an attack, subtract 1 from the Hit roll.||
GC|Vanguard Tyrant|000009827004|25|Final Day|000001002|false|Adapted by the Hive Mind to lead the first invasion swarms, this leader organism’s bioweapons emphasise vicious shock assault and maximum bloodshed.|Winged Hive Tyrant model only. Improve the Strength and Armour Penetration characteristics of melee weapons equipped by the bearer by 1.||
GC|Our Time Is Nigh|000009067004|20|Host of Ascension|000000884|false|Infused with transcendent zeal, this insurrectionist and their chosen cultists are assured by telepathic whispers that they are the Star Childrens avatars and that now is the moment to strike.|<span class="kwb">GENESTEALER</span> <span class="kwb">CULTS</span> model only. Once per battle, when the bearer’s unit declares a charge, the bearer can use this Enhancement. If it does, until the end of the phase, add 2 to Charge rolls made for the bearer’s unit.||
GC|Mutagenic Regeneration|000009075004|10|Biosanctic Broodsurge|000000886|false|Though the truth may lie with cocktails of alchemical enzymes or xenos hormones triggering ferocious metabolic renewal, the cult’s masses see this nigh-immortal leader as a vessel of divine favour.|AbOmINANT, BIOPHAgUS or PATRIARCH model only. In each Command phase, one model in the bearer’s unit regains 1 lost wound.||
GC|Deeds That Speak to the Masses|000009071004|25|Xenocreed Congregation|000000885|false|This agent of the Star Children is a living legend known amongst the entire cult. Their reputation as a spiritual orator, undefeated liberator or sanctified warden is mythic, and their very presence draws the faithful to their side for a chance to fight alongside them.|Magus, Primus or Acolyte Iconward model only. You start the battle with 2 additional Resurgence points.||
GC|Assault Commando|000009079005|15|Outlander Claw|000000887|false|An expert in rapid attacks from speeding vehicles, this veteran has drilled their insurrectionist cell, readying them to leap into the fray with stolen weapons blazing.|GENESTEALER CULTS model only. Each time a model in the bearer’s unit makes a ranged attack, if it disembarked from a TRANSPORT this turn, you can re-roll the Hit roll.||
GC|Alien Majesty|000009075005|15|Biosanctic Broodsurge|000000886|false|An aura of palpable grandeur surrounds this individual, their mere presence a powerful stimulant to the nerve of their followers and a cowing nimbus to subjugate tyrannical foes.|AbOmINANT, BIOPHAgUS or PATRIARCH model only. While an enemy unit is within Engagement Range of the bearer’s unit, subtract 1 from the Objective Control characteristic of models in that enemy unit (to a minimum of 1).||
GC|Incendiary Inspiration|000009071005|15|Xenocreed Congregation|000000885|false|This insurgent is a font of aggressive encouragement. As some supernatural vitality their broodkin feel in their souls, the leader’s words and deeds rouse them with fresh energy and stir them to charge forth in blind fury.|MAgUS, PRImUS or ACOLyTE ICONwARD model only. The bearer’s unit is eligible to declare a charge in a turn in which it Advanced.||
GC|Assassination Edict|000009067005|15|Host of Ascension|000000884|false|With an impulse of the Broodmind pulsing in their brain, this holy avenger stalks the battlefield, seeking to slay generals, preachers and all those the foe looks to for salvation and inspiration.|<span class="kwb">GENESTEALER</span> <span class="kwb">CULTS</span> model only. Each time a model in the bearer’s unit makes an attack that targets a <span class="kwb">CHARACTER</span> unit, add 1 to the Hit roll||
GC|Firepoint Commander|000009084005|10|Brood Brother Auxilia|000000888|false|Taking a righteous vindication in turning the oppressor’s tactics against them, this war leader coordinates their broodkins last-second fire into effective volleys to drive back the foe.|<span class="kwb">GENESTEALER</span> <span class="kwb">CULTS</span> <span class="kwb">INFANTRY</span> model only. Each time you target the bearer’s unit with the Fire Overwatch Stratagem, while resolving that Stratagem, hits are scored on unmodified Hit rolls of 5+.||
GC|Inhuman Integration|000009827005|20|Final Day|000001002|false|This cult leader’s powerful psyche has withstood Hive Mind integration better than most, at least for now. It even relays a crude approximation of synaptic signals to their underlings. Of course, this only makes them and their followers more selflessly obedient drones.|Genestealer Cults model only. Weapons equipped by models in the bearer’s unit have the [SUSTAINED HITS 1] ability while targeting an enemy unit within 6" of one or more friendly Tyranids units.||
GK|Shield of Admonishment|000009493002|0|Baneslayer Strike|000000944|false|This ancient and heavily warded pauldron gleams with searing light in a range of empyric spectra that blind not only a foe’s physical sight, but also its intangible senses.|Each time a melee attack targets the bearer, subtract 1 from the Hit roll.||
GK|Precognicient Volleys|000010924002|10|Fires of Purgation|000001217|true|These champions of Titan employ their psychic might to lend themselves supernatural speed and catch their enemies unawares|PURGATION SQUAD unit only. This unit’s snap shooting attacks hit on unmodified hit rolls of 5+.||
GK|Psychic Celerity|000010920002|15|Argent Assault|000001216|false|These champions of Titan employ their psychic might to lend themselves supernatural speed and catch their enemies unawares|TERMINATOR model only. This unit has +1 to charge rolls||
GK|Eye of the Augurium|000010352002|25|Hallowed Conclave|000001082|false|A miniature facsimile of the silver mirrors used by the Prognosticars, this artefact affords its bearer a glimpse of where they will be needed most in the heat of battle.|<span class="kwb">GREY</span> <span class="kwb">KNIGHTS</span> model only. You can target this unit with the Heroic Intervention stratagem, regardless of any other uses of that stratagem this phase. If you do:<br><ul><li>That use is -1 CP.</li><li>That use does not prevent any uses of that stratagem on other units this phase.</li></ul>||
GK|Sigil of the Hunt|000010356002|10|Banishers|000001083|false|Wrought from truesilver and noctilith, this ancient arcane sigil renders its bearer and comrades supernaturally accurate in battle.|<span class="kwb">GREY</span> <span class="kwb">KNIGHTS</span> model only. In your Shooting phase, each time a model in the bearer’s unit makes an attack, re-roll a Hit roll of 1.||
GK|Grimoire of Conjunctions|000010364002|10|Augurium Task Force|000001085|false|This crumbling and code-locked tome details propitious astrological conjunctions beneath whose prophesied stars powerful foes may be struck down.|<span class="kwb">GREY</span> <span class="kwb">KNIGHTS</span> model only. Once per battle, at the start of the Fight phase, the bearer can use this Enhancement. If it does, until the end of the phase, add 4 to the Strength characteristic of melee weapons equipped by the bearer.||
GK|Driven by Duty|000010360002|10|Sanctic Spearhead|000001084|false|So single-minded is this warrior in their devotion to the Grey Knights’ duty that they press ever forward without pause or respite.|<span class="kwb">GREY</span> <span class="kwb">KNIGHTS</span> <span class="kwb">WALKER</span> model only. Each time the bearer’s unit Piles In or Consolidates, the bearer can move up to 6" instead of up to 3".||
GK|Banishing Wave (Psychic)|000010348002|20|Brotherhood Strike|000001081|false|This warrior mystic harnesses the empyric overspill of teleport flares and Warp gates, channelling them into shock waves of purifying flame.|<span class="kwb">GREY</span> <span class="kwb">KNIGHTS</span> model only. Each time the bearer’s unit is set up using the Deep Strike ability, roll one D6 for each enemy unit within 12" of the bearer: on a 2-5, that unit suffers 1 mortal wound; on a 6, that unit suffers D3 mortal wounds.||
GK|Sigil of Warding|000009485002|0|Void Purge Force|000000943|false|This minute silver icon contains a personal teleport matrix and a vigilant machine spirit. Its precogitative psyroutines carefully watch for attacks from a distance, and at the sign of danger it transports its bearer away in a crack of energy.|Once per battle, at the end of your Shooting phase, the bearer can use this Enhancement. If it does, it can make a Normal move of up to 3" and can then attempt to operate a Hatchway. The bearer is then not eligible to declare a charge this turn.||
GK|Predestined Coordinates|000010928002|10|Immaterial Interdiction|000001218|true|This rune‑sealed data-scroll is opened at the ordained moment, providing vital strategic insights and empyric jump coordinates foreseen by the Prognosticars themselves.|INTERCEPTOR SQUAD unit only. In your first Movement phase, this unit can make an ingress move.||
GK|Mandulian Reliquary|000009777002|20|Warpbane Task Force|000000992|false|This reliquary contains a single finger bone taken from the body of the feted former Grand Master, Mandulis. It serves as a symbol of unity and duty.|<span class="kwb">GREY</span> <span class="kwb">KNIGHTS</span> model only. While the bearer’s unit is not Battle-shocked, add 3 to the bearer’s Objective Control characteristic.||
GK|Astral Overlap|000010928003|10|Immaterial Interdiction|000001218|true|Esoteric adjustments to the calibration of these Interceptors’ teleportation arrays allow them to achieve a temporary state of semi‑incorporeality, in which enemy projectiles may simply pass through them as though they were ghosts.|INTERCEPTOR SQUAD unit only. This unit has Stealth.||
GK|Tactical Haruspexy|000009485003|0|Void Purge Force|000000943|false|Sanctioned psychic foretelling has determined the future whereabouts of this warrior’s primary target at a precise moment in time. It is a rendezvous only one will survive.|Once per battle, when the bearer declares a charge, it can use this Enhancement. If it does, it can select units that are not visible to it as targets of that charge, provided they are within 9" of it.||
GK|Boons of Deimos|000010924003|20|Fires of Purgation|000001217|true|None who would work the unclean will of the Warp – even unknowingly – can escape the merciless gaze of the Grey Knights.|PURGATION SQUAD unit only. This unit’s ranged attacks have +2 <b>S</b>.||
GK|Radiant Champion|000009777003|15|Warpbane Task Force|000000992|false|This warrior is a master slayer whose blade has found the cursed hearts of countless corrupted foes. When fighting within realms cleansed by eldritch power, his psychic might manifests in a nimbus of searing light, and his strikes inflict terrible wounds upon flesh and soul.|Grey Knights Infantry model only. The bearer’s melee weapons have the [PRECISION] ability, and while the bearer is wholly within your army’s Hallowed Ground, each time a melee attack made by the bearer scores a wound, the target of that attack suffers 1 mortal wound in addition to any normal damage.||
GK|Close and Sanction|000009493003|0|Baneslayer Strike|000000944|false|Focused on closing the distance to their quarry, this warrior surges forward through enemy fire.|In your opponent’s Shooting phase, each time an enemy unit is selected to shoot, after that unit has shot, if the bearer was hit by one or more of those attacks, the bearer can make a Dash move. To do so, roll one D6: the bearer can be moved a distance in inches up to the result, but it must finish that move as close as possible to the closest visible enemy unit. When doing so, it can be moved within Engagement Range of that enemy unit. The bearer can only make one Dash move per phase.||
GK|Quickening Foci|000010360003|15|Sanctic Spearhead|000001084|false|Worked into purity seals or armour inscriptions, these cantrips of haste lend the bearer and their comrades a sudden burst of supernatural speed.|<span class="kwb">GREY</span> <span class="kwb">KNIGHTS</span> <span class="kwb">INFANTRY</span> model only. In your Movement phase, each time the bearer’s unit disembarks from a Transport, until the end of the turn, you can re-roll Charge rolls made for that unit.||
GK|Shield of Prophecy|000010364003|20|Augurium Task Force|000001085|false|Foreknowledge of the foe’s offensive capabilities allows tailored incantations of warding to be unleashed at the critical moment.|<span class="kwb">GREY</span> <span class="kwb">KNIGHTS</span> model only. Once per battle, at the start of the battle round, the bearer can use this Enhancement. If it does, until the end of the battle round, add 2 to the Toughness characteristic of models in the bearer’s unit.||
GK|Blinding Aura|000010348003|10|Brotherhood Strike|000001081|false|A coruscating curtain of sorcerous energies surrounds this battle-brother, its radiance too fierce for any but the most strong-willed to look upon.|<span class="kwb">GREY</span> <span class="kwb">KNIGHTS</span> model only. Each time the bearer’s unit is set up using the Deep Strike ability, until the end of the turn, enemy units cannot use the Fire Overwatch Stratagem to shoot at the bearer’s unit.||
GK|Vigilance of Titan|000010920003|20|Argent Assault|000001216|false|None who would work the unclean will of the Warp – even unknowingly – can escape the merciless gaze of the Grey Knights.|<span class="kwb">TERMINATOR</span> model only. At the start of your Shooting phase, you can select one visible enemy unit within 12" of this unit. That enemy unit has +6" detection range.||
GK|The Ephemeral Tome|000010356003|15|Banishers|000001083|false|A sorcerous volume whose treatises on the impermanence of reality change constantly, this tome’s harnessed power allows the bearer to flicker in and out of phase with realspace.|<span class="kwb">GREY</span> <span class="kwb">KNIGHTS</span> <span class="kwb">INFANTRY</span> model only. At the start of your Shooting phase, if the bearer’s unit is not within Engagement Range of one or more enemy units, the bearer can use this Enhancement. If it does, the bearer’s unit can make a Normal move of up to D6", and until the end of the turn, the bearer’s unit is not eligible to declare a charge.||
GK|Inescapable Judgement (Psychic)|000010352003|20|Hallowed Conclave|000001082|false|So crushing is this warrior’s psychic presence that those he scorns as cowards are slain even as they flee, withering beneath the weight of his disgust.|<span class="kwb">GREY</span> <span class="kwb">KNIGHTS</span> model only. Each time an enemy unit within Engagement Range of the bearer’s unit Falls Back, the bearer can use this Enhancement. If it does, roll one D6: on a 2-5, that enemy unit suffers D3 mortal wounds; on a 6, that enemy unit suffers D3+3 mortal wounds. These mortal wounds are Psychic Attacks.||
GK|Phial of the Abyss|000009777004|15|Warpbane Task Force|000000992|false|Gifted by the Prognosticars of the Augurium, this ampoule contains cosmic energies syphoned from the event horizon of a Warp singularity. At the prophesied hour, the vial shatters, its contents swirling around the bearer and wreathing them in a localised field of time and light distortion.|Grey Knights Infantry model only. Models in the bearer’s unit have the Stealth ability.||
GK|Sigil of Exigence|000010360004|30|Sanctic Spearhead|000001084|false|This powerful and ancient sorcerous ward reacts to imminent peril by wrenching the bearer momentarily out of sync with reality itself.|<span class="kwb">GREY</span> <span class="kwb">KNIGHTS</span> model only. Once per battle, in your opponent’s Shooting phase, when the bearer’s unit is selected as the target of a ranged attack, you can remove the bearer’s unit from the battlefield and then set it back up again anywhere on the battlefield that is more than 8" horizontally away from all enemy units. If the bearer’s unit is no longer an eligible target, your opponent can then select new targets for any attacks that had targeted the bearer’s unit.||
GK|One Foot in the Future|000010364004|15|Augurium Task Force|000001085|false|Stratego-prescient telecasts scroll over this warrior’s heads-up display, providing them with tactical battlefield foretellings to which they swiftly react.|<span class="kwb">GREY</span> <span class="kwb">KNIGHTS</span> model only. When this unit ends an ingress move, you can use this ability. If you do:<br><ul><li>This unit can make a normal move of up to D6".</li><li>Until the end of the turn, this unit is not eligible to declare a charge.</li></ul>||
GK|Sanctic Reaper|000010352004|15|Hallowed Conclave|000001082|false|A veteran of dozens of purgation campaigns, this champion has honed his combat style to cut a bloody path through massed foes easily.|<span class="kwb">GREY</span> <span class="kwb">KNIGHTS</span> <span class="kwb">TERMINATOR</span> model only. Add 3 to the Attacks characteristic of the bearer’s melee weapons.||
GK|The Sixty-sixth Seal|000010356004|25|Banishers|000001083|false|One of the six hundred and sixty-six seals of purity once affixed to the tomb of Vasandrius, the talismanic properties of this artefact lend a keen edge of sacred intolerance to their bearer’s armaments.|<span class="kwb">GREY</span> <span class="kwb">KNIGHTS</span> model only. In your Shooting phase, each time a model in the bearer’s unit makes an attack, improve the Armour Penetration characteristic of that attack by 1.||
GK|Purity of Purpose|000010348004|15|Brotherhood Strike|000001081|false|This warrior’s single-minded devotion to duty is exemplary, driving them into the fiercest fires of battle with no thought of hesitation.|<span class="kwb">GREY</span> <span class="kwb">KNIGHTS</span> model only. Each time the bearer’s unit is set up using the Deep Strike ability, until the end of the turn, you can re-roll Charge rolls made for the bearer’s unit.||
GK|Nemesis Rounds|000010352005|10|Hallowed Conclave|000001082|false|Empowered through the invocation of true names and carved spells of seeking, each of these precious rounds veers unerringly toward its intended target.|<span class="kwb">GREY</span> <span class="kwb">KNIGHTS</span> <span class="kwb">TERMINATOR</span> model only. Each time you target the bearer’s unit with the Fire Overwatch Stratagem, hits are scored on unmodified Hit rolls of 5+ while resolving that Stratagem.||
GK|Paragon of Sanctity|000009777005|10|Warpbane Task Force|000000992|false|This warrior sorcerer lends their spiritual strength to allies fighting amidst unholy corruption, bolstering their spiritual resolve.|<span class="kwb">GREY</span> <span class="kwb">KNIGHTS</span> model only. Once per battle, at the start of any phase, the bearer can select one friendly <span class="kwb">GREY</span> <span class="kwb">KNIGHTS</span> unit within 18" of and visible to it. If it does, until the end of the phase, that unit is within your army’s Hallowed Ground.||
GK|Tome of Forbidden Ways|000010348005|25|Brotherhood Strike|000001081|false|Drawn from the Chambers of Purity under special dispensation, this ancient book reveals sorcerous paths that none but the bravest and most mighty dare walk.|<span class="kwb">GREY</span> <span class="kwb">KNIGHTS</span> model only. While the bearer is on the battlefield or in Strategic Reserves, add 1 to the number of units from your army that you can select for the Gate of Infinity rule.||
GK|Spiritus Machina|000010360005|25|Sanctic Spearhead|000001084|false|Thought to date back to Old Night, this device allows the bearer to draw targeting data from machine spirit senses and entwine it with their own perceptions.|<span class="kwb">GREY</span> <span class="kwb">KNIGHTS</span> <span class="kwb">INFANTRY</span> model only. In your Shooting phase, each time the bearer’s unit is selected to shoot, if the bearer’s unit disembarked from a Transport this turn, until the end of the phase, each time a model in the bearer’s unit makes an attack, you can re-roll the Wound roll.||
GK|Doomseer’s Amulet|000010364005|25|Augurium Task Force|000001085|false|The cruel powers of this forbidden artefact cause foes to perceive the wearer as a death omen drawn from their culture, manifested to prophecy their doom.|<span class="kwb">GREY</span> <span class="kwb">KNIGHTS</span> model only. Each time the bearer’s unit is set up in your Reinforcements step, the bearer can use this Enhancement. If it does, select one enemy unit within 12" of and visible to the bearer. That enemy unit must take a Battle-shock test, subtracting 1 from that test.||
GK|Pyresoul (Psychic)|000010356005|20|Banishers|000001083|false|So fiercely do the psychic flames of this warrior’s soul burn that they can be conjured forth in blazing columns of spiritual immolation to annihilate the foe.|<span class="kwb">GREY</span> <span class="kwb">KNIGHTS</span> model only. At the start of your Shooting phase, the bearer can use this Enhancement. If it does, select one enemy unit within 24" of and visible to the bearer; that unit suffers D3 mortal wounds.||
LoV|Eye for Weakness|000010439002|25|Persecution Prospect|000001097|false|Any hint of vulnerability draws the gaze of this punitive assessor like a rich vein of ore.|<span class="kwb">LEAGUES</span> <span class="kwb">OF</span> <span class="kwb">VOTANN</span> model only. Each time a model in the bearer’s unit makes an attack that targets an assailed unit, add 1 to the Wound roll.||
LoV|Dêlvwerke Navigator|000010443002|25|Dêlve Assault Shift|000001098|false|With a mastery of the dêllve’s workings, guild reserves can be expertly directed to where they are needed most.|<span class="kwb">LEAGUES</span> <span class="kwb">OF</span> <span class="kwb">VOTANN</span> model only. In the Reinforcements step of your Movement phase, the bearer can use this Enhancement. If it does, select one friendly CTHONIAN BESERKS unit visible to the bearer and then spend any number of <b>YP</b>. Return one destroyed model (excluding CHARACTER models) to that unit and then, for every 2<b>YP</b> you just spent, return up to one additional destroyed model (excluding <span class="kwb">CHARACTER</span> models) to that unit.||
LoV|Saturation Rounds|000011056002|15|Armoured Trailblazers|000001194|true|Scouting out the foe’s positions and performing reconnaissance in force, speeding Sagitaurs lead the armoured charge of the Kin.|SAGITAUR unit only. This unit’s ranged attacks have [IGNORES COVER].||
LoV|Tactical Alchemy|000010447002|10|Brandfast Oathband|000001099|false|The greatest kinhost commanders can transmute profitable yields into more immediate tactical and strategic support.|Kâhl model only. In your Command phase, if the bearer’s unit is within range of one or more objective markers you control that are not within your deployment zone, you can spend 1YP. If you do, roll one D6: on a 4+, you gain 1CP.||
LoV|Mercenary Prospector|000010708002|20|Mercenary Oathband|000001137|false|The most renowned military commanders of mercenary oathbands are swift to capitalise on the death and destruction of their foes. Whether tangible assets or a strategic benefit, to ignore such prizes would be to dishonour the ancestors.|Kâhl model only. Each time an enemy unit is destroyed by the bearer’s unit, gain 2YP.||
LoV|Pan-Spectral Lockons|000011060002|10|Farseekers|000001195|true|Employing their pan‑spectral scanners and frontier‑scouting instincts, the Pioneers rapidly locate enemy forces and mark their positions for their comrades.|PIONEERS unit only. In your Shooting phase, you can select one visible enemy unit within 12" of this unit. That enemy unit is <b>spotted</b>:<br><ul><li>While a unit is <b>spotted</b>, that unit has +3" detection range.</li></ul>||
LoV|Oathbound Speculator|000010435002|30|Needgaârd Oathband|000001096|false|This kindred hero is a master of knowing the right moment to funnel the kinhosts precious resources into the most efficient destruction of the foe.|<span class="kwb">LEAGUES</span> <span class="kwb">OF</span> <span class="kwb">VOTANN</span> model only. Each time a model in the bearer’s unit makes an attack, re-roll a Wound roll of 1. Each time the bearer’s unit is selected to shoot or fight, you can spend 3YP. If you do, until the end of the phase, each time a model in the bearer’s unit makes an attack, add 1 to the Wound roll.||
LoV|High Kâhl|000011064002|30|Hearthguard Covenant|000001196|false|Not easily do the greatest Kâhls of the Kin let go their grasp on life, not while they might yet benefit the Votann further.|KÂHL model only. In the Fight phase, when a model in this unit is destroyed, if this unit has not been selected to fight this phase, roll one D6: on a 4+, do not remove that model from the battlefield; after this unit has fought, or at the end of the phase (whichever comes first), that model is removed from the battlefield.||
LoV|Bastion Shield|000009823002|25|Hearthband|000001001|false|The technologies contained within this heraldic crest radiate a dome of ablative weavewërke shielding that robs the force from enemy projectiles.|<span class="kwb">LEAGUES</span> <span class="kwb">OF</span> <span class="kwb">VOTANN</span> model only. Each time a ranged attack targets the bearer’s unit, if the attacking model is within 12" of the bearer’s unit, worsen the Armour Penetration characteristic of that attack by 1. If you spend 1YP, until the end of the phase, if the attacking model is within 18" of the bearer’s unit, worsen the Armour Penetration characteristic of that attack by 1 instead.||
LoV|Fârstrydr Node|000010451002|20|Hearthfyre Arsenal|000001100|false|An evolutionary stride in teleportation technology, this experimental device shields its wearer and their companions in a bubble of esoteric force. It is.so strong that they can endure brief teleportation plunges through the Warp to strike at the most opportune time.|Iron-master or Memnyr Strategist model only. Models in the bearer’s unit have the Deep Strike ability.||
LoV|Masterful Construction|000009529002|0|Void Salvagers|000000950|false|The weapons utilised by the Kin are wrought by expert craftsmen and are as versatile as they are deadly.|Each time the bearer is selected to shoot or fight, you can select one of the following weapon abilities: [DEVASTATING WOUNDS]; [LETHAL HITS]; [SUSTAINED HITS 1]. Until the end of the phase, weapons equipped by the bearer (excluding Psychic weapons) have that ability.||
LoV|Celebrated Folk Hero|000009537002|0|Hearthfire Strike|000000951|false|The exploits of this Einhyr Champion have fuelled many a Bru-fuelled celebration, and the Hearthguard compete to fight at their side. To see them laid low fires the wrath of their comrades.|The first time the bearer is destroyed, each enemy unit on the battlefield gains 1 Judgement token.||
LoV|Gûlyk’s Stars|000009537003|0|Hearthfire Strike|000000951|false|A set of mass driver accelerators crafted by the master Brokhyr Gulyk, these potent devices can be worked into an Einhyr Champions exo-armour. Named stars for their ferocious energy output, they propel the wearer forward like an unstoppable battering ram.|Each time the bearer ends a Charge move, select one enemy unit within Engagement Range of it and roll one D6: on a 2-4, that enemy unit suffers 1 mortal wound; on a 5+, that enemy unit suffers 2 mortal wounds. If this results in one or more enemy models being destroyed, you can select one closed Hatchway within 6" of the bearer and open it.||
LoV|Trivärg Cyber Implant|000010447003|40|Brandfast Oathband|000001099|false|A neural artefact of the famed - but tragically extinct - Trivärg Fisculate Guild of Brôkhyr, this implant enables its host to coordinate fire patterns with exemplary skill and extraordinary speed, directly accessing vehicular systems to triangulate overlapping attack angles.|<span class="kwb">LEAGUES</span> <span class="kwb">OF</span> <span class="kwb">VOTANN</span> model only. In your Shooting phase, each time the bearer’s unit is selected to shoot, if it disembarked from a Transport this turn, or if you spend 2YP, until the end of the phase, ranged weapons equipped by models in that unit have the [sustained HITS 2] ability.||
LoV|Shroudwërke Talismans|000011060003|15|Farseekers|000001195|true|These small, rugged devices project a modified weavewërke field that, instead of shielding the bearer physically, deadens their signature on enemy scanners and confounds predatory senses.|YAEGIRS unit only. This unit has -3" detection range||
LoV|Ironskein|000011064003|10|Hearthguard Covenant|000001196|false|A rare cloneskein threads this warrior’s bone structure and epidermis with metallic fibres.|KÂHL model only. This model has +2 <b>W</b>.||
LoV|Calculated Tenacity|000010451003|15|Hearthfyre Arsenal|000001100|false|Like any other resource, resolve and bloody-mindedness can be applied in force when and where needed by those with the will to do so.|Iron-master or Memnyr Strategist model only. While the bearer is leading a unit, add 1 to the Objective Control characteristic of models in that unit.||
LoV|Multiwave System Jammer|000010443003|10|Dêlve Assault Shift|000001098|false|This master-wrought comms array fouls enemy sensors, blinding the foe to the bearer's closing Cthonian allies.|<span class="kwb">LEAGUES</span> <span class="kwb">OF</span> <span class="kwb">VOTANN</span> model only. Once per battle, in your Movement phase, if the bearer is on the battlefield, it can use this Enhancement. If it does, select one friendly Cthonian unit that is in Reserves. Until the end of the phase, for the purposes of setting up that unit on the battlefield, treat the current battle round number as being one higher than it actually is.||
LoV|Optimised Attack Lines|000011056003|15|Armoured Trailblazers|000001194|true|With suitable structural reinforcement, Sagitaurs can smash right through battlefield debris and ruins rather than waste time in circumnavigation.|SAGITAUR unit only. This unit has MOBILE.||
LoV|Obsessive Drive|000009529003|0|Void Salvagers|000000950|false|The bearer seeks a specific item that lies in the hands of the foe and they will not rest until it has been secured. Those foes foolish enough to block the path are targeted for priority destruction.|At the start of the first battle round, select one objective marker. While the bearer is on the battlefield, each time a <span class="kwb">LEAGUES</span> <span class="kwb">OF</span> <span class="kwb">VOTANN</span> unit from your army is selected to shoot or fight, each enemy unit within range of that objective marker is considered to have 1 additional Judgement token while resolving those attacks.||
LoV|Writ of Acquisition|000010439003|10|Persecution Prospect|000001097|false|This mnestic mesh of circuitry records and analyses the enemy’s response under fire as witnessed by the bearer, harvesting valuable intelligence on their capabilities.|<span class="kwb">LEAGUES</span> <span class="kwb">OF</span> <span class="kwb">VOTANN</span> model only. In your Shooting phase, after the bearer’s unit has shot, you gain 1YP for each assailed enemy unit hit by one or more of those attacks (to a maximum of 3YP).||
LoV|Dead Reckoning|000010435003|10|Needgaârd Oathband|000001096|false|Through vigilant and judicious calculation, this commander marshals their warriors’ reserves against future martial requirements.|<span class="kwb">LEAGUES</span> <span class="kwb">OF</span> <span class="kwb">VOTANN</span> model only. At the end of the turn, if the bearer is on the battlefield and you spent no YP in that turn, you can gain 1YP.||
LoV|Quake Multigenerator|000009823003|15|Hearthband|000001001|false|Extremely rare and costly to manufacture, this darkstar-powered coil enables a weapon to initiate tremendously powerful reverberations.|Kâhl model only. In your Shooting phase, after the bearer has shot, select one enemy unit (excluding <span class="kwb">TITANIC</span> units) hit by one or more of those attacks. Until the start of your next turn, that enemy unit is suppressed. While a unit is suppressed, each time a model in that unit makes an attack, subtract 1 from the Hit roll.||
LoV|Metaphysical Brokerage|000010708003|20|Mercenary Oathband|000001137|false|This cogitator analyses every scrap of data uncovered by their mercenary comrades, and is capable of eking an advantage over their foes in the direst of circumstances.|Memnyr Strategist model only. At the end of your turn, if the bearer is on the battlefield and you gained fewer than 3YP this turn, you gain an amount of YP equal to the difference.||
LoV|Precursive Judgement|000010447004|15|Brandfast Oathband|000001099|false|This commander swiftly acts on alerts from trusted logic cores and unleashes deadly judgements before the kindred’s foes escape.|Kâhl model only. While the bearer’s unit is wholly within 6" of one or more friendly Leagues of Votann Transport units, you can target the bearer’s unit with the Fire Overwatch Stratagem for 0CP and hits are scored on unmodified Hit rolls of 5+ while resolving that Stratagem.||
LoV|Ironskein|000009823004|10|Hearthband|000001001|false|A rare cloneskein threads this warrior’s bone structure and epidermis with metallic fibres.|<span class="kwb">LEAGUES</span> <span class="kwb">OF</span> <span class="kwb">VOTANN</span> model only. Add 2 to the bearer’s Wounds characteristic.||
LoV|Quake Supervisor|000010443004|20|Dêlve Assault Shift|000001098|false|This structural analyst specialises in plotting attacks that exploit underlying weaknesses to deadly effect:|<span class="kwb">LEAGUES</span> <span class="kwb">OF</span> <span class="kwb">VOTANN</span> model only. While the bearer is within 3" of one or more friendly Leagues of Votann Artillery units, the bearer has the Lone Operative ability, and each time one of those <span class="kwb">ARTILLERY</span> units makes a ranged attack that targets an enemy unit visible to the bearer, add 1 to the Hit roll.||
LoV|Iron Ambassador|000010435004|5|Needgaârd Oathband|000001096|false|This exceptional weapon has been wielded by heroes against the enemies of numerous leagues and has been the last word in many a failed negotiation with obdurate foes.|<span class="kwb">LEAGUES</span> <span class="kwb">OF</span> <span class="kwb">VOTANN</span> model equipped with an Autoch-pattern combi-bolter only. Once per battle, when the bearer’s unit is selected to shoot, the bearer can use this Enhancement. If it does, spend up to 3YP and, until the end of the phase, add the number of YP you just spent to the Damage characteristic of the bearer’s ranged weapons.||
LoV|Mantle of Elders|000010451004|10|Hearthfyre Arsenal|000001100|false|The minds linked in this kognitaar mantle are believed to be the oldest of their kind. The complexity of their shared cognition permits strategic calculations at a level that Memnyr believe approaches the greatest fane.|Memnyr Strategist model only. Each time the bearer’s unit is selected to shoot, if you spend YP using the Optimal Application Detachment rule when doing so, you can roll one D6: on a 2+, you gain 1YP.||
LoV|Surgical Saboteur|000010439004|10|Persecution Prospect|000001097|false|Experience has taught this survivor the weak points of the most significant threats, enabling them to pinpoint joints and locomotive mechanisms to slow down such brutes.|<span class="kwb">LEAGUES</span> <span class="kwb">OF</span> <span class="kwb">VOTANN</span> model only. In your Shooting phase, after the bearer’s unit has shot, select one <span class="kwb">MONSTER</span> or <span class="kwb">VEHICLE</span> unit hit by one or more of those attacks; until the start of your next Shooting phase, that unit is pinned.||
LoV|Etacarn SB9 Targeting Implant|000010708004|15|Mercenary Oathband|000001137|false|By feeding tactical data harvested from across the battlesphere into this costly device, the wearer can gain optimal target acquisition information.|<span class="kwb">LEAGUES</span> <span class="kwb">OF</span> <span class="kwb">VOTANN</span> model only. Each time a model in the bearer’s unit makes an attack, re-roll a Hit roll of 1. Each time the bearer’s unit is selected to shoot or fight, you can spend 3YP. If you do, until the end of the phase, each time a model in the bearer’s unit makes an attack, that attack has the [SUSTAINED HITS 1] ability.||
LoV|Signature Restoration|000010447005|5|Brandfast Oathband|000001099|false|The masterful and efficient work of this senior Brôkhyr is renowned and admired amongst the leagues.|Iron-master model only. Each time a friendly <span class="kwb">LEAGUES</span> <span class="kwb">OF</span> <span class="kwb">VOTANN</span> model is repaired using the bearer’s Forgewrought Expertise ability, that model regains 1 additional lost wound.||
LoV|High Kâhl|000009823005|30|Hearthband|000001001|false|This warrior’s value is only too well known by their comrades. Those Kin sworn to defend them will fight to their last breath rather than fail in this duty.|Kâhl model only. Each time a model in the bearer’s unit is destroyed by a melee attack, if it has not fought this phase, roll one D6: on a 4+, do not remove it from play. The destroyed model can fight after the attacking unit has finished making its attacks, and is then removed from play.||
LoV|Asset Manipulator|000010708005|25|Mercenary Oathband|000001137|false|This warrior’s value is only too well known by their comrades. Those Kin sworn to defend them will fight to their last breath rather than fail in this duty.|<span class="kwb">LEAGUES</span> <span class="kwb">OF</span> <span class="kwb">VOTANN</span> model only. At the start of the Command phase, you can spend 3YP. If you do, until the end of the turn, while an enemy unit is within 3" of the bearer, subtract 1 from the Objective Control characteristic of models in that enemy unit.||
LoV|Nomad Strategist|000010439005|20|Persecution Prospect|000001097|false|The mobile strategies of this far-ranging commander allow them to swiftly reposition their most versatile forces and exploit weaknesses in the enemy’s battle lines.|<span class="kwb">LEAGUES</span> <span class="kwb">OF</span> <span class="kwb">VOTANN</span> model only. Once per battle, at the end of your opponent’s Fight phase, if the bearer is on the battlefield, it can use this Enhancement. If it does, you can spend up to 4YP. Select one Hernkyn unit from your army, and, for every 2YP you just spent, select up to one additional <span class="kwb">HERNKYN</span> unit from your army. You can remove those units from the battlefield and place them into Strategic Reserves. You cannot select a unit that is within Engagement Range of one or more enemy units (excluding assailed units).||
LoV|Graviton Vault|000010451005|5|Hearthfyre Arsenal|000001100|false|This rune-scribed device holds a cache of forgewrought particles. Funnelled through an Iron-master’s graviton arsenal, they mutate and cause anarchic fluxes in neuroelectrical impulses of the largest targets.|Iron-master model only. In your Shooting phase, after the bearer has shot, and in the Fight phase, after the bearer has fought, select one enemy <span class="kwb">MONSTER</span> or <span class="kwb">VEHICLE</span> unit hit by one or more of those attacks. Until the start of your next turn, that enemy unit is suppressed. While a unit is suppressed, each time a model in that unit makes an attack, subtract 1 from the Hit roll.||
LoV|Ancestral Crest|000010435005|15|Needgaârd Oathband|000001096|false|It is said that this crest, inscribed with runes of the great Ancestor Cores, acts like a mobile fane through which the wisdom and gestalt power of the Votann flow.|<span class="kwb">LEAGUES</span> <span class="kwb">OF</span> <span class="kwb">VOTANN</span> model only. Once per turn, when you target the bearer’s unit with the Command Re-roll Stratagem, the bearer can use this Enhancement. If it does, spend 1YP and reduce the CP cost of that use of that Stratagem by 1CP.||
LoV|Piledriver|000010443005|15|Dêlve Assault Shift|000001098|false|Kin possessed of a ruthlessly direct attitude allow no impediments - no matter how large - to bar their path.|<span class="kwb">LEAGUES</span> <span class="kwb">OF</span> <span class="kwb">VOTANN</span> model only. Each time the bearer’s unit is selected to fight, the bearer can use this Enhancement. If it does, spend up to 2YP and, until the end of the phase, add the number of YP you just spent to the Damage characteristic of the bearer’s melee weapons.||
NEC|Resurrection Protocols|000009588002|0|Tomb Ship Complement|000000959|false|This Necron commanders body has been fitted with a miniaturised resurrection field. This device greatly enhances the bearer’s regenerative abilities.|The first time the bearer is destroyed, roll one D6 at the end of the phase. On a 2+, set the bearer back up on the battlefield, as close as possible to where it was destroyed and not within Engagement Range of any enemy units, with D3 wounds remaining.||
NEC|Nanoscarab Reconstitution|000009604002|0|Canoptek Harvesters|000000961|false|This Crypteks living metal form crawls with nanoscarabs, further enhancing its regenerative properties.|In each player’s Command phase, the bearer regains 1 lost wound.||
NEC|Eternal Madness|000008543002|20|Annihilation Legion|000000815|false|This Necrons sanity suffered during the Great Sleep. Now they are driven by a wrathful zeal, one which has seeped through the carrier waves of their commandments and into their followers.|<span class="kwb">NECRONS</span> model only. In the Fight phase, each time a model in the bearer’s unit is destroyed, if that model has not fought this phase, roll one D6: on a 4+, do not remove the destroyed model from play; it can fight after the attacking models unit has finished making its attacks, and is then removed from play.||
NEC|Quantum Abacus|000010664002|15|Cryptek Conclave|000001127|false|This cloud-like familiar of fractal computational electrons possesses a cogitational intellect that, when fed raw data, produces inspired strategic guidance.|<span class="kwb">NECRONS</span> model only. Each time you select the bearer’s unit as the target of a Stratagem, roll one D6, adding 1 if it is within range of one or more objectives: on a 4+, you gain 1CP.||
NEC|Destroyer Ankh|000010668002|20|Cursed Legion|000001128|false|Though it resembles a typical ankh, this chest piece fills its host with an insatiable need to exterminate the foe.|Catacomb Command Barge or Overlord model only. The bearer has the Destroyer Cult keyword. Add 2" to the Move characteristic of models in the bearer’s unit and add 2 to the Attacks characteristic of melee weapons equipped by the bearer.||
NEC|Singularity Matrix|000010672002|45|Pantheon of Woe|000001129|false|This eldritch device fetters and directs the Deceiver’s powers within a vortex that devours lesser wits entirely.|C’tan Shard of the Deceiver model only. This model has the following ability:<br><br><b>Lord of Deceit (Aura):</b> Each time your opponent targets a unit from their army with a Stratagem, if that unit is within 12" of this model, increase the cost of that use of that Stratagem by 1CP.||
NEC|Enlivened Sentinels|000010883002|20|Hand of the Dynasty|000001191|true|Goaded into battle by overriding imperatives, these Warriors march relentlessly out to enact the will of their masters.|NECRON WARRIORS unit only. This unit has <b>Scouts 5"</b>||
NEC|Dread Majesty (Aura)|000009749002|30|Starshatter Arsenal|000000985|false|When this noble unleashes the might of their cosmic armoury, their followers are left in no doubt as to the importance of the battle at hand. If they do not strive to live up to the lethal effectiveness of the dynasty’s war engines, their Overlord’s wrath will be terrible.|Overlord or Catacomb Command Barge model only. While a friendly <span class="kwb">NECRONS</span> unit (excluding Monster and Titanic units) is within 6" of the bearer, each time a model in that unit makes an attack, re-roll a Hit roll of 1 and re-roll a Wound roll of 1.||
NEC|Dimensional Overseer|000008554002|25|Hypercrypt Legion|000000818|false|With a mind as labyrinthine as the multi-dimensional tomb itself, this commander directs their servants in complex forays through the tomb’s hyperspatial architecture, catching the witless enemy off guard.|<span class="kwb">NECRONS</span> model only. While the bearer is on the battlefield or in Strategic Reserves, add one to the number of units from your army that you can select for the Hyperphasing rule.||
NEC|Inured to Damage|000009596002|0|Deranged Outcasts|000000960|false|Those who lead the Destroyer Cults will brook no impediment to slaughter. Thus, many of their number bid the Crypteks remove all protective systems, allowing the Destroyer to fight until the very moment their broken form is phased back to their stasis-tomb.|The bearer has the Feel No Pain 6+ ability. Once the bearer has destroyed one or more enemy units, it has the Feel No Pain 5+ ability instead.||
NEC|Dimensional Sanctum|000008546002|20|Canoptek Court|000000816|false|This Cryptek has had a personal dimensional pocket reality crafted for them, from which they can emerge into battle at will.|CRYPTEK model only. Models in the bearer’s unit have the Infiltrators ability.||
NEC|Veil of Darkness|000008372002|20|Awakened Dynasty|000000756|false|With this device the bearer can twist space and time about them, enfolding them in a swirling darkness. When it fades, they have vanished, rematerialising elsewhere through a miracle of arcane science.|<span class="kwb">NECRONS</span> model only. (Once per battle, per army) At the end of your opponent’s turn, if this unit is unengaged, you can use this ability. If you do:<br><ul><li>Place this unit in strategic reserves.</li><li>This unit has Deep Strike until the start of your next Shooting phase.</li><li>This unit must make an ingress move in your next Movement phase (including in your first turn).</li></ul>||
NEC|Cryptometric Experimentation|000010735002|0|Harbinger Cabal|000001140|false|This Cryptek's living metal body has long been the foundation for their most ingenious alterations.|Add 1 to the Toughness and Wounds characteristics of the bearer. The bearer has a 4+ invulnerable save.||
NEC|Honourable Combatant|000008550002|10|Obeisance Phalanx|000000817|false|A strict adherent to the ancient codes, this noble reserves their greatest displays of power to execute the enemy's leaders. Such champions are brought low in ostentatious manner, the inspiration or strategy they once provided severed at a stroke.|OVERLORD model only. Each time the bearer’s unit destroys an enemy <span class="kwb">CHARACTER</span> unit, your opponent loses 1CP if they have any.||
NEC|Recursive Reanimation|000010887002|5|Skyshroud Spearhead|000001192|true|Ancillary reclamators capture the molecular matter of these Tomb Blades even as it is blasted apart, drawing it in a swirling comet trail behind them and working it back into their physical forms.|TOMB BLADES unit only. When this unit activates its Reanimation Protocols, +1 to the roll.||
NEC|Relocational Optimiser|000010891002|25|The Phaeron's Armoury|000001193|false|Subtle transplanar optics allow this war leader to peer through the energy veil of a Monolith’s eternity gate and dissect the defences and weaknesses of the enemies beyond it. This ensures their emergence from the portal is as grandly bloody and spectacular as possible.|NECRONS model only. When this unit is selected to shoot, if this unit was set up using a Monolith’s <b>Eternity Gate</b> ability this turn, this unit’s ranged attacks have:<br><ul><li>[LETHAL HITS].</li><li><u>Or:</u> [SUSTAINED HITS 1].</li></ul>||
NEC|Mindshackle Scarabs|000009588003|0|Tomb Ship Complement|000000959|false|Mindshackle scarabs burrow into the brains of a living host and wrest control of their faculties.|CRYPTEK model only. In your Command phase, select one enemy unit within 12" of and visible to the bearer. That enemy unit must take a Leadership test, subtracting 1 from the result: if failed, until the start of your next Command phase, subtract 2" from the Move characteristic of models in that enemy unit and subtract 2 from Advance and Charge rolls made for it.||
NEC|Impromptu Translocation|000009604003|0|Canoptek Harvesters|000000961|false|Many Necrons make use of dimensional translocation technology to traverse the battlefield. This miniaturised translocator allows a Cryptek to make a single dimensional leap, taking them out of harm’s way.|Once per battle, after the bearer has shot, it can make a Normal move of up to 6".||
NEC|Domineering Presence|000009596003|0|Deranged Outcasts|000000960|false|This monstrous Lord has long transcended their limiting Necron form and been wrought anew as a monstrously intimidating killing machine.|In your opponent’s Command phase, at the start of the Battle-shock step, select one enemy unit within 3" of the bearer; that enemy unit must take a Battle-shock test. When doing so, if that enemy unit is Below Half-strength, subtract 1 from that test. This Enhancement cannot cause a unit to take two Battle-shock tests in the same phase.||
NEC|Quantum Goad|000010672003|45|Pantheon of Woe|000001129|false|The energies of this binding latch onto enemy targets and shunt the shard into alignment with them.|C’tan Shard of the Nightbringer model only. This model is eligible to declare a charge in a turn in which it Advanced.||
NEC|Hyperphasic Fulcrum|000008546003|15|Canoptek Court|000000816|false|With this small orb, its surface shimmering in fractal hues and shifting in multidimensional facets, a Cryptek can bypass the ancient security protocols placed upon the areas dormant machineries. Esoteric data and unusual strands of energy can be accessed, the orb acting as a skeleton key to greater power.|CRYPTEK model only. While the bearer is leading a unit, if that unit is wholly within your army’s Power Matrix, each time a model in that unit makes an attack, re-roll a Wound roll of 1.||
NEC|Nether-realm Casket|000008372003|20|Awakened Dynasty|000000756|false|Clouds of hyper-dense particles billow from this small artefact, to obscure and shield the bearer from the foe.|<span class="kwb">NECRONS</span> model only. While the bearer is leading a unit, models in that unit have the Stealth ability.||
NEC|Tools of Dominion|000010883003|15|Hand of the Dynasty|000001191|true|Nobles are not above expending additional resources to improve the armaments of their more valuable soldiery.|IMMORTALS unit only. This unit’s ranged attacks have [RAPID FIRE 1].||
NEC|Miniaturised Nebuloscope|000009749003|15|Starshatter Arsenal|000000985|false|Feeding vampirically on datastreams from the dynasty’s war engines, this device enables its owner to track enemies through multiple dimensions, leaving them no hiding place.|<span class="kwb">NECRONS</span> model only. Ranged weapons equipped by models in the bearer’s unit have the [IGNORES COVER] ability.||
NEC|Arisen Tyrant|000008554003|25|Hypercrypt Legion|000000818|false|This ancient being will suffer no threats to their rule, stepping imperiously from twisting nightmare dimensions to annihilate any who dare to oppose them.|<span class="kwb">NECRONS</span> model only. Each time a model in the bearer’s unit makes an attack, re-roll a Hit roll of 1. If the bearer’s unit was set up on the battlefield this turn, you can re-roll the Hit roll instead.||
NEC|Mortality Shroud (Aura)|000010891003|10|The Phaeron's Armoury|000001193|true|Projecting a subtly tailored weave of spiritual entropy fields, antiphotons and infrasonic oppression waves, this war engine projects a sense of ominous dread and impending death like a shadow before it.|OBELISK unit only. In your opponent’s Battle-shock step, if an enemy unit within 8" of this unit is below <b>starting strength</b>, that enemy unit makes a battle-shock roll.||
NEC|Deepening Madness|000010887003|20|Skyshroud Spearhead|000001192|true|Like some echo of the Nekrosor’s own murder‑madness, a coldly efficient kill‑frenzy grips these Lokhust Destroyers so that – even as they streak into battle – they lay down one ferocious volley of fire after another.|DESTROYER CULT MOUNTED unit only. This unit’s ranged attacks have [ASSAULT].||
NEC|Murdermind|000010668003|15|Cursed Legion|000001128|false|Consumed by the Destroyer madness, this Cryptek’s powerful intellect is turned entirely toward killing.|CRYPTEK model only. The bearer has the DESTROYER CULT keyword. Add 3" to the Move characteristic of the bearer.|<span class="kwb">SUPPORT:</span> <a class="kwbOne" href="/wh40k11ed/factions/necrons/Skorpekh-Destroyers"><span class="kwb kwbo">SKORPEKH</span> <span class="kwb kwbo">DESTROYERS</span></a>, <a class="kwbOne" href="/wh40k11ed/factions/necrons/Lokhust-Destroyers"><span class="kwb kwbo">LOKHUST</span> <span class="kwb kwbo">DESTROYERS</span></a>, <a class="kwbOne" href="/wh40k11ed/factions/necrons/Ophydian-Destroyers"><span class="kwb kwbo">OPHYDIAN</span> <span class="kwb kwbo">DESTROYERS</span></a>, <a class="kwbOne" href="/wh40k11ed/factions/necrons/Lokhust-Heavy-Destroyers"><span class="kwb kwbo">LOKHUST</span> <span class="kwb kwbo">HEAVY</span> <span class="kwb kwbo">DESTROYERS</span></a>|
NEC|Unflinching Will|000008550003|20|Obeisance Phalanx|000000817|false|With sheer will this noble drives their warriors into battle against the most malevolent foes. Not from pretenders to nobility, nor marauding beasts, nor titanic machineries will this noble turn; they have faced greater horrors during their long existence.|OVERLORD model only. The bearer’s melee weapons have the [PRECISION] and [ANTI-INFANTRY 5+] abilities.||
NEC|Ingrained Superiority|000008543003|5|Annihilation Legion|000000815|false|An immortal destroyer, this war leaders every victim is etched irrevocably into their cognitive engrams. Every weakness they ever overcame is recalled, frailties they can exploit on each new battlefield.|<span class="kwb">NECRONS</span> model only. Each time a model in the bearer’s unit makes an attack, on a Critical Wound, improve the Armour Penetration characteristic of that attack by 1.||
NEC|Atomic Disintegrators|000010664003|10|Cryptek Conclave|000001127|false|Energy lenses project in a web from a central node borne by the Cryptek, coalescing about Necron weapon systems and focusing their power still further.|Cryptek model only. In your Shooting phase, each time the bearer’s unit is selected to shoot, when selecting an ability for the Technosorcerous Augmentations Detachment rule, you can also select from the following abilities: [ANTI-MONSTER 5+], [ANTI-VEHICLE 5+].||
NEC|Portal Transmuter|000010735003|0|Harbinger Cabal|000001140|false|With a gesture, the bearer of this device can cosmically link one doorway to somewhere else entirely.|Once per turn, when the bearer ends a Normal, Advance or Fall Back move within 3" of an open Hatchway or when the bearer opens a Hatchway, it can, before any units decide if they wish to fire Overwatch, use this ability. If it does, remove the bearer from the battlefield and set it back up on the battlefield wholly within 3" of another open Hatchway and not within Engagement Range of one or more enemy units. When doing so, if the bearer cannot be set back up on the battlefield, it is destroyed.||
NEC|Hyperspatial Transfer Node|000008554004|15|Hypercrypt Legion|000000818|false|Wound with filaments of temporal circuitry, this amulet enables the bearer to accelerate themselves and their closest guardians in stuttering bursts of compressed time.|<span class="kwb">NECRONS</span> model only. Each time the bearer’s unit Advances, do not make an Advance roll for it. Instead, until the end of the phase, add 6" to the Move characteristic of models in the bearer’s unit.||
NEC|Animus Damper|000010672004|35|Pantheon of Woe|000001129|false|This device bleeds off the Void Dragon shard’s energies and earths them violently through nearby machines.|C’tan Shard of the Void Dragon model only. Once per turn, at the start of your opponent’s Shooting phase, select one enemy <span class="kwb">VEHICLE</span> unit visible to the bearer. That unit must take a Leadership test. Until the end of the phase, each time a model in that unit makes an attack, subtract 1 from the Hit roll and, if that Leadership test was failed, subtract 1 from the Wound roll as well.||
NEC|Autodivinator|000008546004|15|Canoptek Court|000000816|false|This cryptogeometric puzzle box harbours a chronoscarab. The tiny construct creeps forward in time along temporal webs before hauling back a captured net of future moments. Its master can scry these wriggling futures to predict their foe’s strategies, using the knowledge to develop new counter-tactics to ambush the attackers.|CRYPTEK model only. Each time your opponent gains a CP as the result of an ability, roll one D6: on a 2+, you also gain 1CP.||
NEC|Warrior Noble|000008550004|15|Obeisance Phalanx|000000817|false|This dynastic scion is an expert in the arts of martial excellence, and their living metal form has been enhanced by their Crypteks. With effortless arrogance, they and their guardians parry or contemptuously swat aside the strikes of those they see as their lessers.|OVERLORD model only. Each time a melee attack targets the bearer’s unit, subtract 1 from the Hit roll.||
NEC|Phasal Subjugator (Aura)|000008372004|35|Awakened Dynasty|000000756|false|This engraved sigil-circuitry transforms the fierce will of the bearer into a surging lash across every phasal state.|<span class="kwb">NECRONS</span> model only. While a friendly <span class="kwb">NECRONS</span> unit (excluding CHARACTER units) is within 6" of the bearer, each time a model in that unit makes an attack, add 1 to the Hit roll.||
NEC|Demanding Leader|000009749004|10|Starshatter Arsenal|000000985|false|This Necron noble is a master of rapid warfare, commanding armoured columns with great precision.|<span class="kwb">NECRONS</span> model only. In your Command phase, select one friendly Necrons Vehicle or Necrons Mounted unit (excluding Titanic units) within 6" of the bearer. Until the start of your next Command phase, that unit is eligible to shoot in a turn in which it Fell Back.||
NEC|Mark of the Nekrosor|000010668004|20|Cursed Legion|000001128|false|The malevolent madness of Ammentar itself burns in the minds of this warrior and their comrades.|Destroyer Cult model only. Each time a model in the bearer’s unit makes an attack, add 1 to the Hit roll.||
NEC|Soulless Reaper|000008543004|15|Annihilation Legion|000000815|false|This deathly killer exudes a soul-sapping presence, the promise of lifes’ end so explicit in their chilling gaze that few can muster the strength of will to evade it.|DESTROYER CULT model only. Each time an enemy unit within Engagement Range of the bearer’s unit is selected to Fall Back, roll one D6: on a 3+, that unit cannot Fall Back this phase and must Remain Stationary.||
NEC|Gauntlet of Compression|000010664004|20|Cryptek Conclave|000001127|false|Clinging to the bearer’s hand like a glove woven from shadow, this strange device folds space-time with a single gesture, momentarily compressing the relative distance between Necron weapons and their targets.|<span class="kwb">NECRONS</span> model only. Add 6" to the Range characteristic of ranged weapons equipped by models in the bearer’s unit.||
NEC|Osteoclave Fulcrum|000008554005|20|Hypercrypt Legion|000000818|false|This hypermaterial key unlocks portals between transpatial dimensions embedded into a tomb’s architecture. Through such limitless doorways, the Necrons can pursue their quarry wherever they hide.|<span class="kwb">NECRONS</span> model only. Models in the bearer’s unit have the Deep Strike ability.||
NEC|Enaegic Dermal Bond|000008372005|30|Awakened Dynasty|000000756|false|The bearers living metal mantle is bonded to mirror versions of itself across many dimensional thresholds.|<span class="kwb">NECRONS</span> model only. The bearer has the Feel No Pain 4+ ability.||
NEC|Reletavistic Tether|000010672005|40|Pantheon of Woe|000001129|false|This binding uses atomic resonance magnetism to compel the shard into the midst of the foe.|Transcendent C’tan model only. In your turn, when this unit makes an ingress/advance move using its Transdimensional Displacement ability, this unit can end that move more than 6" horizontally from all enemy units (instead of more than 8"). When this unit ends that move within 8" of an enemy unit, this unit is not eligible to declare a charge until the end of the turn.||
NEC|Gravitic Bolas|000010664005|15|Cryptek Conclave|000001127|false|Projected from the bearer’s staff as a secondary energistic emission, these solid-state electroshackles bind and trammel their victims in crackling fetters.|Cryptek model only. In your Shooting phase, after the bearer has shot, select one enemy unit hit by one or more of those attacks (excluding <span class="kwb">TITANIC</span> units); until the start of your next turn, that enemy unit is pinned. While a unit is pinned, subtract 2 from that unit’s Move characteristic and subtract 2 from Charge rolls made for that unit.||
NEC|Eldritch Nightmare|000008543005|10|Annihilation Legion|000000815|false|Atavistic fears are summoned from the pits of nightmare and thrust into the minds of all foes near this metal-skinned horror.|DESTROYER CULT model only. At the start of the Fight phase, each enemy unit within Engagement Range of the bearer must take a Battle-shock test.||
NEC|Eternal Conqueror|000008550005|25|Obeisance Phalanx|000000817|false|This insatiable subjugator sees all before them as theirs for the taking by ancient right of conquest. They wield their legion like an iron gauntlet, using it to seize the battlefield in a demonstration of their power and strength, daring others to try taking it from them.|OVERLORD model only. Each time a model in the bearer’s unit makes an attack that targets an enemy unit within range of an objective marker, you can re-roll the Hit roll.||
NEC|Cursed Circlet|000010668005|25|Cursed Legion|000001128|false|This band of living metal sinks into the bearer’s brow and floods their neural cortex with a murderous urge.|Destroyer Cult model only. In your opponent’s Shooting phase, when an enemy unit has shot, if a model in this unit was destroyed by those attacks, this unit can make a surge move of up to D6".||
NEC|Chrono-impedance Fields|000009749005|25|Starshatter Arsenal|000000985|false|When activated, this device wreathes dynastic craft in a time-dilation field that reduces the force of incoming blows and shots.|<span class="kwb">NECRONS</span> model only. In your Command phase, select one friendly Necrons Vehicle or Necrons Mounted unit (excluding Titanic units) within 6" of the bearer. Until the start of your next Command phase, each time an attack is allocated to a model in that unit, subtract 1 from the Damage characteristic of that attack.||
NEC|Metalodermal Tesla Weave|000008546005|10|Canoptek Court|000000816|false|This microsilicate weave generates a cyclical electrostatic overload that, providing its user triggers it in time, sends arcing lightning leaping out to roast onrushing attackers.|CRYPTEK model only. Once per phase, when an enemy unit selects the bearer’s unit as a target of a charge, roll one D6: on a 2-5, that enemy unit suffers D3 mortal wounds; on a 6, that enemy unit suffers 3 mortal wounds.||
ORK|Ferocious Show-off|000008881002|15|Green Tide|000000856|false|This brutal fighter is even more dangerous with a raucous audience of chanting Orks, as he displays his violent abilities as a warning to all.|Orks Infantry model only. This model’s melee attacks have:<br><ul><li>+1 <b>A</b>.</li><li><u>Or:</u> If this unit has 11+ models, +2 <b>A</b>.</li></ul>||
ORK|Living Battering Ram|000009615002|0|Ramship Raiders|000000963|false|There is something uniquely terrifying to the foe about a nine-foot-tall, four-hundred-pound Ork who prefers to open hatchways with their head while running full tilt and bellowing like a battle tank.|Each time the bearer attempts to operate a closed Hatchway, your opponent cannot try to prevent it. In addition, each time the bearer opens a Hatchway, each enemy unit within 6" of that Hatchway and wholly on the opposite side of it from the bearer must take a Battle-shock test.||
ORK|Targetin' Gizmos|000010799002|10|Blitz Brigade|000001152|true|These sparkly optiks and other elaborate gitfindas help focus a wagon’s dakka, but it takes a really clever Mek to know how to work them.|Wagon unit only. While a Big Mek model is embarked within this unit:<br><ul><li>This unit’s ranged attacks have [Ignores Cover].</li><li>If this unit is riled up, this unit’s ranged attacks have [Sustained Hits 1].</li></ul>||
ORK|Flyboss|000011151002|20|Flyboyz|000001227|true|Brutish aces who have survived enough dogfights to rise to positions of superiority, Flybosses inspire other Ork aviators to heights of psychotic enthusiasm.|Orks Aircraft unit only.<br><ul><li>This unit has <span class="kwb">CHARACTER</span>.</li><li>When this unit ends an ingress move, each friendly Orks Aircraft/Deffkoptas unit within 6" of this unit is riled up until the start of your next turn.</li></ul>||
ORK|Da Krunch|000011155002|10|Wurrband|000001228|false|Roiling energies frequently erupt from this Weirdboy’s eyes, solidifying above the enemy into the huge green foot of Gork (or Mork) himself, which repeatedly stamps on the foe.|Orks Psyker model only. This model has the following weapon.||
ORK|Mekwaaagh! Mastermind|000011144002|30|Madcap Meks|000001225|false|This Big Mek’s obsession with feverish inventing and his dreams of ludicrous technological destruction are infectious, inspiring other Orks to excitable aggression.|Big Mek model only. This unit is riled up.||
ORK|Kaptin's Hat|000011132002|25|Wreckas|000001222|false|This impressively ostentatious piece of headgear signifies that whoever nicked it last controls a fleet of kroozers and invasion landers, ideal for the rapid redeployment of loot-hungry Orks.|Big Mek/Warboss Infantry model only. When both players have deployed their armies, you can redeploy up to three friendly Orks Infantry units. When doing so, you can set those units up in strategic reserves, regardless of how many units are already in strategic reserves.|<span class="kwb">LEADER:</span> <a class="kwbOne" href="/wh40k11ed/factions/orks/Flash-Gitz"><span class="kwb kwbo">FLASH</span> <span class="kwb kwbo">GITZ</span></a>|
ORK|Glory Hog|000008868002|25|Da Big Hunt|000000853|false|When bigger prey is sighted, nothing can keep this hunter from it. With a roar of glee, lesser gitz are swiftly forgotten in his enthusiasm to pile into a greater challenge.|Beast Snagga model only. When this unit is selected to make a fall-back move, that <b>fall-back move</b> does not prevent this unit from being eligible to declare a charge.||
ORK|Kill Kommanda|000009795002|20|Taktikal Brigade|000000995|false|Possessed of exceptional kunnin’ and a weird obsession with sneakin’ about, this powerful Ork leader loves nothing more than creeping through enemy defences before carving a bloody path through their lines.|Big Mek/Warboss Infantry model only. While this model is part of an attached unit, this model has:<br><ul><li>Infiltrators.</li><li>Stealth.</li></ul>|<span class="kwb">LEADER:</span> <a class="kwbOne" href="/wh40k11ed/factions/orks/Kommandos"><span class="kwb kwbo">KOMMANDOS</span></a>|
ORK|Supa-glowy Fing|000011140002|25|Shoota Boyz|000001224|false|The Mek who cobbled together this strange dakka accelerator isn’t sure exactly what it does - and it glows weirdly - but its new owner proudly carries it to battle, eager to know what its big switch will do this time.|Orks Infantry model only (excluding Weirdboy models). This model’s ranged attacks have:<br><ul><li>[Anti-Infantry 4+].</li><li>[Devastating Wounds].</li><li><span class="kwb">[SUPA-HAZARDOUS]</span>.</li></ul><br><span class="kwb">[SUPA-HAZARDOUS]</span>: Each time a unit is selected to shoot, after that unit has resolved all of its attacks, make two hazard rolls for that unit for each <span class="kwb">[SUPA-HAZARDOUS]</span> weapon you selected in the Select Weapons step.||
ORK|Surly as a Squiggoth|000011148002|25|Brute Bosses|000001226|false|With a lifetime of picking fights with the galaxy’s most lethal fighters behind him, and a gnarled hide thicker than Battlewagon armour, this Ork has survived blows that would fell an Ambull.|Infantry Warboss model only. (Once per battle, per army) At the end of a phase in which this model is destroyed, roll one D6:<br><ul><li>On a 2+, set this model back up on the battlefield as close as possible to where it was <b>destroyed</b>, unengaged, with 3 wounds remaining.</li></ul>||
ORK|Headwoppa's Killchoppa|000008367002|15|War Horde|000000852|false|Tribal legend speaks of a blood-slick choppa once owned by Grand Warboss Headwoppa - last seen charging headlong into a horde of daemons - that turns up occasionally across the galaxy in different forms. Though it looks normal, a dark voice is said to growl in the mind of the weapon’s wielder, driving them on to ever greater excesses of violence.|<span class="kwb">ORKS</span> model only. If this unit made a charge move this turn, this model’s melee attacks have +1 AP.||
ORK|Smoky Gubbinz|000008872002|10|Kult of Speed|000000854|true|These loud, fume-belching devices wreathe those in the Speed Freeks’ wake in a thick bank of obscuring smoke.|Speed Freeks unit only (excluding Aircraft units). When an attack targets a unit that is not fully visible to the attacking model because of a model in this unit, the target has the benefit of cover against that attack.||
ORK|Extra Sneaky|000011136002|10|Runt Swarm|000001223|true|A lifetime of evading the attentions of Orks and even other runts has honed these Grots’ sneakiness to preternatural levels.|Gretchin unit only. This unit has -3" detection range.||
ORK|Tellyporta|000009623002|0|Kaptin Killers|000000964|false|Employing madcap tellyporta arrays, Ork Meks can beam massively armoured Nobz through the warp and onto an enemy vessel, much to the horror of the defenders.|In the Deploy Armies step, select one MEGANObz unit from your army. Until the end of the battle, models in that unit have the Deep Strike ability.||
ORK|Cybork Boosta|000008877002|10|Dread Mob|000000855|false|This Mek’s extra bioniks help him keep up with his Kans.|Big Mek/Mek model only. This model has +2" <b>M</b>.||
ORK|Wimp-kickaz|000008885002|15|Bully Boyz|000000857|true|Any snivelling gitz attempting to back away from a good fight with these arrogant Nobz get a good kicking to see them on their way.|Nobz unit only. When an enemy unit engaged with this unit is selected to make a fall-back move:<br><ul><li>That enemy unit must select the desperate escape mode.</li><li>If this unit is riled up, that enemy unit has -1 to the hazard rolls made for that <b>desperate escape</b>.</li></ul>||
ORK|Impulsive Recon|000011151003|15|Flyboyz|000001227|true|Despite claims of scoutin’, this aircraft’s screaming dive ahead of its pilot’s mates is purely for the thrill of attacking first.|Orks Aircraft unit only. In your first Movement phase, this unit can make an ingress move.||
ORK|'Eadbanger|000011155003|15|Wurrband|000001228|false|Known for yelling ‘Kop dis, ya zogger!’ at his chosen target beforehand, this Weirdboy is in the habit of projecting a bolt of raw power from his forehead which splatters the victim’s brains across a wide area.|Orks Psyker model only. This model has the following weapon.||
ORK|It Came from da Drops|000008868003|20|Da Big Hunt|000000853|false|The monstrous resilience - and odour - of this Beastboss’ hulking mount has inspired many lurid tales of its origin.|Beastboss on Squigosaur model only. This model has +1 <b>T</b>.||
ORK|Boss Boomer|000010799003|10|Blitz Brigade|000001152|true|Fitted with speakin’ tubes linked to deafening projectors, this noisy ride allows an important Ork to boss his ladz around while on the move.|Wagon unit only. While a Warboss model is embarked within this unit, this unit has that <span class="kwb">WARBOSS</span> model’s <b>Intimidating Motivation</b>/<b>Keep Huntin’</b> ability.||
ORK|Supa-snazz Dakka|000011132003|20|Wreckas|000001222|true|Coils of sparking wires, unstable propellant and throbbing power cells are just some of the extras which Flash Gitz rivet onto their snazzguns to kill the enemy in more over-the-top ways.|Flash Gitz unit only. This unit’s Snazzgun weapons have [Rapid Fire 1].||
ORK|'Ardboyz|000008881003|25|Green Tide|000000856|true|Orks with enough teef - or muscle - can acquire extra scrap iron plates collectively referred to as ‘eavy armour, which is battered into shape so that it roughly fits the wearer.|Boyz unit only. This unit has 4+ <b>Sv</b>.||
ORK|Dreadherder|000008877003|20|Dread Mob|000000855|false|This Mek is deft at avoiding his creations’ feet and klaws.|Big Mek model only. While this model is within 3" of a friendly Orks Walker unit (excluding <span class="kwb">BIG</span> <span class="kwb">MEK</span> units):<br><ul><li>This model has Lone Operative. </li><li>In your Shooting phase, you can select one friendly <span class="kwb">ORKS</span> <span class="kwb">WALKER</span> unit within 3" of this model. That unit’s attacks can re-roll hit rolls of 1 until the end of the turn.</li></ul>||
ORK|Brutal But Kunnin'|000011148003|30|Brute Bosses|000001226|false|What tactics occasionally pop into this Ork’s head revolve purely around how hard he needs to wallop his enemies to send their skulls flying.|Warboss model only. This model’s melee attacks have +1 <b>D</b>.||
ORK|Scarred Brute|000009615003|0|Ramship Raiders|000000963|false|A veteran of many boarding actions, this monstrous Ork has been shot, stabbed and ejected into hard vacuum many times, and has all the toughened scarring and bionik wotnots to show for it.|The bearer has the Feel No Pain 5+ ability.||
ORK|Targetin' Squigs|000011140003|20|Shoota Boyz|000001224|false|With a couple of these boggle-eyed varieties of Squigs on hand, even Ork shooting has a chance of hitting distant targets, helped by squinting really hard.|Big Mek/bigBoss/Warboss model only. This unit’s ranged attacks (excluding [Torrent] attacks) have +3" <b>R</b>.||
ORK|Throat-slittas|000009795003|15|Taktikal Brigade|000000995|true|Veterans of the relatively organised butchery of well-protected targets, these distrusted Orks make excellent forward assassins.|Kommandos/Stormboyz unit only. This unit’s melee attacks have [Lethal Hits: non-Monster/Vehicle].||
ORK|Tellyporta Boss|000008885003|20|Bully Boyz|000000857|false|This Ork has bullied his way into possession of a mostly functional tellyporta pad, and has so far survived being thrown through the Warp towards the best fights.|Mega Armour model only. This unit (excluding Vehicle units) has Deep Strike.||
ORK|Da Boss is Watchin'|000008367003|25|War Horde|000000852|false|This war leader is a glowering incarnation of violence, his brutality so contagious that when he bellows his blind fury and releases his pent-up aggression, Orks nearby are excitedly swept along with him.|<span class="kwb">ORKS</span> model only. (Once per battle, per army) In your Movement phase, you can use this ability. If you do, this unit is riled up until the start of your next turn.||
ORK|Minefield Detail|000011136003|10|Runt Swarm|000001223|true|Rebellious, lazy or just plain unlucky Gretchin are driven into dangerous vanguard duties. These runts scarper forward with the hope of making it through as quickly as possible.|Gretchin unit only. While this unit is not embarked, this unit has Scouts 6".||
ORK|Competitive Streak|000008872003|15|Kult of Speed|000000854|false|This Speedboss despises the thought of coming anything less than first in a race to reach the biggest fights.|Deffkilla Wartrike model only. This unit can re-roll charge rolls.||
ORK|Temperamental Shokka|000011144003|20|Madcap Meks|000001225|true|Shokk attack guns are notoriously unreliable, and even with a supposedly enhanced set of worky bits, this Big Mek is never certain what will happen when he sets the thing off.|Big Mek with Shokk Attack Gun model only. In your Shooting phase, when this unit is selected to shoot, you can roll one D6:<br><ul><li>On a 1, this model’s Shokk Attack Gun weapon has [Torrent], and when this unit has shot, this model is destroyed.</li><li>On a 2-5, this model’s Shokk Attack Gun weapon has +1 <b>A</b>.</li><li>On a 6, this model’s Shokk Attack Gun weapon has [Sustained Hits 2].</li></ul>||
ORK|Gnasher Squig Crates|000009623003|0|Kaptin Killers|000000964|false|This Warboss has ordered his ladz to bring armoured crates of vicious gnasher squigs aboard. Upended into strategically vital areas, they create a dangerous infestation that enemies will struggle to remove.|WARbOSS model only. In your Command phase, you can select one NObz or MEGANObz unit from your army (excluding Battle-shocked units) that is within 6" of the bearer and is within range of an objective marker. If there are no enemy models within range of that objective marker, it is Secured by your army.||
ORK|Blitzboss|000011148004|20|Brute Bosses|000001226|false|It is said this Ork bleeds Squig oil and his growl is that of a revving engine. Certainly any vehicle he rides to war seems to respond powerfully to his presence.|Warboss model only. A transport unit (excluding Walker units) this unit is embarked within has:<br><ul><li>+2" <b>M</b>.</li><li>5+ InSv.</li></ul>||
ORK|Warphead|000011155004|25|Wurrband|000001228|false|Where most Weirdboyz would quite like to be left alone, so-called Warpheads become addicted to the danger, intentionally supercharging their tortured minds and revelling in venting dangerously unpredictable powers.|Orks Psyker model only. This model:<br><ul><li>Has <b>psyker level 2</b>.</li><li>Has Deadly Demise D6.</li><li>Can re-roll <b>psychic rolls</b>.</li></ul>||
ORK|Enhanced Runt-maw|000011144004|10|Madcap Meks|000001225|true|These kustom jobs incorporate an oversized suction device, drawing in nearby runts aplenty, as well as Squigs, loose scrap, and even poorly fastened pieces of the gun itself. The Mek’s targets - those that survive - end up infested with countless screeching Snotlings.|Big Mek with Shokk Attack Gun model only. When this unit has shot, select one enemy unit hit by those attacks. That unit is <b>infested with Snotlings</b> until the start of your next turn.<br><ul><li>While an enemy unit is <b>infested with Snotlings</b>, that unit has -1 to leadership rolls.</li></ul>||
ORK|Kunnin' But Brutal|000008367004|20|War Horde|000000852|false|Feigning weakness, this Ork allows his foes to think he’s legging it before suddenly piling back into the fight and delivering a brutal flurry of attacks.|<span class="kwb">ORKS</span> model only. When this unit is selected to make a fall-back move, that fall-back move does not prevent this unit from being eligible to shoot/declare a charge.||
ORK|Follow Me Ladz|000008367005|20|War Horde|000000852|false|Always found at the forefront of an assault, this Ork likes to be the first into the fray with his mob close on his heels to join in the violence.|<span class="kwb">ORKS</span> model only. This unit has +2" <b>M</b>.||
ORK|Proper Killy|000011148005|15|Brute Bosses|000001226|false|This unstoppable brute is an engine of destruction whose welts of scars have been won in countless victories.|Warboss model only. This model can re-roll hit rolls of 1.||
ORK|Morgog's Finkin' Cap|000011148006|50|Brute Bosses|000001226|false|Thanks to the tangle of stolen empyric electrodes wired into this helmet, a powerful Ork wearing it is capable of thinking a little further ahead than his next fight.|Warboss model only. (Once per battle, per army) At the end of your opponent’s Movement phase, if this unit is unengaged, this unit can make a normal move of:<br><ul><li>Up to D6".</li><li>If this unit is riled up, you can re-roll that D6.</li></ul>||
ORK|Da Gobshot Thunderbuss|000011148007|20|Brute Bosses|000001226|false|Firing gold-plated teef as its unconventional ammunition, da Gobshot Thunderbuss proclaims its owner’s obscene wealth even as it sweeps away swathes of enemies.|Warboss model only. This model has the following weapon:||
QI|Bearer of the Iron Chalice|000010493002|20|Valourstrike Lance|000001106|false|Deep within the Knight’s chassis is an ancient STC artefact. The device communes with its weakened machine spirit kin, bolstering their resolve to endure.|<span class="kwb">IMPERIAL</span> <span class="kwb">KNIGHTS</span> model only. At the end of your Movement phase, select one other <span class="kwb">IMPERIAL</span> <span class="kwb">KNIGHTS</span> model from your army that is within 12" of and visible to the bearer. That selected model regains up to D3 lost wounds, or up to 3 lost wounds if your army is Honoured.||
QI|Acquisitor-at-Arms|000010497002|15|Gate Warden Lance|000001107|false|This stern Noble serves their household by seizing territories and domains deemed the property of their lord. They are a grim and fearsome agent who inspires their charges with an unwillingness to relent.|<span class="kwb">IMPERIAL</span> <span class="kwb">KNIGHTS</span> model only. While the bearer is on your defensive line and there are no enemy units on your defensive line, add the bearers Objective Control characteristic to that of each model affected by the bearers Bondsman ability.||
QI|Blessed Plate|000011004002|30|Dominus Foebreakers|000001219|false|Some of this Knight’s hull plates are revered antiques, dating back millennia; their durability is a testament to the secrets of construction now lost to the mists of time.|IMPERIAL KNIGHTS DOMINUS model only. This model has +1 <b>T</b>.||
QI|Gyro-Optimised Actuators|000011008002|15|Throne-Bonded Outriders|000001167|true|Flowing down the neural tether between Thrones and Helms Mechanicum, the faint whispering of ancestral gheists drives bondsmen on to greater urgency.|ARMIGER unit only. This unit has MOBILE.||
QI|Bringer of Justice|000010755002|30|Freeblade Company|000001145|false|It is said that whenever this famed weapon is brought to life, it shall not fall silent until it has slaked its thirst for justice.|Imperial Knights model only. Improve the Attacks characteristic of melee weapons equipped by the bearer by 2, and each time the bearer makes a melee attack, add 1 to the Hit roll.||
QI|Herald of Triumph|000010502002|15|Questoris Companions|000001108|false|This Noble’s arrogant challenges herald a feat of victory, a promise of death that blares from their suit’s emitters.|<span class="kwb">IMPERIAL</span> <span class="kwb">KNIGHTS</span> model only. When the bearer ends a Charge move, it can use this Enhancement. If it does, this Enhancement is expended, then each enemy unit within Engagement Range of the bearer must take a Battle-shock test, subtracting 1 from the result.||
QI|Magos Questoris|000009761002|20|Questor Forgepact|000000988|false|An expert in the intricate mechanisms and weapons systems of Imperial Knights, this Tech‑Priest taught Sacristans their craft. They now walk in the shadow of these war machines and make field repairs in the midst of battle.|TECH-PRIEST model only. When using this model’s <b>Sacristan Pledge</b> ability, the selected IMPERIAL KNIGHTS model heals 2 additional wounds.||
QI|Mentor’s Pride|000010506002|20|Spearhead-At-Arms|000001109|false|A draconian enforcer of stringent standards, when this stern Noble does acknowledge pride in their servants, their Bondsmen zealously strive to retain it.|<span class="kwb">IMPERIAL</span> <span class="kwb">KNIGHTS</span> model only. While two or more Armiger models are under the effects of the bearers Bondsman ability, each time each of those <span class="kwb">ARMIGER</span> models makes an attack, you can re-roll a Hit roll of 1.||
QI|Knight of the Opus Machina (Aura)|000009761003|15|Questor Forgepact|000000988|false|A devotee of the Omnissian creed, this Noble is inspired by the presence of the Adeptus Mechanicus, fighting with greater zeal and vigour in their holy presence.|IMPERIAL KNIGHTS model only. While a friendly ADEPTUS MECHANICUS unit is within 6" of this model, that <span class="kwb">ADEPTUS</span> <span class="kwb">MECHANICUS</span> unit’s melee attacks have +1 <b>WS</b> and <b>AP</b>.||
QI|Fables of Nightmare|000010506003|10|Spearhead-At-Arms|000001109|false|Many are the fiends and unnamed dooms that lead hosts of darkness in the oldest tales. Their retelling spurs this Noble’s Bondsmen to seek out the lurking commanders of the foe and cut them down, so that they may end the spread of their evil.|<span class="kwb">IMPERIAL</span> <span class="kwb">KNIGHTS</span> model only. While two or more Armiger models are under the effects of the bearer’s Bondsman ability, melee weapons equipped by those <span class="kwb">ARMIGER</span> models have the [precision] ability.||
QI|Wyrmslayer Divination|000010502003|10|Questoris Companions|000001108|false|Whispered to a Knights machine spirit before battle, this techno-omen prophesies doom for airborne foes.|<span class="kwb">IMPERIAL</span> <span class="kwb">KNIGHTS</span> model only. In your Shooting phase, when the bearer is selected to shoot, it can use this Enhancement. If it does, this Enhancement is expended, then until the end of the phase, each time it makes an attack that targets a unit that can <span class="kwb">FLY</span>, you can re-roll the Hit roll.||
QI|Bearer of the Evanescent Ion|000010493003|15|Valourstrike Lance|000001106|false|This Knight’s ion shield projects a stream of nictitating particles that can obscure fellow Nobles from sight.|<span class="kwb">IMPERIAL</span> <span class="kwb">KNIGHTS</span> model only. At the end of your Movement phase, select one other <span class="kwb">IMPERIAL</span> <span class="kwb">KNIGHTS</span> model from your army that is within 12" of and visible to the bearer. Until the start of your next Movement phase, that selected model has the Stealth ability.||
QI|Hunter’s Eye|000010755003|25|Freeblade Company|000001145|false|This remarkable data‑manifold surrounds a scion with holo‑projected bioscans and engine‑signature readouts, whose gaze penetrates the densest terrain as though it was not there.|<span class="kwb">IMPERIAL</span> <span class="kwb">KNIGHTS</span> model only. Ranged weapons equipped by the bearer have the [IGNORES COVER] ability.||
QI|Archeotech Autoloaders|000011004003|25|Dominus Foebreakers|000001219|false|These ancient and precious components are installed with great reverence; their function is to keep the Dominus‑class Knight’s guns firing with ferocious efficiency|IMPERIAL KNIGHTS DOMINUS model only. This unit can re-roll rolls to determine the <b>A</b> of a weapon.||
QI|Ancestral Overbleed|000011008003|10|Throne-Bonded Outriders|000001167|true|Though it requires additional work by the Sacristans, when Armigers are to be used like hunting hounds amidst dense terrain, it is considered worthwhile to enhance their steeds’ agility.|ARMIGER unit only. When you target this unit with the Fire Overwatch/Heroic Intervention stratagem, that use is -1 <b>CP</b>.||
QI|Purgation’s Hand|000010497003|20|Gate Warden Lance|000001107|false|The Noble dubbed with this honourable title has sworn to purge the frontiers of their realm, scouring it clean of the stain of everything foul and inimical to the Code.|<span class="kwb">IMPERIAL</span> <span class="kwb">KNIGHTS</span> model only. Each time the bearer makes a melee attack, if the bearer is on your defensive line, re-roll a Hit roll of 1 and re-roll a Wound roll of 1.||
QI|Tales of Heroism|000010506004|10|Spearhead-At-Arms|000001109|false|Recounting the valorous feats of legendary Nobles, this champion inspires their squires to deride and denounce the foes every attempt at evading a just execution.|<span class="kwb">IMPERIAL</span> <span class="kwb">KNIGHTS</span> model only. While two or more Armiger models are under the effects of the bearer’s Bondsman ability, each time one of those <span class="kwb">ARMIGER</span> models makes a melee attack, you can ignore any or all modifiers to the Hit roll and/or the Wound roll.||
QI|Bearer of the Judicant’s Helm|000010493004|25|Valourstrike Lance|000001106|false|A courtly counsellor against deception and a visionary hunter of lurking prey, this Noble’s sage advice unmasks the contemptible before their companions.|<span class="kwb">IMPERIAL</span> <span class="kwb">KNIGHTS</span> model only. At the start of your Shooting phase, select one other <span class="kwb">IMPERIAL</span> <span class="kwb">KNIGHTS</span> model from your army that is within 12" of and visible to the bearer. Until the end of the phase, ranged weapons equipped by that selected model have the [ignores cover] ability.||
QI|Pennant of Silvered Fury|000010502004|15|Questoris Companions|000001108|false|This circuit-etched pennant marks a slayer of hordes and is linked to a glowing electoo beneath the pilot’s skin.|<span class="kwb">IMPERIAL</span> <span class="kwb">KNIGHTS</span> model only. When the bearer is selected to fight, it can use this Enhancement. If it does, this Enhancement is expended, then until the end of the phase, melee weapons equipped by the bearer have the [sustained hits 2] ability.||
QI|Augury Halo|000010497004|20|Gate Warden Lance|000001107|false|This web of neuro-couplings has been worked into a richly ornamented helmet. Through it, the Noble pilot can access nearby hidden augur nodes deployed by servitor clades of the Sacristans, inloading targeting data to pick out the locations of shrouded besiegers.|<span class="kwb">IMPERIAL</span> <span class="kwb">KNIGHTS</span> model only. Each time the bearer makes a ranged attack, while the bearer is on your defensive line, weapons equipped by the bearer have the [ignores cover] ability.||
QI|Mysterious Guardian|000010755004|35|Freeblade Company|000001145|false|Manifesting as though from nowhere, this Knight is an elemental force of vengeance against the Emperor of Mankind’s foes. At battle’s end, it disappears as mysteriously as it arrived.|<span class="kwb">IMPERIAL</span> <span class="kwb">KNIGHTS</span> model only. (Once per battle, per army) At the end of your opponent’s turn, if this unit is unengaged, you can use this ability. If you do:<br><ul><li>Place this unit in strategic reserves.</li><li>This unit has Deep Strike until the start of your next Shooting phase.</li><li>This unit must make an ingress move in your next Movement phase (including in your first turn).</li></ul>||
QI|Vengeful Tread|000010497005|15|Gate Warden Lance|000001107|false|The punitive anger of this pilot towards those who dare defile their realm is terrifying to behold. War horns blaring, they barge and trample forward, crushing their lessers in a terminal lesson of humility.|<span class="kwb">IMPERIAL</span> <span class="kwb">KNIGHTS</span> model only. Once per turn, you can target the bearer with the Crushing Impact Stratagem for 0CP.||
QI|Martial Tuition|000010506005|15|Spearhead-At-Arms|000001109|false|Long has this Noble trained their Bondsmen in hunting the deadliest prey, instilling in them the skills to honourably exploit any opening in an enemy’s defence.|<span class="kwb">IMPERIAL</span> <span class="kwb">KNIGHTS</span> model only. While two or more Armiger models arc under the effects of the bearer’s Bondsman ability, once per turn, you can target one of those <span class="kwb">ARMIGER</span> models with the Counter-offensive Stratagem for 0CP.||
QI|Sanctuary|000010755005|20|Freeblade Company|000001145|false|Through the projection of rapidly modulating ion fields, this unique generator’s effects wreathe the suit in an all encompassing fog of protective energies that defend it from close‑quarters attacks.|<span class="kwb">IMPERIAL</span> <span class="kwb">KNIGHTS</span> model only. The bearer has a 5+ invulnerable save.||
QI|Bearer of the Lancer’s Sigil|000010493005|25|Valourstrike Lance|000001106|false|Honoured with a vivid heraldic insignia, this Noble is a wise mentor in the deadly art of battlefield intercession.|<span class="kwb">IMPERIAL</span> <span class="kwb">KNIGHTS</span> model only. At the start of your Charge phase, select one other <span class="kwb">IMPERIAL</span> <span class="kwb">KNIGHTS</span> model from your army that is within 12" of and visible to the bearer. Until the end of the phase, you can re-roll Charge rolls made for that selected model.||
QI|Crushing Condemnation|000010502005|10|Questoris Companions|000001108|false|With the sweep of an armoured limb, the Noble can cast wreckage and ruin towards yet another foe.|<span class="kwb">IMPERIAL</span> <span class="kwb">KNIGHTS</span> model only. When the bearer is selected to fight, after resolving its attacks, if one or more enemy units were destroyed by those attacks, the bearer can use this Enhancement. If it does, this Enhancement is expended, then select one enemy unit that is not within Engagement Range of any units from your army and is within 12" of and visible to the bearer. Roll six D6: for each 4+, that enemy unit suffers 1 mortal wound.||
QT|Pterrorshade Rookery|000011012002|20|Bastions of Tyranny|000001173|false|The gothic and mutated extrusions of this Knight Tyrant are the roost of a parasitic flock of pterrorshades. From their Throne, the Fallen Noble within has brokered a fragmented understanding of the maddening chorus they emit, enough to know when their unnatural senses have spotted fresh prey to be annihilated.|KNIGHT TYRANT model only. When this unit is selected to shoot, select one enemy unit within 24" of this unit. That enemy unit has +6" detection range until this unit has shot.||
QT|Aspect of the Beast|000010751002|30|Helhunt Lance|000001144|false|Something predatory and monstrous from the depths of the Warp has possessed this Knight suit. Its terrifying presence spreads like a pall.|Chaos Knights model only. At the start of your Command phase, select one Dread ability to be active for the bearer until the start of your next Command phase, in addition to the Dread abilities active for your army||
QT|Nightmare’s Master|000008516002|20|Traitoris Lance|000000806|false|The mere sight of this warrior and their steed upon the battlefield, even the rumour of their coming, is enough to put the foe to flight.|<span class="kwb">CHAOS</span> <span class="kwb">KNIGHTS</span> model only. At the start of the Fight phase, each enemy unit within Engagement Range of the bearer must take a Battle-shock test.||
QT|Throne Mechanicum of Skulls|000010308002|25|Lords of Dread|000001076|false|Flowing from this brazen Throne, an all-consuming need for murder grips the pilot and never lets go.|<span class="kwb">CHAOS</span> <span class="kwb">KNIGHTS</span> model only. You can re-roll Charge rolls made for the bearer’s unit. In addition, once per battle, in your Charge phase, the bearer can use this Enhancement. If it does, until the end of the phase, the bearer’s unit is eligible to declare a charge in a turn in which it Advanced.||
QT|Soul-Spoor Auspicator|000011016002|15|Hunting Warpack|000001174|true|Those Huntsmen darkly blessed with a daemonic device sensitive to a worthy prey’s spirits are capable of killing shots at greater effective ranges.|HUNTSMAN unit only. This unit’s ranged attacks have +6" <b>R</b>.||
QT|Preyslayer’s Mantle|000010312002|15|Houndpack Lance|000001077|false|This ancient War Dog chassis is said to have been forged in warpfires and ensorcelled with the spirit of the hunt unending.|War Dog model only. The bearer has the Super-heavy Walker ability.||
QT|Knight Diabolus|000010304002|25|Infernal Lance|000001075|false|Whether through duelling monstrous foes or thanks to unnatural enhancements and boons, this Fallen Noble and their steed have become powerful indeed.|<span class="kwb">CHAOS</span> <span class="kwb">KNIGHTS</span> model only. Improve the Weapon Skill characteristic of the bearer’s melee weapons by 1. While the bearer is using the Diabolic Power ability, its melee weapons have the [LANCE] ability.||
QT|Cruel Lashmaster (Aura)|000009765002|25|Iconoclast Fiefdom|000000989|false|This callous Fallen Noble drives teeming hordes of their twisted serfs at a desperate pace to overwhelm their prey with lesser targets.|CHAOS KNIGHTS model only. While a friendly DAMNED unit is within 6" of this model, when that unit is selected to make a normal/advance/fall-back move that unit has +2" <b>M</b> until the end of the phase.||
QT|Tyrant’s Shadow|000008516003|25|Traitoris Lance|000000806|false|Once this despotic warlord lays claim to territory, their warp-infused will taints the very land itself and resists those who seek to defy them.|<span class="kwb">CHAOS</span> <span class="kwb">KNIGHTS</span> model only. At the end of your Command phase, select one objective marker the bearer is within range of and that you control. That objective marker remains under your control until your opponent’s Level of Control over that objective marker is greater than yours at the end of a phase. In addition, until you lose control of that objective marker, it has the Deathly Terror ability as if it were a <span class="kwb">CHAOS</span> <span class="kwb">KNIGHTS</span> model from your army.||
QT|Blasphemous Engine|000010304003|35|Infernal Lance|000001075|false|In rituals that took centuries to conduct, Idolators and dark priests have bound a greater daemon within the reactor of this Chaos Knight, allowing the war machine to syphon the roiling power of the caged entity.|<span class="kwb">CHAOS</span> <span class="kwb">KNIGHTS</span> model only. Add 2 to the bearer’s Wounds characteristic. Each time the bearer’s unit makes a Malefic Surge, you can re-roll the Leadership test taken to see if it suffers any mortal wounds.||
QT|Iconoclast Idol (Aura)|000009765003|20|Iconoclast Fiefdom|000000989|false|Chanting mortal thralls have pledged their lives and souls to this Chaos Knight’s defence, and throw themselves at any who dare threaten the object of their idolatry|CHAOS KNIGHTS model only. While a friendly DAMNED unit is within 6" of this model, when you target that unit with the Heroic Intervention <b>stratagem</b>, that use is -1 <b>CP</b>.||
QT|Hunter’s Helm|000010751003|15|Helhunt Lance|000001144|false|This infernal faceplate was forged by the cannibalistic Dark Magi of Ghanarkh. Affixed to a Chaos Knight, it infuses the steed with a carnivore’s ferocious hunger.|Chaos Knights model only. You can re-roll Advance and Charge rolls made for the bearer’s unit.||
QT|Snarling Rivalry|000011016003|10|Hunting Warpack|000001174|true|The greatest Executioners are expert long‑range killers. They viciously compete for tallies of slaughter and eagerly eviscerate dug‑in foes to prove their skill.|EXECUTIONER unit only. This unit’s ranged attacks have [IGNORES COVER].||
QT|Hate-Filled Dominion|000011012003|20|Bastions of Tyranny|000001173|false|This arrogant despot has yoked their weapon spirits to their will with a dominion forged of pure hate. Every maximised salvo is an expression of their malice and tyranny.|KNIGHT TYRANT model only. This unit can re-roll rolls to determine the <b>A</b> of a weapon.||
QT|Blade of Celerity|000010308003|35|Lords of Dread|000001076|false|Inlaid with esoteric circuitry, this relic sword is sheathed within the mechanisms of the pilot’s Throne where it imbues the Knight suit with flowing swiftness.|<span class="kwb">CHAOS</span> <span class="kwb">KNIGHTS</span> model only. The bearer’s ranged weapons have the [ASSAULT] ability. In addition, once per battle, in the Fight phase, the bearer can use this Enhancement. If it does, until the end of the phase, models in the bearer’s unit have the Fights First ability.||
QT|Final Howl (Aura)|000010312003|20|Houndpack Lance|000001077|false|Biomechanoid parasites lace a War Dog’s vox-emitters with the infernal baying of supernatural hunting hounds. Its effects upon other nearby War Dogs are profound and alarming.|War Dog model only. While a friendly War Dog model is within 6" of the bearer, each time that model makes an attack, re-roll a Wound roll of 1.||
QT|Warp-borne Stalker|000010308004|25|Lords of Dread|000001076|false|Daemonic whispers guide this Knights pilot through the empyric tempests, straight into battle.|<span class="kwb">CHAOS</span> <span class="kwb">KNIGHTS</span> model only. The bearer has the Deep Strike ability. In addition, once per battle, at the end of your opponent’s turn, if the bearer is not within Engagement Range of one or more enemy units, you can remove it from the battlefield and place it into Strategic Reserves.||
QT|Octagram of Conjuration|000010751004|40|Helhunt Lance|000001144|false|This Knight suit’s cockpit incorporates a summoning octagram that drags warp gheists into reality and sends them screaming out to bedevil rune‑marked prey.|Knight Abominant model only. The bearer has the following ability:<br><br><b>Octagram of Conjuration (Aura):</b> While a friendly War Dog model is within 9" of this model, after that <span class="kwb">WAR</span> <span class="kwb">DOG</span> model has shot, you can select one enemy unit hit by one or more of those attacks. That enemy unit must take a Battle-shock test.||
QT|Malevolent Heraldry|000008516004|30|Traitoris Lance|000000806|false|Inscribed by Idolators schooled in dark arts, these unholy blazons burn themselves into the gaze of the foe and trigger nausea, disorientation and stark, unreasoning terror.|<span class="kwb">CHAOS</span> <span class="kwb">KNIGHTS</span> model only. Each time you roll dice to randomly select which Dread abilities are active for your army, if the bearer is on the battlefield, you can re-roll one or both results rolled.||
QT|Fleshmetal Fusion|000010304004|35|Infernal Lance|000001075|false|This Knight is a terrifying blend of daemonic flesh and warp-hardened machine, its pilot unable to leave their Throne until death - or something darker - takes them.|<span class="kwb">CHAOS</span> <span class="kwb">KNIGHTS</span> model only. Add 1 to the bearer’s Toughness characteristic. While the bearer is using the Unnatural Fortitude ability, each time an attack with a Damage characteristic of 1 is allocated to the bearer, add 1 to any armour saving throw made against that attack.||
QT|Loping Predator|000010312004|10|Houndpack Lance|000001077|false|This swift attacker is adept at firing on the move, trusting the predatory senses of their War Dogs machine spirit to single out targets of opportunity.|War Dog model only. The bearer’s ranged weapons have the [assault] ability.||
QT|Veil of Medrengard|000008516005|35|Traitoris Lance|000000806|false|Said to have been fashioned upon Perturabo’s own daemon world, this baroque device projects an energy barrier of greater power than a standard ion shield.|<span class="kwb">CHAOS</span> <span class="kwb">KNIGHTS</span> model only. The bearer has a 4+ invulnerable save against ranged attacks, and a 5+ invulnerable save against melee attacks.||
QT|Throne Tyrannicus|000010751005|25|Helhunt Lance|000001144|false|So dominant is the psychoneural signature of this Throne Mechanicum that it dominates even other scions and their steeds as they rule over War Dogs.|Titanic Chaos Knights model only. In your Command phase, select one other Chaos Knights Character model within 9" of the bearer. If the bearer has one or more Aura abilities that affect friendly War Dog units, until the start of your next Command phase, the selected <span class="kwb">CHAOS</span> <span class="kwb">KNIGHTS</span> <span class="kwb">CHARACTER</span> model is affected by those Aura abilities as well.||
QT|Bestial Aspect|000010304005|30|Infernal Lance|000001075|false|The machine spirit of this Knight suit has become so ferocious and blood-hungry that it now moves and hunts like a monstrous beast.|<span class="kwb">CHAOS</span> <span class="kwb">KNIGHTS</span> model only. The bearer’s ranged weapons have the [assault] ability. While the bearer is using the Unholy Hunger ability, it can ignore any or all modifiers to its Move characteristic and/or to Advance rolls made for its unit.||
QT|Panoply of the Cursed Knight|000010312005|15|Houndpack Lance|000001077|false|Borne within by an order of silent Idolators, this collection of tattered pennants, chain-strung charms and armour scraps represent the last remains of the Knight Carnivus Grymm, torn apart by his own pack of War Dogs. It is said festooning one’s Knight suit with these charms instils the legendary fortitude of that doomed war engine, but also invites Carnivus Grymm’s ghastly end.|War Dog model only. Each time an attack targets the bearer, worsen the Armour Penetration characteristic of that attack by 1.||
QT|Putrid Carapace|000010308005|30|Lords of Dread|000001076|false|Blessed by Nurgle, the Chaos God of plague and despair, the hide of this Knight suit is thickened with steadily regenerating layers of rust and rotting blubber.|<span class="kwb">CHAOS</span> <span class="kwb">KNIGHTS</span> model only. The bearer has a Save characteristic of 2+. In addition, once per battle, at the start of either player’s Command phase, the bearer can use this Enhancement. If it does, the bearer regains up to D6 lost wounds.||
QT|Mirror of Fates|000010308006|30|Lords of Dread|000001076|false|Hammered into the flesh of a Fallen Noble’s forehead and allowed to take root, this warp crystal allows them to predict their enemy’s plans and exploit them.|<span class="kwb">CHAOS</span> <span class="kwb">KNIGHTS</span> model only. Once per turn, when your opponent targets a unit from their army within 12" of this model with a stratagem, you can use this ability. If you do, increase the CP cost of that use of that <b>stratagem</b> by 1CP.||
QT|Blessing of the Dark Master|000010308007|20|Lords of Dread|000001076|false|This pilot has won the favour of a sinister patron, granting them a measure of mysterious protection.|<span class="kwb">CHAOS</span> <span class="kwb">KNIGHTS</span> model only. The bearer has the Stealth ability. In addition, once per battle, after you make a saving throw for the bearer, you can change the Damage characteristic of that attack to 0.||
SM|Blackwing Shroud|000010466002|25|Shadowmark Talon|000001104|false|This mechanical device contains miniaturised refraction fields and electromagnetic interference projectors that distort sensory apparatus, enabling the bearer and their unit to evade detection and infiltrate key positions.|Adeptus Astartes Infantry model only. While the bearer is leading a unit, models in that unit have the Infiltrators ability.||
SM|Eye of the Hunter|000011107002|20|Veterans of the Fang|000001208|false|It is said of this warrior’s marksmanship that he could bring down a ghost in the midst of a blizzard from a thousand paces. Better still, he knows how best to guide his packmates with his expertise.|WOLF GUARD BATTLE LEADER model only. This unit’s ranged attacks have:<br><ul><li>[ASSAULT].</li><li>[IGNORES COVER].</li><li>+1 <b>AP</b>.</li></ul>||
SM|Champion of the Feast|000010460002|25|Emperor’s Shield|000001103|false|A victor in the Feast of Blades, this battle-brother is a master of close-quarters fighting.|<span class="kwb">ADEPTUS</span> <span class="kwb">ASTARTES</span> model only. Add 1 to the Attacks characteristic of the bearer’s melee weapons. Once per battle, at the start of any phase, the bearer can use this Enhancement. If it does, until the end of the phase, add 1 to the Attacks characteristic of melee weapons equipped by other models in the bearer’s unit as well.||
SM|Bellicose Weapon Spirits|000011117002|15|Fulguris Task Force|000001211|true|Entreated by veteran gunners, this skimmer’s potent weapons unleash their spirits’ wrath in bursts of excoriating destruction.|SPEEDER unit only. This unit can re-roll:<br><ul><li>Damage rolls.</li><li>Rolls to determine the <b>A</b> of a weapon.</li></ul>||
SM|Instinctive Interception|000011087002|10|Wrath of the Doomed|000001215|false|Proudly is Sanguinius remembered for his rapid intercession in the protection of his gene-sons. Driven on by deathly visions, this lost warrior is a tragic monument to such glory.|DEATH COMPANY model only. When you target this unit with the Heroic Intervention <b>stratagem</b>, that use is -1 <b>CP</b>.||
SM|Celerity|000009785002|35|Librarius Conclave|000000994|false|The powers of the Immaterium flow through the psyker, heightening his speed and that of his battle-brothers.|ADEPTUS ASTARTES PSYKER model only.<br><ul><li>When this unit is selected to make an advance move, that move does not prevent this unit from being eligible to declare a charge.</li><li>When this unit is selected to make a fall-back move, if this unit has the Biomancy Discipline ability, that move does not prevent this unit from being <b>eligible to declare a charge</b>.</li></ul>||
SM|Artificer Armour|000008353002|20|Gladius Task Force|000000750|false|Crafted by the Chapter’s finest artificers, this suit of armour provides superior protection.|<span class="kwb">ADEPTUS</span> <span class="kwb">ASTARTES</span> model only. The bearer has a Save characteristic of 2+ and the Feel No Pain 5+ ability.||
SM|Shroud of Heroes|000008771002|25|Unforgiven Task Force|000000834|false|Formed from the death shrouds of some of the Chapters greatest warriors, this robe inspires its wearer with the might and selflessness of those who came before.|<span class="kwb">ADEPTUS</span> <span class="kwb">ASTARTES</span> model only. (Once per battle, per army) When this model is destroyed, at the end of the phase, roll one D6:<br><ul><li>On a 2+, set up this model on the battlefield, unengaged and as close as possible to where it was <b>destroyed</b>. This model is not part of an attached unit and its unit has a starting strength of 1. This model has 3 wounds remaining, or its full wounds remaining if this model was battle-shocked when it was <b>destroyed</b>.</li></ul>||
SM|Calibanite Armaments|000009733002|15|Lion’s Blade Task Force|000000981|false|The eldest relic weapons of the Dark Angels trace their lineage to ancient Caliban and are wielded only by the greatest champions of the Unforgiven.|<span class="kwb">ADEPTUS</span> <span class="kwb">ASTARTES</span> model only. Add 1 to the Damage characteristic of the bearer’s melee weapons.||
SM|Petition of Stability|000011091002|15|Dark Age Arsenal|000001204|true|With the correct runic activation sequence – and whispered appeals to the plasma coils’ stability matrix – the effective reach of a weapon’s killing power can be extended.|<span class="kwb">ADEPTUS</span> <span class="kwb">ASTARTES</span> unit only. This unit’s <b>plasma</b> attacks have +6" <b>R</b>.||
SM|Champion of the Deathwing|000008774002|15|Inner Circle Task Force|000000835|false|Even amongst the elite of the Unforgiven, this warrior is a paragon of duty and martial might.|Deathwing model only. Melee weapons equipped by the bearer have the [lethal hits] ability, and each time the bearer makes a melee attack, if it is within range of your Vowed objective marker, a Critical Hit is scored on an unmodified Hit roll of 5+.||
SM|Benediction of Fury|000009843002|15|Wrathful Procession|000001006|false|Borne through a dozen bloody and hard-fought crusades, this crozius arcanum’s unique empathokinetic circuitry has absorbed the bellicosity and righteous wrath of every Chaplain who has ever wielded it. As a result, it now strikes with the force of a thunderbolt.|CHAPLAIN model only. This model’s melee attacks have [DEVASTATING WOUNDS].||
SM|Swift Hunter|000010261002|20|Saga of the Hunter|000001068|false|A seasoned hunter, this warrior knows well that speed and decisiveness can turn the tide of any battle.|Space Wolves model only. Models in the bearer’s unit have the Scouts 7" ability.||
SM|Target Augury Web|000008478002|30|Ironstorm Spearhead|000000794|false|This spearhead commander uses advanced augmetics to distribute targeting data. With these, they direct the fire of their war engine crews and rouse their machine spirits to operative superiority.|Techmarine model only. In your Command phase, select one Adeptus Astartes Vehicle model within 6" of the bearer. Until the start of your next Command phase, weapons equipped by that <span class="kwb">VEHICLE</span> model have the [LETHAL HITS] ability.||
SM|Braggart’s Steel|000010265002|20|Saga of the Bold|000001069|false|This weapon has graced the hand of many a champion and inspires in its bearers a brazen self-confidence.|Space Wolves model only. Add 2 to the Strength characteristic of melee weapons equipped by the bearer. If the bearer’s unit has achieved one or more Boasts, add 1 to the Damage characteristic of those weapons as well.||
SM|Wolf-touched|000010269002|15|Saga of the Beastslayer|000001070|false|Whilst the Canis Helix has yet to overcome this champion fully, it is stirred to life by the thrill of battle and the scent of blood.|SPACE WOLVES model only. Add 2" to the Move characteristic of the bearer.|<span class="kwb">LEADER:</span> <span class="tooltip" title="Keyword does not appear in that faction."><s class="kwbs">WULFEN</s></span>, <a class="kwbOne" href="/wh40k11ed/factions/space-marines/Wulfen-with-Storm-Shields"><span class="kwb kwbo">WULFEN</span> <span class="kwb kwbo">WITH</span> <span class="kwb kwbo">STORM</span> <span class="kwb kwbo">SHIELDS</span></a>|
SM|Incendiary Animus|000010392002|25|Companions of Vehemence|000001091|false|This inspirational warrior exudes fierce contempt and loathing for the Emperor’s foes, inciting such apoplectic revulsion in their battle-brothers as to drive their blows with vicious strength.|Chaplain or Judiciar model only. Improve the Armour Penetration characteristic of melee weapons equipped by models in the bearer’s unit by 1.||
SM|Imperialis of the Eternal Crusade|000010396002|15|Vindication Task Force|000001092|false|This gleaming finial is said to have once topped Terra’s holiest spire and been gifted by the third Ecclesiarch to the High Marshal. It radiates an imperious superiority, buffeting impure minds with bellicose neural suppression until those who mean the bearer ill are left staggering.|Ancient model only. Each time an enemy unit selects the bearer’s unit as a target of a charge, subtract 2 from the Charge roll (this is not cumulative with any olher negative modifiers to that Charge roll).||
SM|Angelic Executioner|000011083002|25|Encarmine Speartip|000001214|false|This deadly duellist leads his battle-brothers in masterful strikes capable of carving through their armoured or swarming foes with breathtaking fluidity|ADEPTUS ASTARTES JUMP PACK model only. When this unit is selected to fight, this unit’s melee attacks have:<br><ul><li>[LETHAL HITS].</li><li><u>Or:</u> [SUSTAINED HITS 1].</li></ul>||
SM|Blood Boil|000011079002|10|Legacy of Grace|000001213|false|This psyker bears some of the most esoteric gifts granted by the blood of his Primarch, and his empyric powers surge with a vital potency capable of boiling the foe’s essence in their veins.|ADEPTUS ASTARTES PSYKER model only. This model’s [PSYCHIC] attacks:<br><ul><li>Have <span class="kwb">[ANTI:</span> non-<span class="kwb">MONSTER</span>/<span class="kwb">VEHICLE</span> <span class="kwb">5+]</span>.</li><li>Can re-roll damage rolls.</li></ul>||
SM|Seal of Indomitability|000009255002|0|Terminator Assault|000000907|false|This ancient honour is said to fortify the machine spirit of a suit of Terminator plate against even the most dolorous of blows.|Once per battle, when the bearer’s unit is selected as the target of one or more attacks, it can use this Enhancement. If it does, until the end of the phase, the bearer has a 3+ invulnerable save.||
SM|A Giant Amongst Giants|000009851002|15|Champions of Fenris|000001008|false|Likened to a walking pinnacle of Fenrisian granite come to life, this hulking champion is an echo of Russ himself.|ADEPTUS ASTARTES INFANTRY model only.<br><ul><li>This model has +2 <b>W</b>.</li><li>This model’s melee attacks have +1 <b>S</b>.</li></ul>||
SM|Prescient Flash|000009835002|20|Angelic Inheritors|000001004|false|A flash of foresight and clarity sings through this warrior’s blood and guides his steps into battle.|<span class="kwb">ADEPTUS</span> <span class="kwb">ASTARTES</span> model only. Models in the bearer’s unit have the Scouts 6" ability.||
SM|Guiding Omens|000011072002|15|The Living Miracle|000001210|false|The holy visions which fill the mind of the Emperor’s Champion on the eve of battle are clear to those of unwavering faith: they tell of the foes he will strike down, of the pious deeds he must commit, and the paths to be bloodily carved in his merciless crusade, all in the God-Emperor’s name.|EMPEROR’S CHAMPION model only. At the start of the first battle round, you can select up to three of the following abilities. This model has those abilities until the end of the battle:<br><ul><li><b>Instrument of the God-Emperor (Once per battle, per army):</b> In the Fight phase, when this unit is selected to fight, if this unit is engaged with an enemy <span class="kwb">CHARACTER</span> unit, you can use this ability. If you do, this model’s melee attacks have [DEVASTATING WOUNDS].</li><li><b>Foreseen Paths of the Unholy:</b> This unit has -3" detection range.</li><li><b>Vision of Momentous Brutality:</b> This model’s melee attacks have +2 <b>A</b>.</li><li><b>Augury of Retribution:</b> Melee attacks that target this unit have [HAZARDOUS].</li><li><b>Omen of Sacred Intervention:</b> When you target this unit with the Heroic Intervention <b>stratagem</b>, that use is -1 CP.</li><li><b>Harbinger of Judgement:</b> When an enemy unit (excluding <span class="kwb">MONSTER</span>/<span class="kwb">VEHICLE</span> units) engaged with this model is selected to make a fall-back move, roll one D6:<br></ul><li>On a 2+, that enemy unit suffers D6 mortal wounds.</li></ul></li></ul>||
SM|Sanguinius’ Grace|000009186002|20|The Lost Brethren|000000900|false|As maddening hallucinatory memories of long-forgotten battles flash across this warriors mind, he is granted a sliver of the Primarchs combat prowess.|Death Company model only. Once per battle, at the end of the Fight phase, if the bearer is within Engagement Range of three or more enemy models, the bearer can fight one additional time.||
SM|Artisan of War|000009190002|20|The Angelic Host|000000901|false|This warrior is a true artist both on and off the battlefield. His talents are reflected in the exquisite workmanship of his wargear, for he insists upon personally crafting his weapons of war.|Adeptus Astartes Jump Pack model only. Improve the Armour Penetration characteristic of the bearers weapons by 1, and the bearer has a Save characteristic of 2+.||
SM|Speed of the Primarch|000008376002|25|Liberator Assault Group|000000758|false|Such is this warriors rage-fuelled speed, it is as if the Primarch himself fights alongside his sons.|Adeptus Astartes model only. Once per battle, at the start of the Fight phase, the bearer can use this Enhancement. If it does, until the end of the phase, models in the bearer’s unit have the Fights First ability.||
SM|The Imperium’s Sword|000008494002|25|1st Company Task Force|000000798|false|This hero and the veterans they lead cut down their foes like a reaping whirlwind.|<span class="kwb">ADEPTUS</span> <span class="kwb">ASTARTES</span> model only. Add 1 to the Attacks characteristic of the bearers melee weapons. Once per battle, at the start of any phase, the bearer can use this Enhancement. If it does, until the end of the phase, add 1 to the Attacks characteristic of melee weapons equipped by all other models in the bearer’s unit as well.||
SM|Champion of Humanity|000008482002|10|Firestorm Assault Force|000000795|false|This commander and their warriors have vowed to secure victory and defend the Imperium from the horrors of the galaxy.|TACTICUS model only. While the bearer is leading a unit, models in that unit can ignore any or all modifiers to their characteristics and/or to any roll or test made for them (excluding modifiers to saving throws).||
SM|Paragon of Fury|000010400002|25|Godhammer Assault Force|000001093|false|This crusaders hatred for the heretic and the unbeliever burns with the fury of a newborn star.|<span class="kwb">ADEPTUS</span> <span class="kwb">ASTARTES</span> model only. Add 2 to the Strength characteristic of melee weapons equipped by the bearer. Each time a melee attack made by the bearer is allocated to an enemy model, if the bearer disembarked from a Transport this turn, add 1 to the Damage characteristic of that attack.||
SM|The Blade Driven Deep|000008490002|25|Vanguard Spearhead|000000797|false|This battlefield stalker slips through enemy territory like a spectre, leading their warriors in daring behind-enemy-lines operations.|ADEPTUS ASTARTES INFANTRY model only. While the bearer is leading a unit, models in that unit have the Infiltrators ability.||
SM|Thief of Secrets|000008522002|25|Black Spear Task Force|000000808|false|The Thief of Secrets is a blade whose machine spirit has an unquenchable thirst for knowledge. It has tasted the vitae of countless alien races, absorbing those liquids through auto-sanctified sanguinator-channels and codifying them through the honeycombed array of logicum cells within. The biological secrets of many xenos races have thus been laid bare, allowing the blade’s user to modulate its power field, the better to slice through chitinous armour, rupture xenoform organs and burn out alien nervous systems.|<span class="kwb">ADEPTUS</span> <span class="kwb">ASTARTES</span> model only. Improve the Strength, Damage and Armour Penetration characteristics of the bearer’s melee weapons by 1. At the end of the Fight phase, if one or more enemy models were destroyed as a result of a melee attack made by the bearer this phase, until the end of the battle, improve the Strength, Damage and Armour Penetration characteristics of the bearer’s melee weapons by 2 instead.||
SM|Laurels of Thunder|000010680002|15|Orbital Assault Force|000001131|false|This honour is awarded to those Space Marine officers who display greatest vigour during orbital drops.|<span class="kwb">ADEPTUS</span> <span class="kwb">ASTARTES</span> model only. You can re-roll Charge rolls made for the bearer’s unit in a turn in which it was set up on the battlefield.||
SM|Tempered in Battle (Aura)|000010155002|10|Wrath of the Rock|000001059|false|A veteran of the Inner Circle, this warrior inspires those around them to hold the line amidst the heat and chaos of battle.|<span class="kwb">ADEPTUS</span> <span class="kwb">ASTARTES</span> model only. While a friendly <span class="kwb">ADEPTUS</span> <span class="kwb">ASTARTES</span> unit is within 6" of this model, you can re-roll Battle-shock and Leadership tests taken for that unit.||
SM|Thundercowl Turbines|000011095002|15|Darkflight Pursuit|000001205|true|These master-wrought engines from the Dark Age of Technology churn the gloom emanated by the Ravenwing’s reliquaries into a billowing cawl that shrouds their advance, allowing them to strike when the foe least expects.|RAVENWING FLY unit only. In your first Movement phase, this unit can make an ingress move.||
SM|Limitless Zeal|000011099002|10|Interrogation Conclave|000001206|false|This Interrogator-Chaplain is restless and dynamic, not only in his pursuit of enemies but also when eliciting their screamed confessions.|CHAPLAIN model only. This unit has +1 to charge rolls.||
SM|Fervent Exemplars|000011075002|10|Marshal’s Household|000001209|true|Paragons of their crusade’s inexorable wrath, these Sword Brethren have earned a reputation for carving a path to victory through their foes, unable to rest while one enemy yet lives.|SWORD BRETHREN SQUAD unit only. This unit has +1 to charge rolls.||
SM|Immolator|000010368002|10|Forgefather’s Seekers|000001086|false|Steeped in the Promethean Cult, this battle-brother wields the flamer with unparalleled mastery, turning the battlefield into a burning pyre for the corpses of his foes.|<span class="kwb">ADEPTUS</span> <span class="kwb">ASTARTES</span> model only. Add 1 to the Attacks characteristics of Torrent weapons equipped by models in the bearer’s unit.||
SM|Spiritus Ferrum|000010623002|25|Hammer of Avernii|000001118|false|This ancient augmetic empowers its bearer – and in extremis even their comrades – with the fury of the motive force.|<span class="kwb">ADEPTUS</span> <span class="kwb">ASTARTES</span> model only. Add 1 to the Attacks characteristic of the bearer’s melee weapons. Once per battle, at the start of any phase, the bearer can use this Enhancement. If it does, until the end of the phase, add 1 to the Attacks characteristic of melee weapons equipped by all other models in the bearer’s unit as well.||
SM|Spearpoint Paragon|000010629002|25|Spearpoint Task Force|000001119|false|Decades of service within the White Scars First Company have helped this superlative warrior master the violent arts of high-speed combat.|<span class="kwb">ADEPTUS</span> <span class="kwb">ASTARTES</span> model only. Improve the Strength and Armour Penetration characteristics of the bearer’s melee weapons by 1. Each time the bearer ends a Charge move, until the end of the turn, improve the Strength and Armour Penetration characteristics of the bearer’s melee weapons by 2 instead.||
SM|Armour of Antoninus|000010633002|20|Blade of Ultramar|000001120|false|Originally worn by a storied Captain of the Ultramarines’ First Company, this artificer armour is bestowed by the Chapter Master himself upon a worthy wearer.|<span class="kwb">ADEPTUS</span> <span class="kwb">ASTARTES</span> model only. The bearer has a Save characteristic of 2+ and the Feel No Pain 5+ ability.||
SM|Indomitable Fury|000008474002|20|Anvil Siege Force|000000793|false|This hero refuses to yield whilst foes remain, fighting back from the brink of death like a vengeful demigod.|GRAVIS model only. The first time the bearer is destroyed, roll one D6 at the end of the phase. On a 2+, set the bearer back up on the battlefield, as close as possible to where it was destroyed and not within Engagement Range of any enemy units, with its full wounds remaining.||
SM|Omni-Structural Auspex|000009248002|0|Pilum Strike Team|000000906|false|A rare device with a potent and knowledgeable machine spirit, this implement analyses the integrity of foes’ armour and isolates weaknesses to exploit.|In your Shooting phase, after the bearer has shot, select one enemy unit hit by one or more of those attacks. Until the end of the phase, each time a friendly <span class="kwb">ADEPTUS</span> <span class="kwb">ASTARTES</span> model (excluding Character models) makes an attack that targets that unit, improve the Armour Penetration characteristic of that attack by 1.||
SM|Avenging Angel|000011113002|20|Vengeful Hosts|000001221|false|Descending on wings of fire, this warrior spreads terror of Imperial vengeance through the ranks of the foe.|ADEPTUS ASTARTES FLY INFANTRY model only. When this unit ends an ingress move, select up to one enemy unit within 9" of this unit. That enemy unit makes a battle-shock roll, with -1 to that <b>battle-shock roll</b>.||
SM|Honour Indefatigable|000010759002|25|Ceramite Sentinels|000001146|false|This rare honour badge celebrates a warrior who refuses to give up, even in the face of apparently certain death.|Gravis model only. The first time the bearer is destroyed, roll one D6 at the end of the phase. On a 2+, set the bearer back up on the battlefield, as close as possible to where it was destroyed and not within Engagement Range of any enemy units, with its full wounds remaining.||
SM|Liberator|000010779002|15|Armoured Speartip|000001147|false|A dauntless conqueror and liberator of worlds, this intimidating champion inspires confidence in their battle-brothers and abject fear in the enemy.|<span class="kwb">ADEPTUS</span> <span class="kwb">ASTARTES</span> model only. If you control an objective marker at the end of your Command phase, and the bearer’s unit (or any Heavy Transport it is embarked within) is within range of that objective marker, that objective marker remains under your control until your opponent’s Level of Control over that objective marker is greater than yours at the end of a phase.||
SM|Redoubtable Machine Spirit|000010783002|25|Headhunter Task Force|000001148|false|This ancient war machine has endured millennia of battle, and its belligerent machine spirit has only become more obdurant.|<span class="kwb">ADEPTUS</span> <span class="kwb">ASTARTES</span> <span class="kwb">VEHICLE</span> model only. The bearer has a 5+ invulnerable save and, at the end of your Command phase, the bearer regains 1 lost wound.||
SM|Adamantine Mantle|000009240002|0|Boarding Strike|000000905|false|Bestowed as a mark of honour, this venerated relic lends an extra layer of armour protection that proves especially useful amidst vicious void war.|Each time an attack is allocated to the bearer, subtract 1 from the Damage characteristic of that attack.||
SM|Fury of the Storm|000008486002|25|Stormlance Task Force|000000796|false|This aggressive warrior channels their eagerness to kill into each and every strike. They hit the enemy’s lines with all the ferocity of a raging tempest.|ADEPTUS ASTARTES MOUNTED model only. Improve the Strength and Armour Penetration characteristics of the bearer’s melee weapons by 1. Each time the bearer ends a Charge move, until the end of the turn, improve the Strength and Armour Penetration characteristics of the bearers melee weapons by 2 instead.||
SM|Carmine Reliquary|000010645002|30|Rage-cursed Onslaught|000001123|false|This armoured casket contains the skull of a beloved Blood Angels Captain lost to the Black Rage. It is a potent talisman of unfaltering aggression.|Chaplain model only. Models in the bearer’s unit have the Scouts 6" ability. Each time you take a Battle-shock test for an <span class="kwb">ADEPTUS</span> <span class="kwb">ASTARTES</span> unit within 6" of the bearer, you can re-roll the result.||
SM|Grimnar’s Mark|000010660002|20|Saga of the Great Wolf|000001126|false|This moonsilver wolf-talisman is bestowed by the Great Wolf himself before battle, a mark of favour that fills the bearer with an eagerness to slay the foe.|Adeptus Astartes Terminator Captain model only. Once per battle round, from the second battle round onwards, you can target the bearer’s unit with the Rapid Ingress or Heroic Intervention Stratagem for 0CP, and can do so even if you have already targeted a different unit with that Stratagem this turn.<br><br>In the Declare Battle Formations step, the bearer can be attached to a Wolf Guard Terminators unit.|<span class="kwb">LEADER:</span> <span class="tooltip" title="Keyword does not appear in that faction."><s class="kwbs">WOLF GUARD TERMINATORS</s></span>|
SM|Eye of the Primarch|000010676002|10|Bastion Task Force|000001130|false|This master crafted microauspex integrates with the bearer’s auto-senses and feeds superior targeting data to them and their squad.|<span class="kwb">ADEPTUS</span> <span class="kwb">ASTARTES</span> model only. Ranged weapons equipped by the bearer and Battleline models in the bearer’s unit have the [PRECISION] ability.||
SM|Speartip of the Chapter|000010727002|0|Shield of the Void|000001139|false|A veteran of countless boarding strikes, this warrior leads their battle-brothers in a vanguard breach that drives into the foe's heart.|At the start of the first battle round, the bearer’s unit and up to one other friendly unit within the same Entry Zone can each make a Normal move of up to 6".||
SM|Master-crafted Weapon|000008778002|10|Company of Hunters|000000836|false|Those who command the Ravenwing on their hunts are often honoured with a masterwork blade, mace or other deadly close-quarters weapon. Such implements are fashioned by the Chapters artificers and weighted perfectly to be wielded from the saddle of a speeding armoured steed.|Ravenwing model only. Melee weapons equipped by the bearer have the [PRECISION] ability.||
SM|Shroud Field|000011121002|20|Subversion Assets|000001212|false|This camouflaging field projector employs a chameleonic twisting of emissions whose secrets the Techmarines cannot reproduce. It mantles its bearer as if with a spectral shroud and masks his approach to his doomed target.|PHOBOS model only. This model has:<br><ul><li>Lone Operative.</li><li>Stealth.</li></ul>||
SM|Seals of Reconquest|000010684002|20|Reclamation Force|000001132|false|These precious seals are manufactured on Konor, and contain micro shield generators that – while swift to exhaust their charge – help to safeguard battle-brothers while they fulfil their oaths of duty.|<span class="kwb">ADEPTUS</span> <span class="kwb">ASTARTES</span> model only. Models in the bearer’s unit have a 5+ invulnerable save.||
SM|Thirst For Glory|000011103002|15|Legends of Saga and Song|000001207|true|A position amongst the Wolf Guard offers a Space Wolf the chance for immortal glory, leading the onslaught and claiming the most vital prizes amidst the hottest fires of battle.|ADEPTUS ASTARTES TERMINATOR model only. This unit has +1 <b>OC</b>.||
SM|Coronal Susurrant|000010466003|30|Shadowmark Talon|000001104|false|This wreath of circuitry from the Dark Age of Technology forces a whispering white noise into enemy minds and broadcasts.|PHOBOS model only. The bearer has the following ability:<br><br><b>Lord of Deceit (Aura):</b> Once per turn, when your opponent targets a unit from their army within 12" of this model with a stratagem, you can use this ability. If you do increase the CP cost of that use of that stratagem by 1CP.||
SM|Disciple of Rhetoricus|000010460003|10|Emperor’s Shield|000001103|false|This battle-brother is well versed in the Book of the Five Spheres, drawing upon the teachings of that ancient treatise to command with clarity and purpose.|Adeptus Astartes Terminator model only. Improve the Objective Control characteristic of the bearer by 1. Once per battle, at the start of any phase, the bearer can use this Enhancement. If it does, until the end of the phase, add 1 to the Objective Control characteristic of other models in the bearer’s unit as well.||
SM|On the Archtraitor's Bridge|000011087003|20|Wrath of the Doomed|000001215|false|Lost to a memory shard of the Primarch, in this warrior’s mind, he has entered the Archtraitor’s sanctum, and all that stands between him and Horus is a host of massing traitors.|DEATH COMPANY model only. This model’s melee attacks have +2 <b>A</b>.||
SM|Castellum Omnivox|000010759003|20|Ceramite Sentinels|000001146|false|This unique vox-and-augur augmetic provides the bearer with unparalleled tactical data vital to coordinating an aggressive defence in battle.|<span class="kwb">ADEPTUS</span> <span class="kwb">ASTARTES</span> model only. Each time the bearer’s unit makes a Fall Back move, select one of the following to apply to that unit until the end of the turn:<br><ul><li>That unit is eligible to perform an Action in a turn in which it Fell Back.</li><li>That unit is eligible to shoot and declare a charge in a turn in which it Fell Back.</li></ul>||
SM|Rage-fuelled Warrior|000008376003|35|Liberator Assault Group|000000758|false|Fury burns in this warrior's soul. A single moment of savage brutality stands between them and the maddening embrace of the Black Rage.|Adeptus Astartes model only. Once per battle, at the start of the Fight phase, the bearer can use this Enhancement. If it does, until the end of the phase, the bearers melee weapons have the [sustained hits 3] ability.||
SM|Tip of the Spear|000010779003|40|Armoured Speartip|000001147|false|This aggressive front-line commander knows the value of speed and decisive manoeuvre.|<span class="kwb">ADEPTUS</span> <span class="kwb">ASTARTES</span> model only. If the bearer starts the battle embarked within a Transport, that <span class="kwb">TRANSPORT</span> has the Scouts 6" ability.||
SM|War-tempered Artifice|000010368003|25|Forgefather’s Seekers|000001086|false|Having laboured long in the Chapter’s forges, this warrior smith has crafted his personal armaments. Each weapon is a masterwork tool of death-dealing, wrought with care and strength, and embellished with the icons of their maker’s brotherhood.|<span class="kwb">ADEPTUS</span> <span class="kwb">ASTARTES</span> <span class="kwb">INFANTRY</span> model only. Add 3 to the Strength characteristic of the bearer’s melee weapons.||
SM|Gunnery Honours|000010783003|20|Headhunter Task Force|000001148|false|The crew of this war machine demonstrate exemplary gunnery and have earned the highest honours for their craft.|<span class="kwb">ADEPTUS</span> <span class="kwb">ASTARTES</span> <span class="kwb">VEHICLE</span> model only. Once per phase, you can re-roll one Hit roll, one Wound roll and one Damage roll for the bearer.||
SM|Resolute|000009255003|0|Terminator Assault|000000907|false|Allowing nothing to bar his path, this champion of the Chapter ploughs a bloody path through the foe.|The bearer is eligible to declare a charge in a turn in which it Fell Back. In addition, Desperate Escape tests taken for the bearer are automatically passed, and each time the bearer makes a Fall Back move, it can move through enemy models as if they were not there.||
SM|Ancient Weapons|000010155003|25|Wrath of the Rock|000001059|false|The vaults of the Dark Angels contain many relics from Humanity’s distant past. This soldier has been granted the honour of bearing such a weapon to battle.|<span class="kwb">ADEPTUS</span> <span class="kwb">ASTARTES</span> model only. Improve the Strength characteristic of melee weapons equipped by the bearer by 2, and improve the Armour Penetration and Damage characteristics of those weapons by 1.||
SM|Eye of the Unseen|000008774003|10|Inner Circle Task Force|000000835|false|It is said that no secret can escape the gaze of this ocular augmetic, which belonged first to the feared Interrogator-Chaplain Enoch.|Deathwing model only. Each time you target the bearer’s unit with a Stratagem, roll one D6, adding 1 if the bearer is within range of your Vowed objective marker: on a 5+, you gain 1CP||
SM|Stormseers’ Wisdom|000010629003|15|Spearpoint Task Force|000001119|false|The Chapter’s Librarians have made this champion privy to omens of great threats in future wars. Armed with this knowledge, they lead their warriors to war with a boldness that some mistake for recklessness.|<span class="kwb">ADEPTUS</span> <span class="kwb">ASTARTES</span> model only. While the bearer is leading a unit, you can re-roll Advance rolls made for that unit.||
SM|Inescapable Interrogation|000011099003|20|Interrogation Conclave|000001206|false|Whatever physical obfuscation the enemy hides behind mirrors only the lies shrouding their souls. This experienced Chaplain is deceived by neither.|CHAPLAIN model only. This unit’s ranged attacks have [IGNORES COVER].||
SM|Troubling Visions|000009835003|15|Angelic Inheritors|000001004|false|In the long run, these strange and intrusive visions of bloodshed bode terribly ill for this champion of the Blood Angels. In this instance, though, they bring him closer than ever to the glory of his gene-sire.|<span class="kwb">ADEPTUS</span> <span class="kwb">ASTARTES</span> model only. Once per battle, in your Command phase, the bearer can use this Enhancement. When it does, until the start of your next Command phase, all Angelic Legacy abilities are active for the bearer’s unit, instead of only two of them.||
SM|Portents of Wisdom|000008486003|15|Stormlance Task Force|000000796|false|This warrior has been made privy to omens of great threats in the wars to come. Armed with this knowledge, they and their battle-brothers enter battle with a boldness that some mistake for recklessness.|<span class="kwb">ADEPTUS</span> <span class="kwb">ASTARTES</span> model only. While the bearer is leading a unit, you can re-roll Advance rolls made for that unit.||
SM|Fear Made Manifest (Aura)|000008494003|30|1st Company Task Force|000000798|false|This warrior personifies the Emperor’s wrath.|<span class="kwb">ADEPTUS</span> <span class="kwb">ASTARTES</span> model only. While an enemy unit (excluding <span class="kwb">MONSTERS</span> and <span class="kwb">VEHICLES</span>) is within 6" of the bearer, each time that unit fails a Battle-shock test, one model in that unit is destroyed (chosen by its controlling player). Once per battle, when such an enemy unit fails a Battle-shock test, you can choose for D3 models in that unit to be destroyed in this way instead.||
SM|Ghostweave Cloak|000008490003|15|Vanguard Spearhead|000000797|false|Hand-stitched by blinded servitors and anointed with distilled blood, this cloak contains strands of mnemothread. It throws up a field of techno-spiritual dissonance that veils its wearer from sight and sensors, allowing them to slip across the battlefield like a wraith.|<span class="kwb">ADEPTUS</span> <span class="kwb">ASTARTES</span> model only. The bearer has the Stealth and Lone Operative abilities.||
SM|Master of the Red Thirst|000010645003|25|Rage-cursed Onslaught|000001123|false|Long practice has allowed this champion to gain a modicum of focus and control over their Red Thirst – wisdom they pass on in the heat of battle.|<span class="kwb">ADEPTUS</span> <span class="kwb">ASTARTES</span> model only. Once per battle, at the start of the Fight phase, the bearer can use this Enhancement. If it does, until the end of the phase, models in the bearer’s unit have the Fights First ability.||
SM|Stubborn Tenacity|000008771003|15|Unforgiven Task Force|000000834|false|Even for a Chapter as famously stubborn as the Dark Angels, this warrior is known for their intractable nature.|<span class="kwb">ADEPTUS</span> <span class="kwb">ASTARTES</span> model only. While the bearer is leading a unit, each time a model in that unit makes an attack, add 1 to the Hit roll if that unit is below its Starting Strength, and add 1 to the Wound roll as well if that unit is Battle-shocked and below its Starting Strength.||
SM|Battle-psalm Precentor|000010400003|10|Godhammer Assault Force|000001093|false|The chanted oratory of this commander rises in volume and stentorian vehemence as he leads his brothers into the charge until he seems like a wrathful war deity closing with his ungodly prey.|<span class="kwb">ADEPTUS</span> <span class="kwb">ASTARTES</span> model only. Each time the bearer’s unit declares a charge, if an enemy unit takes a Battle-shock test as a result of the Shock and Awe Detachment rule, subtract 1 from that Battle-shock test.||
SM|Medusan Roar (Aura)|000010623003|30|Hammer of Avernii|000001118|false|Mounted in the warrior’s gorget, this device amplifies their battle cries into terrifying sonic shock waves.|<span class="kwb">ADEPTUS</span> <span class="kwb">ASTARTES</span> model only. While an enemy unit (excluding <span class="kwb">MONSTERS</span> and <span class="kwb">VEHICLES</span>) is within 6" of the bearer, each time that unit fails a Battle-shock test, one model in that unit is destroyed (chosen by its controlling player). Once per battle, when such an enemy unit fails a Battle-shock test, you can choose for D3 models in that unit to be destroyed in this way instead.||
SM|Hero of the Chapter|000010676003|20|Bastion Task Force|000001130|false|A storied and inspirational exemplar of their Chapter’s virtues, this war leader is an inspirational presence amongst the ranks of their battle-brothers.|<span class="kwb">ADEPTUS</span> <span class="kwb">ASTARTES</span> model only. While the bearer is leading a unit, the bearer has the Battleline keyword.||
SM|Oath of Macragge|000010633003|15|Blade of Ultramar|000001120|false|Amongst the most solemn and binding oaths an Ultramarine can swear, it is a rare honour to enter battle with these words affixed to their armour.|<span class="kwb">ADEPTUS</span> <span class="kwb">ASTARTES</span> model only. Add 1 to the Attacks and Strength characteristics of the bearer’s melee weapons. While the bearer is under the effects of the Assault Doctrine, add 2 to the Attacks and Strength characteristics of the bearer’s melee weapons instead.||
SM|Veteran of the Vanguard|000010680003|20|Orbital Assault Force|000001131|false|Long experience leading Phobos-armoured vanguard strikes has taught this warrior many lessons about swift and stealthy attacks.|<span class="kwb">ADEPTUS</span> <span class="kwb">ASTARTES</span> model only. Models in the bearer’s unit have the Scouts 6" ability.||
SM|Nightforged Battery|000011095003|15|Darkflight Pursuit|000001205|true|Use of these relic plasma storm batteries is granted only by dispensation of the Master of the Rock. They unleash devastating toroids of searing plasma, while their venting subsystems are known to be especially vigilant.|LAND SPEEDER VENGEANCE unit only. This unit can re-roll:<br><ul><li>Rolls to determine the <b>A</b> of a weapon.</li><li>Hazard rolls.</li></ul>||
SM|Oathbound Exemplar|000010392003|15|Companions of Vehemence|000001091|false|With a ceaseless and booming oratory, this commander exhorts his warriors in their duty to the Emperor. Honour, he declaims, must be pursued relentlessly.|<span class="kwb">ADEPTUS</span> <span class="kwb">ASTARTES</span> <span class="kwb">INFANTRY</span> model only. Add 1 to Advance rolls made for the bearer’s unit. If the mission pack you are playing features Actions, the bearer’s unit is eligible to start to perform an Action in a turn in which it Advanced.||
SM|The Honour Vehement|000008353003|15|Gladius Task Force|000000750|false|This stanza is inscribed on thrice-blessed parchment and affixed to its bearers’ wargear with a purity seal, there to inspire them to heroic acts of martial prowess.|<span class="kwb">ADEPTUS</span> <span class="kwb">ASTARTES</span> model only. Add 1 to the Attacks and Strength characteristics of the bearer’s melee weapons. While the bearer is under the effects of the Assault Doctrine, add 2 to the Attacks and Strength characteristics of the bearers melee weapons instead.||
SM|Lord of the Hunt|000009733003|15|Lion’s Blade Task Force|000000981|false|This veteran of the Ravenwing has spent mortal lifetimes in the saddle, leading mechanised cavalry to battle on countless worlds.|Ravenwing model only. The bearer’s unit is eligible to shoot and declare a charge in a turn in which it Fell Back and you can re-roll Desperate Escape tests taken for models in the bearer’s unit.||
SM|Consecrating Aura|000010396003|25|Vindication Task Force|000001092|false|The piety and honour of this warrior can be felt wherever he fights. His presence rouses the ardent souls of the Black Templars, warding Sigismund’s heirs from the blasphemy of the unbeliever.|<span class="kwb">ADEPTUS</span> <span class="kwb">ASTARTES</span> model only. Models in the bearer’s unit have a 5+ invulnerable save.||
SM|Avenging Avatar (Aura)|000010684003|10|Reclamation Force|000001132|false|Eyes alight with determination and vengeful fury, this champion of the Chapter seems almost to cast the dread shadow of the Primarch himself across his quailing foes.|<span class="kwb">ADEPTUS</span> <span class="kwb">ASTARTES</span> model only. In the Battle-shock step of your opponent’s Command phase, if an enemy unit that is below its Starting Strength is within 9" of the bearer, that enemy unit must take a Battle-shock test.||
SM|Osseus Key|000008522003|15|Black Spear Task Force|000000808|false|The ancient clavis known as the Osseus Key is said to be the most powerful of its kind. Where other such devices are made from sanctified platinum, the Osseus Key is made from the hand and finger bones of deceased Imperial Fists heroes that fought in the Horus Heresy, scrimshawed with inhuman care and imbued with the fiercest machine spirits of the age. No portal can bar its bearer from entry, and no xenos machine can stand before his wrath.|Watch Master or Techmarine model only. At the start of your opponent’s Shooting phase, select one enemy <span class="kwb">VEHICLE</span> unit (excluding <span class="kwb">TITANIC</span> units) within 12" of and visible to the bearer. That unit must take a Leadership test. If that test is passed, until the end of the phase, each time a model in that unit makes an attack, subtract 1 from the Hit roll; if that test is failed, that unit is not eligible to shoot this phase.||
SM|Aureole of the Angel|000011079003|20|Legacy of Grace|000001213|false|An echo of Sanguinius’ magnificence, this gilded halo casts an aura of shimmering and distorted energy spectra that thwarts attempts to pinpoint the bearer’s position.|<span class="kwb">ADEPTUS</span> <span class="kwb">ASTARTES</span> model only. This unit has -3" detection range.||
SM|Void Warrior|000009248003|0|Pilum Strike Team|000000906|false|Having mastered the arts of shipboard warfare over many battles, this warrior moves swiftly through them and strikes with unerring skill.|You can re-roll Advance and Charge rolls made for the bearer. In addition, the bearer is eligible to declare a charge in a turn in which it Advanced.||
SM|Clavitine Reliquary|000009240003|0|Boarding Strike|000000905|false|A timeless and unique example of Chapter artifice, this device rapidly synchronises with the data spirits of locking devices and renders them quiescent.|In your Movement phase, each time the bearer is selected to make a Normal or Advance move, if it is within 1" of a Hatchway, it can attempt to operate that Hatchway. If it does, it cannot attempt to operate a Hatchway again this turn.||
SM|Skjald|000010265003|15|Saga of the Bold|000001069|false|This warrior is well-versed in the Chapters saga, drawing inspiration and invaluable teachings from their retelling.|<span class="kwb">ADEPTUS</span> <span class="kwb">ASTARTES</span> model only. Each time a Space Wolves Character unit from your army achieves a Boast, if the bearer is on the battlefield, you gain 1CP.||
SM|Fierce Example|000011103003|25|Legends of Saga and Song|000001207|true|The Wolf Guard shrug off the worst their foes can hurl at them, sure in the knowledge that their example will inspire their packmates to even greater efforts.|WOLF GUARD TERMINATORS unit only. This unit has +1 <b>T</b>.||
SM|Visage of Death|000009190003|15|The Angelic Host|000000901|false|This exquisitely crafted death mask is a thing of dark beauty to the Blood Angels, and a sign of impending doom to their enemies. A neural amplifier embedded within the expressionless face of this macabre item serves to magnify the aura of fear it projects.|Adeptus Astartes Jump Pack model only. In the Battle-shock step of your opponents Command phase, each enemy unit (excluding <span class="kwb">MONSTERS</span> and <span class="kwb">VEHICLES</span>) within Engagement Range of the bearer must take a Battle-shock test.||
SM|Howlmaw|000010660003|15|Saga of the Great Wolf|000001126|false|An ancient hunting horn with a built-in vox amplification unit, this relic’s stirring howl can be heard even through the wild clangour of battle.|Wolf priest model only. At the start of the Fight phase, you can select one enemy unit within 6" of the bearer. That unit must take a Battle-shock, subtracting 1 from the result.||
SM|Blood Shard|000009186003|25|The Lost Brethren|000000900|false|Spiritual energy flows from this crimson gem, filling its bearer with a ferocious desire to tear their foes limb from limb. Those infused with its energies may fight on despite suffering seemingly mortal wounds.|Death Company model only. The first time the bearer is destroyed, at the end of the phase, roll one D6: on a 2+, set the bearer back up on the battlefield as close as possible to where it was destroyed and not within Engagement Range of any enemy units, with 3 wounds remaining.||
SM|Orksbane|000011113003|20|Vengeful Hosts|000001221|false|The machine spirit of this ancient relic weapon is said to hate Orks with a vehemence that kills them on contact.|ADEPTUS ASTARTES FLY INFANTRY model only. This model has the following weapon:||
SM|Shadow of Abomination|000011083003|25|Encarmine Speartip|000001214|false|Granted a glimmer of foresight by his genetic inheritance, this Son of Sanguinius has identified a foe whose future is drenched in the blood of the Imperium. Such an enemy cannot be allowed to live.|ADEPTUS ASTARTES JUMP PACK model only. (Once per battle, per army) When this unit is selected to fight you can use this ability. If you do, this model’s melee attacks have +1 <b>D</b>.||
SM|Fleet Commander|000008474003|15|Anvil Siege Force|000000793|false|The Chapter’s orbiting warships stand ready to unleash devastation at this leader’s command.|CAPTAIN model only. Once per battle, at the start of your Shooting phase, you can select one point on the battlefield and place a marker on that point. At the start of your next Shooting phase, place another marker on the battlefield within 12" of the centre of the first marker, then draw a straight line between the centre of each of these markers. Roll one D6 for each unit that line passes over or through: on a 3+, that unit suffers D3 mortal wounds. Both markers are then removed.||
SM|War-tempered Artifice|000008482003|25|Firestorm Assault Force|000000795|false|Having laboured long in the Chapter’s forges, this warrior-smith has crafted his personal armaments. Each weapon is a masterwork tool of death-dealing, wrought with care and strength, and embellished with the icons of their maker’s brotherhood.|ADEPTUS ASTARTES INFANTRY model only. Add 3 to the Strength characteristic of the bearer’s melee weapons.||
SM|Adaptable Executioner|000009843003|20|Wrathful Procession|000001006|false|No blasphemous tyrant is safe from this zealot's wrath, no matter the numbers or the qualities of the deluded guardians they throw in his path.|EXECRATOR model only. When this unit is selected to fight, this model’s melee attacks have:<br><ul><li>[CLEAVE 1].</li><li>Or: [PRECISION].</li></ul>||
SM|Tolorek Data Djinn|000010727003|0|Shield of the Void|000001139|false|Gifted by the Tech-Priests of Tolorek for the cleansing of Ultramar, this powerful cyberspirit uses brute force technoscreed when entreated to overwhelm the systems of enemy ships, conquering them and yoking their protocols to the bearer's will.|In your Command phase, select one objective marker that you control and is within range of the bearer. Roll one D6: on a 2+, that objective marker is Secured by your army.||
SM|Mounted Strategist|000008778003|30|Company of Hunters|000000836|false|This warrior has mastered the art of such advanced ploys as feigning flight only to turn swiftly upon overextended foes and launch a devastating counter-offensive to shatter their lines.|Ravenwing model only. You can re-roll Advance and Charge rolls made for the bearer’s unit.||
SM|Entreaty of Perpetual Ardour|000011091003|15|Dark Age Arsenal|000001204|true|By stoking the spirits of their weapons, these Hellblasters keep their blazing ire in seething readiness to intercept the enemy’s every treacherous act.|HELLBLASTER SQUAD only. This unit’s snap shooting attacks hit on unmodified hit rolls of 5+.||
SM|Prescience|000009785003|20|Librarius Conclave|000000994|false|Those who specialise in prognostication may foresee the flow of battle and position their allies accordingly.|ADEPTUS ASTARTES PSYKER model only (excluding TERMINATOR models). (Once per turn per unit) In your opponent’s Movement phase, when an enemy unit ends a move within 8" of this unit, if this unit is unengaged, this unit can make a normal move of:<br><ul><li>Up to D6".</li><li><u>Or:</u> If this unit has the Divination Discipline ability, up to 6".</li></ul>||
SM|Inheritors of Sigismund|000011075003|15|Marshal’s Household|000001209|true|These warrior elites have achieved feats of bloody slaughter against the most deadly of the God-Emperor’s foes, executing them in displays of such blisteringly swift attacks that it is clear they share a sliver of Sigismund’s own skill.|SWORD BRETHREN SQUAD unit only. This unit has Fights First.||
SM|Preyslayer|000009851003|15|Champions of Fenris|000001008|false|Possessed of a ferocious predatory instinct, this warrior leads swift and deadly encirclements and ambushes with peerless skill.|ADEPTUS ASTARTES INFANTRY model only. This unit can re-roll advance rolls and <b>countercharge rolls</b>.||
SM|Weaver of Sagas|000011107003|15|Veterans of the Fang|000001208|false|Bellowing inspirational sagas of the Space Wolves’ great deeds, this  Wolf Priest inspires his fellows to newfound fortitude, none more so than the steel-nerved Grey Hunters.|WOLF PRIEST model only. (Once per battle-round, per army) In your Movement phase, at the start or end of this unit’s move, you can:<br><ul><li>Select one friendly <span class="kwb">ADEPTUS</span> <span class="kwb">ASTARTES</span> unit within 6" of this unit. That unit is no longer battle-shocked.</li><li><u>Or:</u> Select one friendly GREY HUNTERS unit within 18" of this unit. That unit is no longer <b>battle-shocked</b>.</li></ul>||
SM|Hunter’s Guile|000010269003|20|Saga of the Beastslayer|000001070|false|This warrior embodies the cunning of the wolf, utilising deception and misdirection to confound his foes.|<span class="kwb">ADEPTUS</span> <span class="kwb">ASTARTES</span> model only. After both players have deployed their armies, select up to three Thunderwolf Cavalry, Wulfen and/or Blood Claws units from your army and redeploy them. When doing so, you can set those units up in Strategic Reserves if you wish, regardless of how many units are already in Strategic Reserves.||
SM|Raptorial Cogitator Core|000011117003|15|Fulguris Task Force|000001211|true|The pinpoint firing solutions woven in runic screed by this vehicle’s logic engine speak to its predatory instincts.|SPEEDER unit only. This unit’s ranged attacks have [IGNORES COVER].||
SM|Fenrisian Grit|000010261003|15|Saga of the Hunter|000001068|false|All Fenrisians possess a formidable constitution, yet this warrior demonstrates legendary resolve, shrugging off wounds that would fell lesser men.|<span class="kwb">ADEPTUS</span> <span class="kwb">ASTARTES</span> model only. The bearer has the Feel No Pain 4+ ability.||
SM|The Flesh is Weak|000008478003|20|Ironstorm Spearhead|000000794|false|The injuries of past battles have seen this warrior heavily rebuilt with ultra-durable cybernetic limbs and organs that render them extremely difficult to kill.|<span class="kwb">ADEPTUS</span> <span class="kwb">ASTARTES</span> model only. The bearer has the Feel No Pain 4+ ability.||
SM|Death in the Dark|000011121003|15|Subversion Assets|000001212|true|To slay the hidden foe where they lurk, where their deaths go unmarked and unremembered, is to deny their hateful lives meaning.|INFANTRY PHOBOS unit only. This unit’s attacks that target a hidden unit have +1 to hit rolls.||
SM|Archangel’s Shard|000009190004|15|The Angelic Host|000000901|false|When Sanguinius battled Horus, his magnificent blade was tragically shattered against the Warmasters profane battle plate. The shards were gathered up and new swords forged to incorporate them, each one gifted to a different successor Chapter.|Adeptus Astartes Jump Pack model only. The bearer’s melee weapons have the [Anti-Chaos 5+] and [Lance] abilities.||
SM|Merciless Denunciation|000010392004|25|Companions of Vehemence|000001091|false|Through roared words or ruthless deeds, may the blasphemous be denounced and the worthy driven into a furious rage of sanctified slaughter.|Chaplain or Judiciar model only. Each time a model in the bearer’s unit makes a melee attack, you can re-roll the Hit roll.||
SM|Adept of the Omnissiah|000008478004|35|Ironstorm Spearhead|000000794|false|This battle-brother is steeped in hidden technological rites. Should their armoured charges be threatened, a burst of arcane binharic screed can rouse their machine spirits to vigilance.|TECHMARINE model only. Once per battle round, when a saving throw is failed for a friendly ADEPTUS ASTARTES VEHICLE model within 6" of the bearer, you can change the Damage characteristic of that attack to 0.||
SM|Wolf Master|000010261004|5|Saga of the Hunter|000001068|false|This warrior possesses an affinity with Fenrisian beasts and can inspire a frothing rage in their lupine companions with but a single barked command.|Space Wolves model only. In your Command phase, select one friendly <span class="kwb">SPACE</span> <span class="kwb">WOLVES</span> unit within 9" of the bearer. Until the start of your next Command phase, teeth and claws and Tyrnak and Fenrir weapons equipped by models in that unit have the [LETHAL HITS] ability.||
SM|Elder’s Guidance|000010269004|20|Saga of the Beastslayer|000001070|false|Wily and long of fang, this warrior brings centuries of battlefield experience to the fight, lending focus to the reckless fury of his youthful battle-brothers.|Space Wolves model only. Once per battle, at the start of the Fight phase, if the bearer is leading a Blood Claws unit, the bearer can use this Enhancement. If it does, until the end of the phase, improve the Armour Penetration characteristic of melee weapons equipped by models in that unit by 1.||
SM|Forged in Battle|000008482004|15|Firestorm Assault Force|000000795|false|To this Angel of Death, war is the anvil upon which their strength is wrought. Every battle is seen as a test in which they and their battle-brothers can prove themselves, and the superior craftsmanship of their weapons and armour.|<span class="kwb">ADEPTUS</span> <span class="kwb">ASTARTES</span> model only. While the bearer is leading a unit, once per turn, after making a Hit roll or a saving throw for a model in that unit, you can change the result of that roll to an unmodified 6.||
SM|Adept of the Codex|000008353004|20|Gladius Task Force|000000750|false|An ardent student of the Codex Astartes, this commander epitomises its tactical genius, and the wisdom gleaned from its teachings guides their measured strategic responses amidst the fiercest battle.|CAPTAIN model only. At the start of your Command phase, if the bearer is on the battlefield, instead of selecting a Combat Doctrine to be active for your army, you can select the Tactical Doctrine. If you do, until the start of your next Command phase, that Combat Doctrine is active for the bearer’s unit only, even if you have already selected that Combat Doctrine to be active for your army this battle.||
SM|Stoic Defender|000008474004|15|Anvil Siege Force|000000793|false|This commander and their warriors hold their ground tenaciously against even overwhelming numbers.|<span class="kwb">ADEPTUS</span> <span class="kwb">ASTARTES</span> model only. While the bearer is leading a unit, models in that unit have the Feel No Pain 6+ ability while they are within an objective you control and, while that unit is Battle-shocked, halve the Objective Control characteristic of models in that unit instead of changing it to ‘-’.||
SM|Blazing Icon|000009835004|20|Angelic Inheritors|000001004|false|What was before merely a decorative blood drop pendant now shines with a seemingly miraculous light as bright as any star. The foe are forced to avert their gaze from its wrathful magnificence.|Adeptus Astartes Infantry model only. Enemy units cannot use the Fire Overwatch Stratagem to shoot at the bearer’s unit.||
SM|Icon of the Angel|000008376004|20|Liberator Assault Group|000000758|false|The Icon of the Angel reminds the Blood Angels of the heretics who fled after laying low Sanguinius, exhorting them to let no enemy escape their grasp again.|Adeptus Astartes model only. Each time an enemy unit (excluding <span class="kwb">MONSTERS</span> and <span class="kwb">VEHICLES</span>) within Engagement Range of the bearer’s unit is selected to Fall Back, models in that enemy unit must take Desperate Escape tests as if their unit was Battle-shocked. When doing so, if that enemy unit is also Battle-shocked by other means, subtract 1 from each of those Desperate Escape tests.||
SM|Master of Manoeuvre|000008778004|15|Company of Hunters|000000836|false|Daring and audacious, this commander favours breakneck outflanking manoeuvres that allow them to plunge into the enemy's midst from unexpected quarters.|Ravenwing model only. If the bearer’s unit starts the battle in Strategic Reserves, its points value does not count towards the combined points limit for units from your army that are in Strategic Reserve, and for the purposes of setting up that unit on the battlefield, treat the current battle round number as being one higher than it actually is.||
SM|Singular Will|000008774004|20|Inner Circle Task Force|000000835|false|This warrior lets nothing stand in their way or slow their advance, closing swiftly and relentlessly with their quarry|Deathwing model only. Each time the bearer’s unit Piles In or Consolidates, models in that unit can move an additional 3".||
SM|To Slay the Warmaster|000009186004|15|The Lost Brethren|000000900|false|Overcome by maddening hallucinations, this warrior sees in all enemy champions glimmers of Horus' dark majesty and thus strives to destroy them.|Death Company model only. Once per battle, at the start of the Fight phase, if the bearer is within Engagement Range of one or more enemy <span class="kwb">CHARACTER</span> units, you can select one of those <span class="kwb">CHARACTER</span> units and roll six D6: for each 4+, one <span class="kwb">CHARACTER</span> model in that unit suffers 1 mortal wound.||
SM|Beacon Angelis|000008522004|25|Black Spear Task Force|000000808|false|The Beacon Angelis was devised to guide the Deathwatch to the threshold of the alien adversary. Housed within a reliquary, it calls out to the warriors’ augur arrays with the voices of a hundred electric cherubim, its summons so strong that it draws the righteous unto its locale regardless of what darkness may surround it.|<span class="kwb">ADEPTUS</span> <span class="kwb">ASTARTES</span> model only. Models in the bearer’s unit have the Deep Strike ability. In addition, you can target the bearer’s unit with the Rapid Ingress Stratagem for 0CP.||
SM|Feinting Withdrawal|000008486004|10|Stormlance Task Force|000000796|false|This living legend of the Chapter is known for their calm in the heat of battle. Ever-observant of the ebbs and flows of the engagement, they can withdraw their warriors from the fray in good order, ready to hammer home a torrent of fire.|<span class="kwb">ADEPTUS</span> <span class="kwb">ASTARTES</span> model only. While the bearer is leading a unit, that unit is eligible to shoot in a turn in which it Fell Back.||
SM|Hordeslayer|000010265004|15|Saga of the Bold|000001069|false|Seeking to take a terrible tally of lives, this warrior hurls himself into the heart of the fight, heedless of the numbers arrayed against him.|Space Wolves model only. At the start of the Fight phase, if there are more enemy models than friendly models wholly within 6" of the bearer, until the end of the phase, add 2 to the Attacks characteristic of melee weapons equipped by the bearer. If the bearer’s unit has achieved one or more Boasts, add 3 to the Attacks characteristic instead.||
SM|Forged in Battle|000010368004|15|Forgefather’s Seekers|000001086|false|To this Angel of Death, war is the anvil upon which their strength is wrought. Every battle is seen as a test in which they and their battle-brothers can prove themselves, and the superior craftsmanship of their weapons and armour.|<span class="kwb">ADEPTUS</span> <span class="kwb">ASTARTES</span> model only. While the bearer is leading a unit, once per turn, after making a Hit roll or a saving throw for a model in that unit, you can change the result of that roll to an unmodified 6.||
SM|Spy-skull Data Link|000010759004|15|Ceramite Sentinels|000001146|false|Several artificer-crafted and heavily shrouded servo-skulls are tethered to this device, their linked visual feeds making the bearer nigh impossible to evade.|<span class="kwb">ADEPTUS</span> <span class="kwb">ASTARTES</span> model only. Ranged weapons equipped by models in the bearer’s unit have the [IGNORES COVER] ability.||
SM|Augury Servo-host|000010400004|15|Godhammer Assault Force|000001093|false|This warrior's auto-senses are linked to a circling host of servo-skulls crafted from the remains of favoured serfs and failed neophytes. Fitted with ocular probes and sensor vanes, they provide the Black Templar with advanced targeting information to pick out the unbelievers who cower in concealment.|<span class="kwb">ADEPTUS</span> <span class="kwb">ASTARTES</span> model only. At the start of your Shooting phase, select one enemy unit within 12" of and visible to the bearer. Until the end of the phase, models in that unit cannot have the Benefit of Cover.||
SM|Indomitable Champion|000010460004|20|Emperor’s Shield|000001103|false|Even seemingly mortal wounds will not turn a son of Dorn from his duty.|Adeptus Astartes Terminator model only. The first time the bearer is destroyed, roll one D6 at the end of the phase. On a 2+, set the bearer back up on the battlefield, as close as possible to where it was destroyed and not within Engagement Range of any enemy units, with 3 wounds remaining.||
SM|Shock Deployment|000010779004|20|Armoured Speartip|000001147|false|From the ramps of armoured transports, elite infantry deploy swiftly, unleashing fire on overawed enemies.|Adeptus Astartes Terminator or Gravis model only. In your Shooting phase, each time the bearer’s unit is selected to shoot, if it disembarked from a Transport this turn, until the end of the phase, ranged weapons equipped by models in that unit have the [SUSTAINED HITS 1] ability.||
SM|Umbral Raptor|000010466004|15|Shadowmark Talon|000001104|false|This warrior is a solitary predator whose footsteps are all but silent and whose form is one with the shadows.|<span class="kwb">ADEPTUS</span> <span class="kwb">ASTARTES</span> model only. The bearer has the Stealth and Lone Operative abilities.||
SM|Iron Laurel|000010623004|10|Hammer of Avernii|000001118|false|A subcutaneous cranial honour relic, this device contains a strategic orbital upload relay.|<span class="kwb">ADEPTUS</span> <span class="kwb">ASTARTES</span> model only. Improve the Objective Control characteristic of the bearer by 1. Once per battle, at the start of any phase, the bearer can use this Enhancement. If it does, until the end of the phase, add 1 to the Objective Control characteristic of all other models in the bearer’s unit as well.||
SM|Firestorm Coordinators|000010783004|20|Headhunter Task Force|000001148|false|This vehicle’s fire control systems incorporate ancient yet highly advanced logic engines, which assist the crew in obtaining firing solutions and keeping up an exceptionally rapid rate of fire.|<span class="kwb">ADEPTUS</span> <span class="kwb">ASTARTES</span> <span class="kwb">VEHICLE</span> model only. Ranged weapons equipped by the bearer have the [SUSTAINED HITS 1] ability.||
SM|Hunter’s Eye|000010629004|20|Spearpoint Task Force|000001119|false|This augmetic eye enhances the user’s visual spectrum, enabling them to pinpoint heat signatures and cogitate appropriate firing solutions.|<span class="kwb">ADEPTUS</span> <span class="kwb">ASTARTES</span> model only. Ranged weapons equipped by models in the bearer’s unit have the [SUSTAINED HITS 1] and [IGNORES COVER] abilities.||
SM|Student of the Codex|000010633004|20|Blade of Ultramar|000001120|false|This prodigal officer has focused upon one aspect of the Codex Astartes and means to master its every aspect before moving on to the next.|<span class="kwb">ADEPTUS</span> <span class="kwb">ASTARTES</span> model only. At the start of your Command phase, if the bearer is on the battlefield, it can use this Enhancement. If it does, until the start of your next Command phase, the Tactical Doctrine is active for this unit (instead of any other Combat Doctrine you select to be active for your army, and even if there is no Combat Doctrine active for your army).||
SM|Orbital Uplink Reliquary|000010680004|25|Orbital Assault Force|000001131|false|Though it appears a morbid trinket of faith, in truth this device contains a powerful microcogitator linked to the strategium of the orbiting strike cruiser, which helps the bearer coordinate rapid strategic redeployments.|<span class="kwb">ADEPTUS</span> <span class="kwb">ASTARTES</span> model only. After both players have deployed their armies, select up to three <span class="kwb">ADEPTUS</span> <span class="kwb">ASTARTES</span> units from your army and redeploy them. When doing so, you can set those units up in Strategic Reserves if you wish, regardless of how many units are already in Strategic Reserves.||
SM|Stalwart Champion|000009733004|15|Lion’s Blade Task Force|000000981|false|Possessed of obdurate will, this warrior champion instils an indomitable resolve and absolute refusal to cede ground within his brothers.|Captain, Chaplain or Lieutenant model only. While the bearer’s unit is not Battle-shocked, add 1 to the Objective Control characteristic of models in the bearer’s unit.||
SM|Obfuscation|000009785004|25|Librarius Conclave|000000994|false|By manipulating the minds of the foe, practitioners of telepathy may obfuscate their presence.|ADEPTUS ASTARTES PSYKER model only.<br><ul><li>Enemy units cannot target this unit with snap shooting attacks.</li><li>If this unit has the Telepathy Discipline ability, this unit has -3" detection range.</li></ul>||
SM|Deathwing Assault|000010155004|15|Wrath of the Rock|000001059|false|A veteran inductee of the Inner Circle, this champion has served amongst the Deathwing for centuries and become an unmatched master of teleportarium insertions.|Deathwing model with the Deep Strike ability only. The bearer’s unit can be set up using the Deep Strike ability in the Reinforcements step of your first, second or third Movement phase, regardless of any mission rules.||
SM|Rites of War|000008494004|10|1st Company Task Force|000000798|false|The commanders of the 1st Company vow before the Chapter and the Emperor to secure victory.|ADEPTUS ASTARTES TERMINATOR model only. Improve the Objective Control characteristic of the bearer by 1. Once per battle, at the start of any phase, the bearer can use this Enhancement. If it does, until the end of the phase, add 1 to the Objective Control characteristic of all other models in the bearer’s unit as well.||
SM|Weapons of the First Legion|000008771004|15|Unforgiven Task Force|000000834|false|Beneath the surface of the Rock lie vaults within which weapons of antiquity and terrible power are stored.|<span class="kwb">ADEPTUS</span> <span class="kwb">ASTARTES</span> model only. Add 1 to the Attacks, Strength and Damage characteristics of the bearer’s melee weapons. While the bearer is Battle-shocked, add 2 to the Attacks, Strength and Damage characteristics of the bearer s melee weapons instead.||
SM|Sanguinary Tear (Aura)|000010645004|35|Rage-cursed Onslaught|000001123|false|Legend has it that the blood-red stone set into this relic houses a teardrop shed by the Primarch himself. Those lost to the Black Rage seem to fight all the more furiously in its presence.|<span class="kwb">ADEPTUS</span> <span class="kwb">ASTARTES</span> model only. While a friendly Death Company unit is within 6" of the bearer, add 1 to the Strength characteristic of weapons equipped by models in that unit.||
SM|Execute and Redeploy|000008490004|20|Vanguard Spearhead|000000797|false|The battle-brothers under this warrior’s command seize every opportunity to strike while the initiative is theirs, harrying the foe with gunfire before returning to the shadows.|PHOBOS model only. In your Shooting phase, after the bearer’s unit has shot, if that unit is not within Engagement Range of one or more enemy units, it can make a Normal move of up to 6". If it does, until the end of the turn, that unit is not eligible to declare a charge. This cannot allow the bearer’s unit to move more than once in your Shooting phase.||
SM|Chariots of the Storm|000010660004|25|Saga of the Great Wolf|000001126|false|This dedicated flight of gunships attends the Great Wolf and his packs, and can be called in to rapidly reposition his forces in the moments before battle is joined.|<span class="kwb">ADEPTUS</span> <span class="kwb">ASTARTES</span> model only. After both players have deployed their armies, select up to three <span class="kwb">ADEPTUS</span> <span class="kwb">ASTARTES</span> units from your army and redeploy them. When doing so, you can set those units up in Strategic Reserves, regardless of how many units are already in Strategic Reserves.||
SM|Blades of Valour|000010676004|15|Bastion Task Force|000001130|false|This officer and their honour guard of dedicated battle-brothers have been presented with masterwork combat blades in recognition of the selfless battle they are about to fight.|<span class="kwb">ADEPTUS</span> <span class="kwb">ASTARTES</span> model only. Improve the Armour Penetration characteristic of melee weapons equipped by the bearer and Battleline models in the bearer’s unit by 1.||
SM|Orb of the Emperor’s Aegis|000010396004|10|Vindication Task Force|000001092|false|What Dark Age technology may lie inside this icon-wreathed sphere pales compared to its true power: that of the Emperor’s blessing. When activated, the orb briefly emits a glowing nimbus of protective energy so powerful that it can hold back the corruptive fury of the naked Warp. Thus shielded, Black Templars may use their fleet’s teleportarium shrines even without the awesome protection of Terminator armour.|<span class="kwb">ADEPTUS</span> <span class="kwb">ASTARTES</span> model only. Models in the bearer’s unit have the Deep Strike ability.||
SM|Scroll of Proclamation|000010684004|15|Reclamation Force|000001132|false|Finely scribed on vellum and tightly bound in an armoured scroll case, the words of Roboute Guilliman’s Consilias Imperitus Ultimar prove a constant source of inspiration that drive this warrior ever onward.|When this unit declares a charge, if an enemy unit within range of an objective is within 12" of this unit, you can use this <b>enhancement</b>. If you do:<br><ul><li>This unit can re-roll that charge roll.</li><li>This unit must end that charge move engaged with one or more of those enemy units.</li></ul>||
SM|Astartes Tank Ace (Aura)|000010783005|40|Headhunter Task Force|000001148|false|The commander of this battle tank is a storied tank ace whose exploits are the stuff of Chapter legend. Crews who fight at their side are inspired by their aggression and eagerness to join the battle.|<span class="kwb">ADEPTUS</span> <span class="kwb">ASTARTES</span> <span class="kwb">VEHICLE</span> model only. In your Shooting phase, while a friendly <span class="kwb">ADEPTUS</span> <span class="kwb">ASTARTES</span> <span class="kwb">VEHICLE</span> unit is within 6" of the bearer, ranged weapons equipped by models in that unit have the [ASSAULT] ability.||
SM|Malodraxian Standard|000010460005|20|Emperor’s Shield|000001103|false|Crafted in the aftermath of Lysander’s great victory over the Iron Warriors on Malodrax, this gilded banner inspires the Imperial Fists to shatter their foes.|Adeptus Astartes Ancient model only. Each time an attack targets the bearer’s unit, if the Strength characteristic of that attack is greater than the Toughness characteristic of the bearer’s unit, subtract 1 from the Wound roll.||
SM|Liberatum|000010684005|25|Reclamation Force|000001132|false|Forged on Macragge by the finest artisans, this weapon’s machine spirit is said to burn with a desire to see the Five Hundred Worlds ripped from the grasp of heretics and despots.|<span class="kwb">ADEPTUS</span> <span class="kwb">ASTARTES</span> model only. Each time the bearer makes an attack that targets an enemy unit, if the target is within range of an objective marker, you can re-roll the Hit roll and you can re-roll the Wound roll.||
SM|The Tome of Ectoclades|000008522005|30|Black Spear Task Force|000000808|false|This grimoire, bound in the skin of the alien, holds the most powerful truths the Deathwatch have uncovered about their foes, whether xenos or those who harbour them. On occasion, such knowledge has been known to save not only the book’s custodian, but entire worlds.|Watch Master or Captain model only. Once per battle, after you have selected your Oath of Moment target, the bearer can use this Enhancement. If it does, select a second enemy unit to be an Oath of Moment target.<br><br><b>Designer’s Note:</b> <i>This means that each time a model with the Oath of Moment ability makes an attack that targets either of your Oath of Moment targets, you can re-roll the Hit roll.</i>||
SM|Iron Resolve|000008494005|15|1st Company Task Force|000000798|false|This hero shrugs off even horrendous wounds.|ADEPTUS ASTARTES TERMINATOR model only. The bearer has the Feel No Pain 5+ ability. Once per battle, after the bearer’s unit is selected as the target of one or more attacks, the bearer can use this Enhancement. If it does, until the end of the phase, models in the bearer’s unit have the Feel No Pain 5+ ability.||
SM|Gleaming Pinions|000009190005|25|The Angelic Host|000000901|false|The elaborately crafted ailerons of this jump pack allow the wearer to manoeuvre, twist and bank at incredible speeds.|ADEPTUS ASTARTES JUMP PACK model only. In your opponent’s Movement phase, if an enemy unit ends a move within 8" of this unit, if this unit is not within Engagement Range of one or more enemy units, this unit can make a Normal move of up to 6".||
SM|Master of Machine War|000008478005|20|Ironstorm Spearhead|000000794|false|This commander is supremely gifted in the strategies of armoured warfare, understanding the capabilities of every war engine in the Chapters arsenal. Delivering precision orders, they ensure the vehicles under their command inflict the most punishing damage to the enemy even amidst complex manoeuvres.|<span class="kwb">ADEPTUS</span> <span class="kwb">ASTARTES</span> model only. In your Command phase, select one Adeptus Astartes Vehicle model within 6" of the bearer. Until the start of your next Command phase, that <span class="kwb">VEHICLE</span> is eligible to shoot even if it Fell Back or Advanced this turn.||
SM|Angel’s Fang|000010645005|25|Rage-cursed Onslaught|000001123|false|This artificer-crafted weapon has a dark reputation amongst the Chapter. Yet none can deny its lethality, or its machine-spirit’s desire to drink the blood of the mightiest foes.|<span class="kwb">ADEPTUS</span> <span class="kwb">ASTARTES</span> model only. Each time the bearer makes a melee attack that targets a <span class="kwb">CHARACTER</span>, <span class="kwb">MONSTER</span> or <span class="kwb">VEHICLE</span> unit, that attack has the [SUSTAINED HITS 2] ability.||
SM|Hunter’s Instincts|000008486005|25|Stormlance Task Force|000000796|false|This mounted huntsman espouses the value of circling the enemy and striking suddenly from an unexpected quarter upon their speeding steed, the better to land the killing blow.|ADEPTUS ASTARTES MOUNTED model only. If the bearer’s unit is in Strategic Reserves, for the purposes of setting up that unit on the battlefield, treat the current battle round number as being one higher than it actually is.||
SM|Herald of Sacred Slaughter|000010400005|15|Godhammer Assault Force|000001093|false|A pious harbinger of the crusade’s destructive potential, this warrior pushes forward at the first opportunity, eager to bring the Emperor’s judgement to the foe.|<span class="kwb">ADEPTUS</span> <span class="kwb">ASTARTES</span> model only. In the Declare Battle Formations step, if the bearer starts the battle embarked within a Dedicated Transport, that <span class="kwb">DEDICATED</span> <span class="kwb">TRANSPORT</span> has the Scouts 9" ability.||
SM|Architect of War|000008474005|25|Anvil Siege Force|000000793|false|There are few who have a deeper understanding of the tenets of siege warfare than this warrior.|<span class="kwb">ADEPTUS</span> <span class="kwb">ASTARTES</span> model only. While the bearer is leading a unit, ranged weapons equipped by models in that unit have the [IGNORES COVER] ability.||
SM|Helm of the Beastslayer|000010269005|15|Saga of the Beastslayer|000001070|false|Wrought from the carapace of a nameless xenos monstrosity, this helm offers unparalleled protection.|<span class="kwb">ADEPTUS</span> <span class="kwb">ASTARTES</span> model only. Each time an attack made by a <span class="kwb">CHARACTER</span>, <span class="kwb">MONSTER</span> or <span class="kwb">VEHICLE</span> model targets the bearer’s unit, reduce the Armour Penetration characteristic of that attack by 1.||
SM|Thunderwolf’s Fortitude|000010265005|25|Saga of the Bold|000001069|false|Possessed of indomitable fortitude, this champion of Fenris refuses the call of Morkai, fighting beyond the limits of even a Space Marine’s endurance.|<span class="kwb">ADEPTUS</span> <span class="kwb">ASTARTES</span> model only. (Once per battle, per army) When this model is destroyed, at the end of the phase, roll one D6:<br><ul><li>On a 2+, set up this model on the battlefield, unengaged and as close as possible to where it was <b>destroyed</b>. This model is not part of an attached unit and its unit has a starting strength of 1. This model has 3 wounds remaining.</li></ul>||
SM|Feral Rage|000010261005|10|Saga of the Hunter|000001068|false|There is no substitute for raw aggression. This warrior fights with the berserk rage of a thunderwolf, tearing apart their foes with violent fury.|<span class="kwb">ADEPTUS</span> <span class="kwb">ASTARTES</span> model only. Add 1 to the Attacks characteristic of melee weapons equipped by the bearer. Each time the bearer ends a Charge move, until the end of the turn, add an additional 1 to the Attacks characteristic of those weapons.||
SM|Temporal Corridor|000009785005|25|Librarius Conclave|000000994|false|Folding existence around an invisible path along which time is altered, the Librarian propels his allies across the battlefield with supernatural swiftness.|ADEPTUS ASTARTES PSYKER model only.<br><ul><li>If this unit has the Telekinesis Discipline ability, this unit has Deep Strike.</li><li>At the end of your opponent’s Fight phase, if this unit is unengaged, you can use this ability. If you do:<br><ul><li>Place this unit in strategic reserves.</li><li>This unit can make an ingress move in your next Movement phase (including in your first turn).</li></ul></li></ul>||
SM|Gift of Foresight|000008376005|15|Liberator Assault Group|000000758|false|This heroic warrior bears a glimmering of Sanguinius' prophetic gifts. Flashes of foresight allow him to weave around his enemy's blows with supernatural skill.|Adeptus Astartes model only. Once per battle round, just after making a Hit roll, a Wound roll or a saving throw for the bearer, you can treat the result as an unmodified roll of 6 instead.||
SM|Fire Discipline|000008353005|25|Gladius Task Force|000000750|false|This commander drills his warriors relentlessly; combined with the Adeptus Astartes’ incredible reflexes, they produce a devastating rate of fire.|<span class="kwb">ADEPTUS</span> <span class="kwb">ASTARTES</span> model only. While the bearer is leading a unit, ranged weapons equipped by models in that unit have the [SUSTAINED HITS 1] ability. In addition, while the bearer’s unit is under the effects of the Devastator Doctrine, you can reroll Advance rolls made for that unit.||
SM|Deathwing Assault|000008774005|30|Inner Circle Task Force|000000835|false|Employing shock assault doctrines requiring ancient technology and immense tactical skill, the Deathwing are masters of catching their foes wholly unawares.|Deathwing model with the Deep Strike ability only. The bearer’s unit can be set up using the Deep Strike ability in the Reinforcements step of your first, second or third Movement phase, regardless of any mission rules.||
SM|Pennant of Remembrance|000008771005|10|Unforgiven Task Force|000000834|false|This hallowed banner records the names and deeds of legendary members of the Deathwing, stoking still firmer resolve in those who fight beneath it.|Ancient model only. While the bearer is leading a unit, models in that unit have the Feel No Pain 6+ ability. While that unit is Battle-shocked, models in that unit have the Feel No Pain 4+ ability instead.||
SM|Skjald’s Foretelling|000010660005|25|Saga of the Great Wolf|000001126|false|Great deeds have been prophesied for this champion, such that those who fight alongside him do so all the harder as they play out the self-fulfilling prophecy.|Wolf Guard Battle Leader model only. While the bearer is leading a unit, weapons equipped by models in that unit have the [LANCE] ability.||
SM|Adamantine Mantle|000010368005|20|Forgefather’s Seekers|000001086|false|This flowing cloak or finely wrought tabard is laced through with threads of braided adamantine. When combined with armour and energy fields, it has been shown time and again that these symbols of office are proof against even the very strongest attacks.|<span class="kwb">ADEPTUS</span> <span class="kwb">ASTARTES</span> model only. Each time an attack is allocated to the bearer, subtract 1 from the Damage characteristic of that attack. If that attack was made with a Melta or Torrent weapon, change the Damage characteristic of that attack to 1 instead.||
SM|Zealous Vanguard|000010392005|20|Companions of Vehemence|000001091|false|This warrior is an unstoppable crusader whose hearts burn like twin pyres of eager zeal. Ever at the forefront of combat, he leads his warriors as the tip of the crusades blade.|<span class="kwb">ADEPTUS</span> <span class="kwb">ASTARTES</span> model only. Models in the bearer’s unit have the Scouts 6" ability.||
SM|Armoured Commander|000010779005|25|Armoured Speartip|000001147|false|This veteran commander of mechanised infantry utilises its manoeuvrability to ensnare the foe.|<span class="kwb">ADEPTUS</span> <span class="kwb">ASTARTES</span> model only. Once per turn, in your Movement phase, the bearer can use this Enhancement. If it does, select one friendly Adeptus Astartes Transport that is in Strategic Reserves. Until the end of the phase, for the purposes of setting up that <span class="kwb">TRANSPORT</span> on the battlefield, treat the current battle round number as being one higher than it actually is.||
SM|Adamantine Mantle|000008482005|20|Firestorm Assault Force|000000795|false|This flowing cloak or finely wrought tabard is laced through with threads of braided adamantine. When combined with armour and energy fields, it has been shown time and again that these symbols of office are proof against even the very strongest attacks.|<span class="kwb">ADEPTUS</span> <span class="kwb">ASTARTES</span> model only. Each time an attack is allocated to the bearer, subtract 1 from the Damage characteristic of that attack. If that attack was made with a Melta or Torrent weapon, change the Damage characteristic of that attack to 1 instead.||
SM|Vengeful Onslaught|000009186005|10|The Lost Brethren|000000900|false|This Son of Sanguinius appears to the brothers of the Death Company as a paragon of their Primarchs martial prowess. Should he fall in battle, the vengeful fury of the Lost will be inflamed.|Death Company model only. It the bearer is destroyed, until the end of your next turn, each time a friendly <span class="kwb">DEATH</span> <span class="kwb">COMPANY</span> model makes an attack, add 1 to the 1 Hit roll.||
SM|Chogorian Huntmaster|000010629005|25|Spearpoint Task Force|000001119|false|This mounted huntsman knows well the importance of manoeuvre, outflanking the enemy and ambushing unsuspecting foes from the flanks and rear, the better to land the killing blow.|<span class="kwb">ADEPTUS</span> <span class="kwb">ASTARTES</span> <span class="kwb">MOUNTED</span> model only. If the bearer’s unit is in Strategic Reserves, for the purposes of setting up that unit on the battlefield, treat the current battle round number as being one higher than it actually is.||
SM|Shadow War Veteran|000008490005|30|Vanguard Spearhead|000000797|false|By the time the enemy believes battle has begun, their rear lines have already been attacked at this warriors command - their supply lines cut and their communications in disarray - choking them off from vital battlefield support.|PHOBOS model only. The bearer has the following ability:<br><br><b>Lord of Deceit (Aura):</b> Once per turn, when your opponent targets a unit from their army within 12" of this model with a stratagem, you can use this ability. If you do increase the CP cost of that use of that stratagem by 1CP.||
SM|Recon Hunter|000008778005|30|Company of Hunters|000000836|false|This commander is an expert scout as well as hunter, and takes advantage of these skills to seize the most advantageous position before battle begins.|Ravenwing model only. Models in the bearer’s unit have the Scouts 9" ability.||
SM|Lord of the Ravenwing|000010155005|10|Wrath of the Rock|000001059|false|This commander has mastered the art of cavalry combat, instinctively noticing the opportune position to strike and navigating the chaos of battle with preternatural precision.|Ravenwing model only. You can re-roll Advance and Charge rolls made for the bearer’s unit.||
SM|Fulgus Magna|000009733005|20|Lion’s Blade Task Force|000000981|false|This ancient teleport homer projects a powerful narrow‑band signal, enabling the teleportarium chambers of orbiting vessels to lock on to the bearer even amid severe atmospheric or empyric disturbances.|Deathwing model only. Once per battle, at the end of your opponent’s turn, if the bearer’s unit is not within Engagement Range of one or more enemy units, the bearer can use this Enhancement. If it does, remove the bearer’s unit from the battlefield and place it into Strategic Reserves.||
SM|Warden of Honour|000010396005|20|Vindication Task Force|000001092|false|This lauded guardian is trusted with the stewardship of the crusade’s most precious standards. His unyielding presence and preservation of his charge amidst fire and heresy inspire his brothers to acts of extreme heroism.|Crusade Ancient model only. While the bearer is leading a unit, each time you roll one D6 for the bearer’s Vengeful Exhortation ability, add 1 to the result.||
SM|Ordained Sacrifice|000009835005|25|Angelic Inheritors|000001004|false|Knowing only too well the desperate and vital nature of the battle before him, this scion of Sanguinius echoes his Primarch’s resolute determination to fight on even beyond what seems the doors of certain death.|<span class="kwb">ADEPTUS</span> <span class="kwb">ASTARTES</span> model only. The first time the bearer is destroyed, roll one D6 at the end of the phase: on a 2+, set the bearer back up on the battlefield as close as possible to where it was destroyed and not within Engagement Range of one or more enemy units, with 3 wounds remaining.||
SM|Veteran of Behemoth|000010633005|25|Blade of Ultramar|000001120|false|Having battled the Tyranid swarms since their first galactic invasion, this veteran officer knows well the benefit of efficient and overwhelming firepower.|<span class="kwb">ADEPTUS</span> <span class="kwb">ASTARTES</span> model only. While the bearer is leading a unit, ranged weapons equipped by models in that unit have the [SUSTAINED HITS 1] ability. In addition, while the bearer’s unit is under the effects of the Devastator Doctrine, you can re-roll Advance rolls made for that unit.||
SM|Hunter’s Instincts|000010466005|25|Shadowmark Talon|000001104|false|Those who master the Path of Ambush guide their forces to launch surprise assaults on the enemy with the precise timing of true hunters.|<span class="kwb">ADEPTUS</span> <span class="kwb">ASTARTES</span> model only. In your Movement phase, if the bearer’s unit is in Strategic Reserves, for the purposes of setting up that unit on the battlefield, treat the current battle round number as being one higher than it actually is.||
SM|Bombast Omnivox|000010676005|15|Bastion Task Force|000001130|false|This remarkable technological relic is mounted within the bearer’s armour gorget and facilitates code-hardened, rapid-exchange intelligence dissemination while in battle.|<span class="kwb">ADEPTUS</span> <span class="kwb">ASTARTES</span> model only. Each time you select the bearer’s unit as the target of a Stratagem, roll one D6, adding 1 if the bearer’s unit has the Battleline keyword: on a 4+, you gain 1CP.||
SM|Defensive Mastery|000010759005|25|Ceramite Sentinels|000001146|false|Few officers of the Chapter can match this commander’s talent for cunning defensive troop dispositions.|<span class="kwb">ADEPTUS</span> <span class="kwb">ASTARTES</span> model only. After both players have deployed their armies, select up to three <span class="kwb">ADEPTUS</span> <span class="kwb">ASTARTES</span> units from your army and redeploy them. When doing so, you can set those units up in Strategic Reserves, regardless of how many units are already in Strategic Reserves.||
SM|Steel Font|000010623005|15|Hammer of Avernii|000001118|false|An advanced auto-chirurgeon claimed by legend to be  the product of Ferrus Manus’ own labours, this device rapidly reknits sundered flesh and armour alike.|<span class="kwb">ADEPTUS</span> <span class="kwb">ASTARTES</span> <span class="kwb">TERMINATOR</span> model only. While the bearer is leading a unit, in your Command phase, you can return 1 destroyed Bodyguard model to that unit.||
SM|Dedicated Gunship|000010680005|15|Orbital Assault Force|000001131|false|Bulky and somewhat lumbering as they are, Terminator squads – or even particularly vital officers wearing Terminator plate – may be assigned a gunship for swift combat extraction and relocation mid-battle.|<span class="kwb">ADEPTUS</span> <span class="kwb">ASTARTES</span> <span class="kwb">TERMINATOR</span> model only. Once per battle, at the end of your opponent’s Fight phase, if the bearer’s unit is not within Engagement Range of one or more enemy units, the bearer can use this Enhancement. If it does, remove the bearer’s unit from the battlefield and place it into Strategic Reserves.||
SM|Fusillade|000009785006|25|Librarius Conclave|000000994|false|The Librarian wreathes the ammunition of his allies in armour-eroding halos of azure fire.|ADEPTUS ASTARTES PSYKER model only. This unit’s ranged attacks have:<br><ul><li>[LETHAL HITS]</li><li>If this unit has the Pyromancy Discipline ability, [SUSTAINED HITS 1].</li></ul>||
TAU|Student of Kauyon|000009839002|20|Auxiliary Cadre|000001005|false|This Shaper has not only studied the Code of Fire but has also adapted it to best suit their people’s skills.|KROOT SHAPER model only. In the Declare Battle Formations step, you can select up to three friendly KROOT CARNIVORES/FARSTALKERS units. Those units have Deep Strike.||
TAU|Exemplar of the Kauyon|000008442002|20|Kauyon|000000781|false|Long meditation upon the tenets of the Patient Hunter has seen this warrior master the application of this cunning ambush strategy. When they take to the battlefield, they embody the teachings of the Kauyon, much to the dismay of their luckless prey.|<span class="kwb">T’AU</span> <span class="kwb">EMPIRE</span> model only (excluding Kroot Shaper models). While the bearer is leading a unit, the Patient Hunter Detachment rule applies to that unit from the second battle round onwards instead of from the third.||
TAU|Coordinated Exploitation|000008811002|30|Mont’ka|000000845|false|This leader eschews their own martial glory in favour of seeking out an advanced vantage point then exploiting it to guide in the firepower of their fellows.|<span class="kwb">T’AU</span> <span class="kwb">EMPIRE</span> model only (excluding Kroot Shaper models). While the bearer is leading a unit, each time that unit is an Observer unit, until the end of the phase, ranged weapons equipped by models in a Guided unit have the [SUSTAINED HITS 1] ability while targeting their Spotted unit.||
TAU|Thermoneutronic Projector|000009983002|15|Experimental Prototype Cadre|000001028|false|The thermoneutronic projector uses volatile gases siphoned from the coronae of neutron stars to expel a flame capable of searing through the armour plating of a battle tank.|BATTLESUIT model only. In the Declare Battle Formations step, select one of this model’s T’au Flamer weapons. That weapon’s attacks have:<br><ul><li>+2 <b>S</b></li><li>+1 <b>AP</b> and <b>D</b>.</li></ul>||
TAU|Negation Emitters|000010896002|15|Advanced Acquisition Cadre|000001200|true|Modules of microcircuitry woven through battlesuit armour plating, these devices mask energy emissions, displace comms signals, and blind enemy sensors with particle scatter.|STEALTH BATTLESUITS unit only. This unit has -3" detection range.||
TAU|Target Optimisation Microdrones|000009636002|0|Starfire Cadre|000000966|false|A swarm of tiny experimental drones swarm about this warrior, analysing weaknesses in enemy wargear.|CADRE FiREbLADE model only. Once per turn, in your Shooting phase, when a friendly FiRE WARRiOR, PATHFiNDER TEAM or <span class="kwb">CADRE</span> <span class="kwb">FIREBLADE</span> unit within 6" of the bearer is selected to shoot, the bearer can use this Enhancement. If it does, until the end of the phase, improve the Armour Penetration characteristic of ranged weapons equipped by models in that unit by 1.||
TAU|Experienced Leader|000009645002|0|Kroot Raiding Party|000000967|false|This Shaper has defeated - and quite possibly devoured - such foes before. They are well able to advise their warriors on how to fight them.|At the start of the first battle round, select one enemy unit on the battlefield. Until the end of the battle, each time a KROOT model from your army makes an attack that targets that enemy unit, if the bearer is on the battlefield, you can re-roll the Wound roll.||
TAU|Borthrod Gland|000008821002|15|Kroot Hunting Pack|000000847|false|The Kroot found the flesh of the Borthrod so irresistible they hunted them to extinction. This preserved gland still exudes pheromones that drive nearby Kroot into a ravenous frenzy.|Kroot Flesh Shaper only. While the bearer is leading a unit, each time a model in that unit makes a melee attack, an unmodified Hit roll of 5+ scores a Critical Hit.||
TAU|Internal Grenade Racks|000008815002|20|Retaliation Cadre|000000846|false|These thigh plates house deployment rails of high-explosive bomblets. As the pilot jets over the foe, the racks can be triggered to dispense a rain of death.|T’au Empire Battlesuit model only. The bearer has the <span class="kwb">GRENADES</span> keyword, and each time the bearer ends a Normal move, you can select one enemy unit that it moved over during that move. If you do, roll six D6: for each 4+, that enemy unit suffers 1 mortal wound.||
TAU|Plasma Accelerator Rifle|000009983003|20|Experimental Prototype Cadre|000001028|false|The plasma accelerator rifle blends pulse-induction technology with a high-yield plasma generator, rendering it highly effective against both infantry and light vehicles.|BATTLESUIT model only. In the Declare Battle Formations step, select one of this model’s Plasma Rifle weapons. That weapon’s attacks have:<br><ul><li>+2 <b>S</b></li><li>+1 <b>A</b>, <b>AP</b> and <b>D</b>.</li></ul>||
TAU|Admired Leader|000009839003|20|Auxiliary Cadre|000001005|false|Having proven themselves to their alien charges, this T’au has won their fierce loyalty and become an iconic folk hero to them.|T’AU EMPIRE model only (excluding KROOT models). In your Command phase, you can select one KROOT/VESPID STINGWINGS unit within 12" of this model. If you do, that unit has +1 <b>Ld</b> and <b>OC</b> until the start of your next Command phase.||
TAU|Quill Marker|000009645003|0|Kroot Raiding Party|000000967|false|Subtly adapted through careful shaping, this warrior can use their pheromone dart-quills to mark prey that their raiding party then descend upon with predatory fury.|At the start of your Charge phase, select one enemy unit within 12" of the bearer. Until the end of the phase, each time a KROOT unit from your army declares a charge, if it is within 6" of that enemy unit, it can include that enemy unit as a target of that charge, even if it is not visible to it.||
TAU|Precision of the Patient Hunter|000008442003|15|Kauyon|000000781|false|This warrior prowls the battlefield like a high-tech predator, stalking and assessing their quarry before they strike. When they do launch their assault, their every shot and blow is informed by careful observations, perfectly aimed where they will do the greatest harm.|<span class="kwb">T’AU</span> <span class="kwb">EMPIRE</span> model only. Each time the bearer makes a ranged attack, add 1 to the Hit roll. From the third battle round onwards, add 1 to the Wound roll as well.||
TAU|Unmasking Suite|000010896003|15|Advanced Acquisition Cadre|000001200|true|This advanced AI targeting assistant features incredibly powerful active scanners that can locate and pinpoint even the most well‑hidden foes as though they stood revealed in broad daylight.|GHOSTKEEL BATTLESUIT/PATHFINDER TEAM/STEALTH BATTLESUITS unit only. When this unit is selected to shoot, you can select one enemy unit within 24" of this unit. That enemy unit has +9" detection range until this unit has shot.||
TAU|Exemplar of the Mont’ka|000008811003|10|Mont’ka|000000845|false|This warrior has perfected the art of the Killing Blow, formulating swift and decisive battle plans and leading their cadres from the front in aggressive strikes.|<span class="kwb">T’AU</span> <span class="kwb">EMPIRE</span> model only (excluding Kroot Shaper models). While the bearer is leading a unit, the Killing Blow Detachment rule applies to that unit during the fourth battle round as well.||
TAU|Prototype Weapon System|000008815003|15|Retaliation Cadre|000000846|false|Famed battlesuit pilots are often more than willing to assist Earth caste scientists infield-testing the latest in experimental weapons technology.|T’au Empire Battlesuit model only. Each time the bearer is selected to shoot, select either the [LETHAL HITS] or [SUSTAINED HITS 1] ability. Until those attacks are resolved, ranged weapons equipped by the bearer have the selected ability.||
TAU|Duty’s Echo|000009636003|0|Starfire Cadre|000000966|false|This tech-inlaid stave glows with the light of the T’au’va, inspiring nearby warriors to greater efforts.|ETHEREAL model only. At the end of your Shooting phase, you can select one friendly FiRE WARRiOR or PATHFiNDER TEAM unit within 6" of the bearer. If you do, that unit can make a Normal move of up to 3" and then counts as having performed the Set Overwatch Tactical Manoeuvre this turn.||
TAU|Kroothawk Flock|000008821003|10|Kroot Hunting Pack|000000847|false|This leader has painstakingly established a deep-seated bond with a small flock of Kroothawks. The avian creatures circle on high, spying out and revealing the hiding places of the prey or warning of ambushing enemies with wing-dips, diving stoops and harsh shrieks.|Kroot model only. Ranged weapons equipped by models in the bearer’s unit have the [IGNORES COVER] ability, and enemy units that are set up on the battlefield as Reinforcements cannot be set up within 12" horizontally of the bearer.||
TAU|Strategic Conqueror|000008811004|15|Mont’ka|000000845|false|A wise commander appreciates the strategic value of seizing a vital battlefield asset swiftly to establish a foothold, employing it as a jumping off point for further assaults or a rallying post for a swift retreat.|<span class="kwb">T’AU</span> <span class="kwb">EMPIRE</span> model only. At the start of the first battle round, before the first turn begins, select one objective marker on the battlefield. While a friendly <span class="kwb">T’AU</span> <span class="kwb">EMPIRE</span> model is within range of that objective marker and the bearer is on the battlefield, add 1 to that friendly model’s Objective Control characteristic.||
TAU|Supernova Launcher|000009983004|15|Experimental Prototype Cadre|000001028|false|Adapted from standard-issue fragmentation projectors, this weapon enables the bearer to fire explosive plasma charges on parabolic trajectories. These projectiles drop amongst the enemy and explode in a coruscating fireball that evaporates metal and flesh alike.|BATTLESUIT model only. In the Declare Battle Formations step, select one of this model’s Airbursting Fragmentation Projector weapons. That weapon’s attacks have:<br><ul><li>+3 <b>S</b></li><li>+1 <b>AP</b> and <b>D</b>.</li></ul>||
TAU|Puretide Engram Neurochip|000008815004|15|Retaliation Cadre|000000846|false|Commander Puretide was the most gifted T’au war leader of all time. Upon his death, his memories were stored in a neurochip. When implanted into the brain, the bearer can access much of this wisdom.|T’au Empire Battlesuit model only. Each time you target the bearer’s unit with a Stratagem, roll one D6: on a 4+, you gain 1CP.||
TAU|Solid-image Projection Unit|000008442004|20|Kauyon|000000781|false|This holowave-emitter drone projects beams of so-called heavy light, forming convincing illusory images while simultaneously masking the true locations of its allies with advanced refraction fields.|<span class="kwb">T’AU</span> <span class="kwb">EMPIRE</span> model only. After both players have deployed their armies, select up to three <span class="kwb">T’AU</span> <span class="kwb">EMPIRE</span> units from your army and redeploy them. When doing so, you can set those units up in Strategic Reserves if you wish, regardless of how many units are already in Strategic Reserves.||
TAU|Nomadic Hunter|000008821004|20|Kroot Hunting Pack|000000847|false|This Shaper’s followers have become adept at the loping pursuit, snapping off harassing fire as they tirelessly and mercilessly run their victims to ground.|Kroot Trail Shaper model only. While the bearer is leading a unit, add 3" to the Move characteristic of models in that unit and ranged weapons equipped by models in that unit have the [ASSAULT] ability.||
TAU|Root-carved Weapons|000008821005|10|Kroot Hunting Pack|000000847|false|Just as the Kroot venerate the so-called Roots from which their culture derives, so they prize the traditional forms of Root-carved weapons and must perform exceptional deeds to be permitted to wield them in war.|Kroot War Shaper model only. All weapons equipped by the bearer have the [PRECISION] and [DEVASTATING WOUNDS] abilities.||
TAU|Starflare Ignition System|000008815005|20|Retaliation Cadre|000000846|false|The ignition thrusters on selected battlesuits are augmented with optional feed-selectors, allowing the pilot to release a jet of enriched accelerant upon take-off and sending the pilots streaking skywards.|T’au Empire Battlesuit model only. At the end of your opponent’s turn, if the bearer’s unit is not within Engagement Range of one or more enemy units, you can remove that unit from the battlefield and place it into Strategic Reserves.||
TAU|Through Unity, Devastation|000008442005|30|Kauyon|000000781|false|Under their calm tutelage of this leader, warriors of the Fire caste maximise every shot they fire, creating a blizzard of deadly energy.|<span class="kwb">T’AU</span> <span class="kwb">EMPIRE</span> model only (excluding Kroot Shaper models). While the bearer is leading a unit, each time that unit is an Observer unit, until the end of the phase, ranged weapons equipped by models in a Guided unit have the [LETHAL HITS] ability while targeting their Spotted unit.||
TAU|Strike Swiftly|000008811005|45|Mont’ka|000000845|false|This commander knows victory is best assured by taking the fight to the enemy as soon as battle is joined.|<span class="kwb">T’AU</span> <span class="kwb">EMPIRE</span> model only. In the Resolve Pre-battle Abilities step, you can select up to two friendly <span class="kwb">T’AU</span> <span class="kwb">EMPIRE</span> units within 6" of this model that do not have the Scouts ability. Until the end of the battle, all models in the selected units have the <b>Scouts 6"</b> ability.||
TS|Predestined Champion|000009672002|0|Fateseekers|000000971|false|Many strands of fate intertwine about this Champion of Tzeentch, for it has been foretold that he may achieve greatness. Of course, fate is ever fickle...|While the bearer is on the battlefield, you are considered to control one additional objective marker for the purposes of the Twisting Fate army rule.||
TS|Walking Rampart|000010968002|30|Sekhetar Cohort|000001171|false|This Sorcerer callously employs the Sekhetar Robots as a mobile fortification, pouring sorcery into them to repair their battered forms and maintain his ambulatory shield.|SORCERER/EXALTED SORCERER model only. This model has the following abilities:<br><ul><li><b>Soul Bound:</b> In your Movement phase, at the start or end of this unit’s move, you can select one friendly SEKHETAR ROBOTS unit within 3" of this model. That <span class="kwb">SEKHETAR</span> <span class="kwb">ROBOTS</span> unit heals D3+1 wounds.</li><li><b>Kine-shielded Guardians:</b> While this model is within 3" of a friendly SEKHETAR ROBOTS unit, this model has Lone Operative</li></ul>||
TS|Unravelled Fates|000010972002|15|Servants of Change|000001172|false|How can the foe hope to suppress or drive back the hordes when, with a twist of sorcery, panic turns to courage, and certain doom mutates into burgeoning triumph?|TZAANGOR SHAMAN model only. In your Movement phase, at the start or end of this unit’s move, you can select one friendly battle-shocked MUTANT unit within 6" of this model. That unit is no longer <b>battle-shocked</b>.||
TS|Lord of Forbidden Lore|000010193002|20|Grand Coven|000001061|false|This Sorcerer has committed many a grimoire and unholy tome to memory, giving them unparalleled knowledge of hexes, curses and destructive rites.|<span class="kwb">THOUSAND</span> <span class="kwb">SONS</span> model only. Each time the bearer manifests a Ritual, while resolving that Ritual, add 6" to its range.||
TS|Thrallmaster|000009663002|0|Devoted Thralls|000000970|false|In the eyes of this Sorcerer, thronging masses of cultists and Tzaangors are little more than cannon fodder to be used as living shield.|At the start of the first battle round, you can select one friendly THOUSAND SONS CULTiSTS or TzAANGORS unit within the same Entry Zone as the bearer. If you do, that unit can make a Normal move of up to 6".||
TS|Eruption of Vitality|000010964002|35|Ritual of Regeneration|000001170|false|Their carcass consumed in a sudden pyre of warpflame, this champion of Tzeentch steps from the blaze as a mutant parody of their former self.|INFANTRY/MOUNTED THOUSAND SONS PSYKER model only. (Once per battle, per army) When this model is destroyed, at the end of the phase, roll one D6:<br><ul><li>On a 2+, set up this model on the battlefield, unengaged and as close as possible to where it was destroyed. This model is not part of an attached unit and its unit has a starting strength of 1. This model has 3 wounds remaining.</li></ul>||
TS|Warpmeld Dagger|000010201002|10|Warpmeld Pact|000001063|false|Sacrifice is ever at the route of infernal power, even better when bought with the grossest of betrayal.|Tzaangor Shaman model only. Each time the bearer attempts a Ritual, just before determining the Psychic test result, the bearer can use this Enhancement. If it does, the bearer suffers D3 mortal wounds; if it is not destroyed as a result, add 1 to that Psychic test result for each of those mortal wounds suffered.||
TS|Arcane Might|000009741002|20|Hexwarp Thrallband|000000983|false|Drawing upon the rampant Warp energies coursing across the battlefield, this sorcerous champion imbues their weapons and those of their talented underlings with soul-shattering force.|<span class="kwb">THOUSAND</span> <span class="kwb">SONS</span> model only. Add 1 to the Strength characteristic of Psychic weapons equipped by models in the bearer’s unit. While the bearer’s unit is wholly within your army’s Flow of Magic, add 2 to the Strength characteristic of Psychic weapons equipped by models in that unit instead.||
TS|Warp Syphon|000010209002|5|Warpforged Cabal|000001065|false|This Sorcerer greedily digs into the occult ley lines that thread a cabal’s war engines, redirecting unwelcome surges of empyric overflow into the vehicles’ structure.|<span class="kwb">THOUSAND</span> <span class="kwb">SONS</span> model only. While the bearer is within 6" of one or more friendly Thousand Sons Vehicle units, each time the bearer Channels the Warp, after you roll that additional D6 but before checking for doubles or triples, the bearer can use this Enhancement. If it does, select one of those <span class="kwb">VEHICLE</span> units; that <span class="kwb">VEHICLE</span> unit suffers 1 mortal wound and you can re-roll that additional D6.||
TS|Nethershriek Mind-eater|000010197002|10|Changehost of Deceit|000001062|false|This occultist draws upon an eldritch contract with a daemonic gheist. The entity gleefully tears into weak wills, feasts on doubts and screams its burning laughter into the recesses of its prey’s meagre souls.|<span class="kwb">THOUSAND</span> <span class="kwb">SONS</span> or Lord of Change model only. At the start of your Shooting phase, select one enemy unit within 12" of and visible to the bearer. That unit must take a Battle-shock test; if that test is failed, that unit suffers 3 mortal wounds.||
TS|Risen Rubricae|000010205002|30|Rubricae Phalanx|000001064|false|A plan decades in the making comes to fruition as hidden, silent Rubricae emerge at a fateful hour to deliver the killing blow.|<span class="kwb">THOUSAND</span> <span class="kwb">SONS</span> model only. At the start of the Declare Battle Formations step, select either two Rubricae Battleline units from your army or one other Rubricae unit from your army; models in the selected units have the Infiltrators ability.||
TS|Warp Mastery|000009654002|0|Chosen Cabal|000000969|false|This psyker is steeped in the malefic secrets of the warp. Their powers are manifested with a terrifying and destructive intensity.|Each time you roll to determine the number of attacks made with a Psychic weapon equipped by the bearer, you can re-roll the result.||
TS|Occulus Infernum|000010968003|20|Sekhetar Cohort|000001171|false|It may be the Sekhetar Robots that fire upon the foe, but it is their sorcerous master that aims through their stolen senses.|SORCERER/EXALTED SORCERER model only. In your Movement phase, at the start or end of this unit’s move, you can select one friendly SEKHETAR ROBOTS unit within 6" of this unit. That unit’s ranged attacks have +1 <b>BS</b> until the start of your next turn.||
TS|Empowered Manifestation|000009741003|20|Hexwarp Thrallband|000000983|false|The many eyes of this witch lord blaze with barely contained arcane might. Whilst the spells they unleash are rendered far more lethal, such destructive power comes at significant risk.|<span class="kwb">THOUSAND</span> <span class="kwb">SONS</span> model only. While the bearer’s unit is wholly within your army’s Flow of Magic, you can add 6" to the range of Psychic abilities the bearer has that specify a range (including Rituals) and each time a model in the bearer’s unit takes a Hazardous test for a Psychic weapon, you can re-roll the result.||
TS|Astral Predation|000009672003|0|Fateseekers|000000971|false|With a great psychic effort, this warrior savant projects his eldritch soul out from his mortal shell that it might pass through doorways into other futures and strike down his enemies before they have a chance to react.|Once per battle, in your Movement phase, when the bearer is selected to move, it can use this Enhancement. If it does, select one closed Hatchway on the battlefield. Until the end of the phase, the bearer can move through that Hatchway as if it was open (note that this does not open that Hatchway - it remains closed).||
TS|Incandaeum|000010193003|15|Grand Coven|000001061|false|This staff was fashioned from the sorcerously crystallized fires of a Tzeentchian Firelord. Roiling tides of apocalyptic flame surge constantly within Incandaeum’s iron-hard prison, but only through twisted incantation can they be unleashed.|Exalted Sorcerer model only. Once per battle, when selecting a Ritual for the bearer to attempt, you can select Doombolt, even if a model from your army have already attempted to manifest that Ritual this phase.||
TS|Arcane Thralls (Aura)|000010205003|5|Rubricae Phalanx|000001064|false|This Warp mage has unearthed eldritch lore by which they have mastered the means to tether the Legion’s former warriors to their will with an unbreakable leash of raw sorcery.|<span class="kwb">THOUSAND</span> <span class="kwb">SONS</span> model only. While a friendly Rubricae unit is within 9" of the bearer, you can re-roll Battle-shock tests taken for that unit.||
TS|Diabolic Savant|000010197003|20|Changehost of Deceit|000001062|false|By making a promise of blood and souls, this Sorcerer draws an infernal sentience near. It presses against the straining veil of reality, and from its fanged maw spill gibbered secrets of sanity-straining sorcery.|Thousand Sons Infantry model only. While the bearer is within 6" of one or more friendly Scintillating Legions units, each time the bearer Channels the Warp, add 1 to the Psychic test result.||
TS|Prescient Authority|000009663003|0|Devoted Thralls|000000970|false|This Sorcerer exerts their domineering will over their mortal charges and guides their hands as they lash out at the enemy with beak, blade and talon.|Once per turn, when a friendly THOUSAND SONS CULTiSTS or TzAANGORS unit within 3" of the bearer is selected to shoot or fight, the bearer can use this Enhancement. If it does, until the end of the phase, each time a model in that <span class="kwb">THOUSAND</span> <span class="kwb">SONS</span> <span class="kwb">CULTISTS</span> or <span class="kwb">TZAANGORS</span> unit makes an attack, re-roll a Wound roll of 1.||
TS|Curse of Life|000010964003|20|Ritual of Regeneration|000001170|false|A ghastly torrent of unnatural life force pours through this warrior mystic, which will curse them with animus long after they wish themselves safely dead.|INFANTRY/MOUNTED THOUSAND SONS PSYKER  model only. When this model heals as a result of the <b>Sorcerous Invigoration detachment rule</b>, you can add 3 to the number of wounds <b>healed</b>. ||
TS|Diamond of Distortion|000010201003|20|Warpmeld Pact|000001063|false|This precious gem is infused with a strange energy that distorts reality around the bearer, making them all but impossible to strike.|Tzaangor Shaman model only. While the bearer is leading a unit, each time an attack targets that unit, subtract 1 from the Hit roll.||
TS|Fires of Change|000009654003|0|Chosen Cabal|000000969|false|Those struck by this psyker’s sorcery are engulfed in vibrant, flickering flames that inflict horrifying mutations upon their bodies.|Each time the bearer shoots, after it has shot, select one enemy unit hit by one or more of those attacks made with a Psychic weapon. That unit must take a Battle-shock test, subtracting 1 from the result.||
TS|The Perplexing Cloak|000010209003|20|Warpforged Cabal|000001065|false|Woven from fibres pulled from mind impulse units while their owners are still alive, this cloak is a ritual interface between the biological and the mechanical, masking the wearer in the shadow of their iron wards.|Thousand Sons Infantry model only. While the bearer is within 3" of one or more friendly Thousand Sons Vehicle units, the bearer has the Lone Operative ability.||
TS|Thicket of Bladed Bone|000010972003|10|Servants of Change|000001172|true|Horrific mutations have rendered this degenerate Spawn especially dangerous at close quarters.|SPAWN unit only. This unit’s melee attacks have:<br><ul><li>+1 <b>AP</b>.</li><li>[CLEAVE 1].</li></ul>||
TS|Biomechanical Mutation|000010209004|15|Warpforged Cabal|000001065|false|The war engines of the Thousand Sons seethe with Warp energies, power that this adept of eldritch metallurgy can manipulate to cause their sundered hulls to flow and reseal like wax.|<span class="kwb">THOUSAND</span> <span class="kwb">SONS</span> model only. In your Command phase, you can select one friendly Thousand Sons Vehicle model within 6" of this model. That model regains up to D3 lost wounds.||
TS|Bray Lord|000010201004|15|Warpmeld Pact|000001063|false|There are those amongst Magnus’ gene-sons that revel in dominating the twisted mutants of Sortiarius, setting themselves up as demigods over their shrieking flocks.|SORCERER or INFERNAL MASTER model only. The bearer has the Scouts 6" ability.|<span class="kwb">LEADER:</span> <a class="kwbOne" href="/wh40k11ed/factions/thousand-sons/Tzaangors"><span class="kwb kwbo">TZAANGORS</span></a>|
TS|Duplicitous Malediction|000010197004|15|Changehost of Deceit|000001062|false|This magisterial deceiver is capable of weaving bewitching illusions across entire battlefronts, hiding their true strength behind twisted falsehoods.|<span class="kwb">THOUSAND</span> <span class="kwb">SONS</span> or Lord of Change model only. After both players have deployed their armies, select up to three <span class="kwb">THOUSAND</span> <span class="kwb">SONS</span> units from your army and redeploy them. When doing so, you can set those units up in Strategic Reserves if you wish, regardless of how many units are already in Strategic Reserves.||
TS|Lord of the Rubricae|000010205004|15|Rubricae Phalanx|000001064|false|This champion draws power from the Immaterium and channels it into his Rubricae to enhance their might.|<span class="kwb">THOUSAND</span> <span class="kwb">SONS</span> model only. While the bearer is leading a unit, each time a Rubricae model in that unit makes an attack, add 1 to the Hit roll.||
TS|Umbralefic Crystal|000010193004|30|Grand Coven|000001061|false|One in command of this powerful relic - coalesced from the cursed gloom of Mangel III - can use its energies to temporarily fold space, creating a gate of sorcerous translocation through which they can step.|<span class="kwb">THOUSAND</span> <span class="kwb">SONS</span> model only. (Once per battle, per army) In your Command phase, if this unit is unengaged, you can use this ability. If you do:<br><ul><li>Place this unit in strategic reserves.</li><li>This unit has Deep Strike until the start of your next Shooting phase.</li><li>This unit must make an ingress move in your next Movement phase (including in your first turn).</li></ul>||
TS|Empyric Onslaught|000009741004|25|Hexwarp Thrallband|000000983|false|Suffused with boundless empyric force, this ritualist unleashes overwhelming torrents of destructive magic upon their enemies.|<span class="kwb">THOUSAND</span> <span class="kwb">SONS</span> model only. While the bearer’s unit is wholly within your army’s Flow of Magic, add 3 to the Attacks characteristic of ranged Psychic weapons equipped by the bearer.||
TS|Flowing Flesh|000010201005|10|Warpmeld Pact|000001063|false|This prophet is favoured by the transmutative boon of Tzeentch’s fell mutations, their body a rippling vessel of constantly reforming flesh and sinew, feather and bone.|Tzaangor Shaman model only. The bearer has the Feel No Pain 4+ ability and a Wounds characteristic of 5.||
TS|The Stave Abominus|000010205005|20|Rubricae Phalanx|000001064|false|This stave is a compressed and runically imprisoned Warp rift given physical form. Every blow struck with it allows clamouring tentacular horrors to lash out from beyond the veil, their ethereal fangs and lashing pseudopods wreaking bloody havoc.|Thousand Sons Infantry model only. The bearer’s melee weapons have the [sustained hits D3] and [devastating wounds] abilities.||
TS|Tome of True Names|000010197005|20|Changehost of Deceit|000001062|false|Stolen from Imperial daemonhunters and added to over millennia, this dangerous tome can compel a host of empyric entities to shield the bearer in extremis. Once uttered, however, the names vanish.|Thousand Sons Infantry model only. Once per battle, at the start of any phase, the bearer can use this Enhancement. If it does, until the end of the phase, the bearer has a 2+ invulnerable save.||
TS|Noctilith Mantle|000009741005|15|Hexwarp Thrallband|000000983|false|With this crest, wrought from empyrically charged blackstone, this warrior becomes a mobile locus of unchecked Warp power.|<span class="kwb">THOUSAND</span> <span class="kwb">SONS</span> model only. While the bearer’s unit is on the battlefield, it is wholly within your army’s Flow of Magic. Models in that unit cannot be selected to use any Rituals.||
TS|Warp-cursed Runemaster|000010209005|10|Warpforged Cabal|000001065|false|This malefic ritualist draws upon the power coiled within baleful runes applied to the thrallband’s armoured assets, bleeding them for empyric energy.|<span class="kwb">THOUSAND</span> <span class="kwb">SONS</span> model only. While the bearer is within 6" of one or more friendly Thousand Sons Vehicle units, each time the bearer manifests a Ritual, while resolving that Ritual, add 6" to its range.||
TS|Eldritch Vortex of E’taph|000010193005|35|Grand Coven|000001061|false|When the insane Magister E’taph was consumed by his own ritual, his death created a semi-sentient vortex. Many have attempted to channel its power into their spells, risking E’taph’s insane gaze turning on them.|<span class="kwb">THOUSAND</span> <span class="kwb">SONS</span> model only. Add 1 to the Strength and Damage characteristics of Psychic weapons equipped by the bearer.||
TYR|Stalking Menace|000009724002|0|Infestation Swarm|000000979|false|Soon after this nightmarish predator vanishes from sight, its victims feel the hot reek of its breath upon the napes of their necks in the instant before it strikes.|Once per battle, at the end of your opponent’s Fight phase, if the bearer is not within Engagement Range of one or more enemy units, it can use this Enhancement. If it does, remove the bearer from the battlefield and place it into Strategic Reserves. It will arrive back on the battlefield in the Reinforcements step of your next Movement phase as if it had the Deep Strike ability. If this is not possible, the bearer is destroyed. When the bearer is set back up on the battlefield, until the end of the turn, it cannot declare a charge.||
TYR|Relentless Hunger|000008408002|20|Unending Swarm|000000770|false|An overriding need to sink their fangs into the flesh of their prey drives these creatures toward the foe.|<span class="kwb">TYRANIDS</span> model only. Add 2" to the Move characteristic of models in the bearer’s unit.||
TYR|Synaptic Strategy|000010147002|15|Subterranean Assault|000001057|false|Possessing an exceptionally acute connection to the hive mind, this creature benefits from a constant influx of sensory data, enabling it to traverse the battlefield and emerge at the place and time of maximum impact.|Tyranids model only. Once per battle, you can target the bearer’s unit with the Rapid Ingress stratagem for 0CP, and can do so even if you have already targeted a different unit with that Stratagem this phase.||
TYR|Ominous Presence|000008404002|15|Crusher Stampede|000000769|false|The crushing menace of the Hive Mind rolls off this monstrous creature in waves, causing it to loom even larger in the minds of its quailing prey and lending it absolute dominance of the battlefield.|Tyranids Monster model only. Add 3 to the bearer’s Objective Control characteristic.||
TYR|Encircling Horrors|000010936002|20|Ambush Predators|000001197|true|By the time the prey realise that they are being hunted, the Hive Mind’s vanguard organisms have already enfolded them in a murderous embrace. There is no hiding from what comes next.|NEUROLICTOR/LICTOR/VON RYAN’S LEAPERS unit only. In your opponent’s Movement phase, when an enemy unit ends a move within 8" of this unit, this unit can make a normal move of up to D3+3".||
TYR|Alien Cunning|000008348002|30|Invasion Fleet|000000748|false|This leader-beast possesses highly sophisticated neural pathways, allowing it to identify priority strategic assets and adapt the disposition of its warriors to seize them before the foe even recognise their value.|<span class="kwb">TYRANIDS</span> model only. After both players have deployed their armies, select up to three <span class="kwb">TYRANIDS</span> units from your army and redeploy them. When doing so, you can set those units up in Strategic Reserves if you wish, regardless of how many units are already in Strategic Reserves.||
TYR|Elevated Might|000009737002|30|Warrior Bioform Onslaught|000000982|false|This bioform and its symbiotic weapon-beasts have been adapted for maximum lethality|WINGED TYRANID PRIME/TYRANID PRIME WITH LASH WHIP model only. This model’s melee attacks:<br><ul><li>Can re-roll wound rolls.</li><li>Have +1 <b>AP</b>.</li></ul>||
TYR|Power of the Hive Mind|000008421002|10|Synaptic Nexus|000000773|false|The Hive Mind channels lethal energy through its synaptic bioforms.|Tyranids Psyker model only. Improve the Strength and Armour Penetration characteristics of psychic weapons equipped by the bearer by 1.||
TYR|Destabilising Predation|000010940002|20|Talons of the Norn Queen|000001198|true|Reaching out like the will of the Hive Mind made manifest, this organism’s pinpoint fire is perfectly tailored to strike down leaders amongst the prey.|NORN EMISSARY unit only. This unit’s ranged attacks have [ANTI-CHARACTER 2+].||
TYR|Hunting Grounds|000008417002|30|Vanguard Onslaught|000000772|false|This warrior organism has identified installations and routes of communication and supply vital to the prey. As the Tyranid invasion commences so the beast orchestrates ambushes and terror raids against these priority targets, ensuring that those enemy reinforcements who do reach the battlefield do so in bloodied disarray.|<span class="kwb">TYRANIDS</span> model only. While the bearer is on the battlefield, each time your opponent sets up a Reserves unit on the battlefield, roll one D6: on a 2+, that unit must take a Battle-shock test.||
TYR|Monoform Predators|000009690002|0|Boarding Swarm|000000974|false|These hunter organisms are already perfectly tailored to their task. The Hive Mind does not waste biomass in altering them further.|TYRANiDS models in this Detachment cannot be given Enhancements.||
TYR|Regenerating Monstrosity|000008412002|20|Assimilation Swarm|000000771|false|This nightmarish creature seems virtually unkillable, its every hurt healing in moments as it guzzles down the hunks of bubbling biomatter that were once foes.|<span class="kwb">TYRANIDS</span> model only (excluding Monsters models). The bearer’s unit can be regenerated up to twice per phase, instead of once.||
TYR|Synaptic Goad|000009681002|0|Tyranid Attack|000000973|false|This gestalt colony of ganglean parasites amplifies the Hive Mind’s localised control over its leading warrior organisms, driving them on to greater speed and aggression.|In your Command phase, select one friendly TYRANiD WARRiORS wiTH MELEE BiO-wEAPONS or TYRANiD WARRiORS wiTH RANGED BiO-wEAPONS unit within 6" of the bearer. Until the end of the turn, add 2" to the Move characteristic of models in that unit.||
TYR|Synaptic Beacon|000009699002|0|Biotide|000000975|false|Like a psionic fire burning in the depths of the void, this organisms mere presence unifies and anchors all the swarms flowing about it.|While a friendly <span class="kwb">TYRANIDS</span> unit is within 9" of the bearer (ignoring Walls and closed Hatchways), that unit is within Synapse Range of the bearer and of your army.||
TYR|Synaptoprescience|000010940003|30|Talons of the Norn Queen|000001198|true|As though privy to glimpses of the Hive Mind’s own near‑omniscient view of events, this towering beast weaves unerringly aside from incoming threats.|NORN ASSIMILATOR unit only. This unit has 4+ InSv.||
TYR|Perfectly Adapted|000008348003|15|Invasion Fleet|000000748|false|This creature was created for one purpose: to completely eradicate the defenders of the target prey world.|<span class="kwb">TYRANIDS</span> model only. Once per turn, you can re-roll one Hit roll, one Wound roll, one Damage roll, one Advance roll, one Charge roll or one saving throw made for the bearer.||
TYR|Ocular Adaptation|000009737003|20|Warrior Bioform Onslaught|000000982|false|This node‑beast’s bioadaptations allow it to perceive the minutest electrical impulse or heat signature. Few prey organisms escape its clutches.|WINGED TYRANID PRIME/TYRANID PRIME WITH LASH WHIP model only. This unit’s melee attacks have +1 to hit rolls.||
TYR|Chameleonic|000008417003|15|Vanguard Onslaught|000000772|false|Subdermal crystals in this organisms carapace capture and redirect light, helping to conceal it.|VANGUARD INVADER model only. This unit has Stealth.||
TYR|Naturalised Camouflage|000008408003|30|Unending Swarm|000000770|false|These warrior organisms possess limited chameleonic properties that conceal their advance. The benefits of such deceptions decrease as they approach their prey, but can be enough to bring them safely into range to strike.|<span class="kwb">TYRANIDS</span> model only. At the start of the first battle round, select up to three friendly Endless Multitude units within 9" of the bearer. Until the end of the battle round, each time a ranged attack targets one of those units, models in that unit have the Benefit of Cover against that attack.||
TYR|Instinctive Defence|000008412003|15|Assimilation Swarm|000000771|false|The swarm’s warrior organisms fight with instinctive and single-minded ferocity to protect the all-devouring organisms in their midst.|TYRANIDS model only. While the bearer is within 6" of one or more friendly HARVESTER units, when you target this unit with the Heroic Intervention stratagem, that use is -1 CP. In addition, while the bearer is within 6" of one or more friendly <span class="kwb">HARVESTER</span> units, models in the bearer’s unit have the Fights First ability.||
TYR|Cryptophotaic Camouflage|000010936003|15|Ambush Predators|000001197|true|The dermis of these biohunters has been adapted to subtly alter hue according to what the ocular receptors of the prey expect to see, thus hiding the creatures even in plain sight.|VON RYAN’S LEAPERS unit only. This unit has -3" detection range.||
TYR|Enraged Reserves|000008404003|20|Crusher Stampede|000000769|false|Contained deep within this organism’s body is a pulsating sac filled with a cocktail of adrenostimulant fluids linked to a ring of vascular-pneumatic sphincters, allowing them one last-ditch strike.|Tyranids Monster model only. If the bearer is destroyed by a melee attack, if it has not fought this phase, roll one D6: on a 3+, do not remove it from play. It can fight after the attacking model’s unit has finished making its attacks, and is then removed from play.||
TYR|Reinforced Carapace|000009681003|0|Tyranid Attack|000000973|false|Threaded with molecular veins of absorbed alloys and minerals, this bioforms chitinous carapace has a dull glint that hints at its formidable resilience.|Each time an attack is allocated to the bearer, subtract 1 from the Damage characteristic of that attack (note that if given to a <span class="kwb">TYRANID</span> <span class="kwb">PRIME</span> model, this only affects that model and not other models in its unit).||
TYR|Tremor Senses|000010147003|20|Subterranean Assault|000001057|false|From its concealed position beneath the battlefield, this bioform picks up on subtle traces of movement from the enemy force, impelling its fellow organisms to reposition themselves in preparation for a coordinated assault.|Tyranids model only. After both players have deployed their armies, select up to three friendly <span class="kwb">TYRANIDS</span> units from your army and redeploy them. When doing so, you can set those units up in Strategic Reserves, regardless of how many units are already in Strategic Reserves.||
TYR|Psi-spoor Sensitivity|000009724003|0|Infestation Swarm|000000979|false|Able to taste its prey’s terrified mental signatures like pheromones, there is nowhere to hide from this beast.|Each time the bearer declares a charge, it can target enemy units that are not visible to it.||
TYR|Psychostatic Disruption|000008421003|30|Synaptic Nexus|000000773|false|A maelstrom of psychostatic disruption boils about this bioform. It degrades artificial and biological cognition alike, causing teleport signals to fluctuate, geopositioning cogitators to spew contradictory data, and onrushing enemy warriors to reel in confusion.|Tyranids Synapse model only. Enemy units that arrive on the battlefield from Reserves cannot be set up within 12" of the bearer. In addition, once per battle, during the first or second battle round, when your opponent declares that a unit will arrive on the battlefield from Strategic Reserves, the bearer can use this Enhancement. If it does, roll one D6: on a 4+, that enemy unit cannot arrive on the battlefield this turn.||
TYR|Hypersurge Gland|000009699003|0|Biotide|000000975|false|This internal symbiote can expend itself in a single flood of aggression stimulants and drive its host into a sudden, accelerated attack against a key target.|Once per battle, at the end of your opponents Charge phase, the bearer can use this Enhancement. If it does, it can declare a charge as if it were your Charge phase.||
TYR|Synaptic Control|000008421004|20|Synaptic Nexus|000000773|false|The Hive Mind’s synaptic network is so strong that even the mangled remains of mortally wounded beasts can be compelled to fight on.|Tyranids Synapse model only. Each time an attack is allocated to the bearer, subtract 1 from the Damage characteristic of that attack.||
TYR|Vanguard Intellect|000010147004|15|Subterranean Assault|000001057|false|This bioform uses its own keen senses and predatory intellect to burrow into position and strike before the enemy can react.|Tyranids model with the Deep Strike ability only. The bearer’s unit can be set up using the Deep Strike ability in the Reinforcements step of your first, second or third Movement phase, regardless of any mission rules.||
TYR|Biophagic Flow (Aura)|000008412004|10|Assimilation Swarm|000000771|false|Parasitised biomass and revivifying fluids flow through the Assimilation Swarm like lifeblood.|<span class="kwb">TYRANIDS</span> model only. While a friendly Harvester model is within 12" of the bearer, when using the Feed the Swarm ability, that <span class="kwb">HARVESTER</span> model can Regenerate one friendly <span class="kwb">TYRANIDS</span> unit that is within 9" of it, instead of one within 6".||
TYR|Null Nodules|000008404004|10|Crusher Stampede|000000769|false|A contraganglion knot in this creature’s cranium channels and amplifies the smothering power of the Shadow in the Warp to nullify its prey’s psychic abilities.|Tyranids Monster model only. Once per battle, when a Psychic Attack is allocated to the bearer, it can use this ability. If it does, until the end of the phase, the bearer has the Feel No Pain 5+ ability against Psychic Attacks.||
TYR|Synaptic Linchpin|000008348004|20|Invasion Fleet|000000748|false|With a neuro-cortex that pulsates with the irresistible power of the Hive Mind, this leader acts as a blazing synaptic beacon to the lesser creatures of the swarm, the better to direct their actions and react to the ever-changing state of battle.|<span class="kwb">TYRANIDS</span> model only. While a friendly <span class="kwb">TYRANIDS</span> unit is within 9" of the bearer, that unit is within Synapse Range of your army.||
TYR|Piercing Talons|000008408004|25|Unending Swarm|000000770|false|A simple but potent biomorphic enhancement of these warrior organisms sees some amongst their number boast diamond-sharp talon tips. Lashing suddenly from amidst the mass of thrashing weapon limbs these plunge through armour to pierce organs and rupture delicate systems.|<span class="kwb">TYRANIDS</span> model only. Each time a model in the bearer’s unit makes an attack, on a Critical Wound, improve the Armour Penetration characteristic of that attack by 1.||
TYR|Stalker|000008417004|10|Vanguard Onslaught|000000772|false|This hunter seeks vital priority prey that has been pheromonally marked for swift slaughter.|Vanguard Invader model only. At the start of the battle, select one enemy unit. Each time the bearer makes an attack that targets that enemy unit, add 1 to the Hit roll and add 1 to the Wound roll.||
TYR|Monstrous Nemesis|000008404005|25|Crusher Stampede|000000769|false|With its basic logic centres and instinctive drivers augmented, this warrior organism is capable of singling out and hunting down valuable prey without direct synaptic oversight.|Tyranids Monster model only. Each time the bearer makes a melee attack that targets a <span class="kwb">MONSTER</span> or <span class="kwb">VEHICLE</span> unit, add 1 to the Wound roll.||
TYR|Trygon Prime|000010147005|20|Subterranean Assault|000001057|false|Only rarely manifested by the hive fleets, the Trygon Prime possesses a greatly enhanced synaptic network within its neural cortex, enabling it to more precisely coordinate the assaults of burrowing Tyranid creatures.|Trygon model only. The bearer gains the Synapse keyword. Improve the Strength and Weapon Skill characteristics of melee weapons equipped by the bearer by 1.||
TYR|Neuronode|000008417005|20|Vanguard Onslaught|000000772|false|While no true synapse beast, this bioform has been grafted with a limited synaptic symbiote, the influence of which increases its host’s ability to formulate and enforce large-scale predatory strategies.|<span class="kwb">TYRANIDS</span> model only. After both players have deployed their armies, you can select up to three Vanguard Invader units from your army and redeploy all of those units. When doing so, any of those units can be placed into Strategic Reserves, regardless of how many units are already in Strategic Reserves.||
TYR|Parasitic Biomorphology|000008412005|25|Assimilation Swarm|000000771|false|These warrior organisms boast additional fanged maws, jabbing probosci and haemophagic membranes that consume the fluids of their prey.|<span class="kwb">TYRANIDS</span> model only. Add 1 to the Strength characteristic of melee weapons equipped by models in the bearer’s unit. The first time the bearer’s unit destroys an enemy unit in the Fight phase while the bearer is within 6" of one or more friendly Harvester units, until the end of the battle, add 1 to the Attacks characteristic of melee weapons equipped by models in the bearer’s unit.||
TYR|Adrenalised Onslaught|000008408005|15|Unending Swarm|000000770|false|Biostimulants course through the bodies of these warrior organisms, combining with goading synaptic impulses to lend them an unholy turn of speed.|<span class="kwb">TYRANIDS</span> model only. Each time the bearer’s unit Piles In or Consolidates, models in this unit can move an additional 3".||
TYR|Adaptive Biology|000008348005|25|Invasion Fleet|000000748|false|The same weapon rarely works against this leader-beast twice, as its alien physiology adapts at an astonishing rate to counter the attacks of the foe.|<span class="kwb">TYRANIDS</span> model only. The bearer has the Feel No Pain 5+ ability. At the start of any turn, if the bearer has fewer than its starting number of wounds remaining, until the end of the battle, it has the Feel No Pain 4+ ability instead.||
TYR|The Dirgeheart of Kharis (Aura)|000008421005|15|Synaptic Nexus|000000773|false|This grotesque biomorphic symbiote buries itself in its hosts thorax and emits a droning psychic note. The longer prey are exposed to the sound, the worse their atavistic terror response becomes...|Tyranids Synapse model only. While an enemy unit is within 9" of the bearer, worsen that units Leadership characteristic by 1.||
WE|Frenzied|000009716002|0|Skullsworn|000000978|false|So gripped is this warrior by the need to kill and kill again in Khornes name, that they never for even a moment pause in their endless hunt for fresh victims.|You can re-roll Advance and Charge rolls made for the bearer, and the bearer is eligible to declare a charge in a turn in which it Advanced.||
WE|Chosen of Khorne|000009708002|0|Boarding Butchers|000000977|false|Many are the skulls this warrior has taken and offered up in the Blood God’s name, which has its rewards.|Once the bearer has destroyed one or more enemy units, until the end of the battle, each time you make a Blessings of Khorne roll, if the bearer is on the battlefield, you can re-roll all of the dice (if you do, you must re-roll every dice).||
WE|Icon of War|000010078002|25|Khorne Daemonkin|000001043|false|This warrior bears a brass icon redolent with empyric energies. Daemonic entities who gaze upon its macabre magnificence are lent fresh vitality.|World Eaters model only. While a friendly Blood Legions unit is within 6" of the bearer, that unit has the Blessings of Khorne ability. If the Might of Khorne ability is active for your army, then while a friendly <span class="kwb">BLOOD</span> <span class="kwb">LEGIONS</span> unit is within 6" of the bearer, you can re-roll Battle-shock tests taken for that unit.||
WE|Sanctified in Slaughter|000010980002|15|Butchers of Khorne|000001179|true|These Terminator‑armoured butchers soak the battlefield in gore, and in so doing consecrate it in the name of Khorne.|TERMINATOR SQUAD unit only. This unit has +1 <b>OC</b>.||
WE|Talons of Butchery|000010976002|20|Brazen Engines|000001178|true|The vicious talons of this daemon engine are said to have been fashioned in the blazing forges of the Blood God’s empyric realm.|MAULERFIEND unit only. This unit’s <b>Maulerfiend Fists</b> have [CLEAVE 2].||
WE|Malicious Vigour|000010082002|30|Possessed Slaughterband|000001044|false|Twin hearts pump molten rage through bulging veins and arteries, daemonic possessor lending its mutated host unnatural speed and endurance.|Slaughterbound model only. Each time the bearer’s unit makes a Brazen Fury move, it is treated as having rolled a 6 for the distance the unit can be moved.||
WE|Murderous Onslaught|000010086002|5|Goretrack Onslaught|000001045|false|An expert in mechanised warfare, the assaults this warrior leads are so swift and violent that few foes can react before the hammer falls.|World Eaters model only. If the bearer’s unit disembarked from a Transport this turn, until the end of the turn, enemy units cannot use the Fire Overwatch Stratagem to shoot at the bearer’s unit.||
WE|Archslaughterer|000009847002|30|Vessels of Wrath|000001007|false|This gifted killer channels the fullness of his rage into every weapon swing – doubly so when the Blood God’s gaze is upon him.|WORLD EATERS model only. (Once per battle, per army) In your Command phase, you can use this ability. If you do, every Blessing of Khorne is active for this unit until the start of your next turn.||
WE|Berzerker Glaive|000008432002|35|Berzerker Warband|000000777|false|The bearer of this daemon-infested weapon is driven to a state of apoplectic frenzy by the touch of its red-hot grip.|<span class="kwb">WORLD</span> <span class="kwb">EATERS</span> model only. Add 1 to the Attacks and Damage characteristics of melee weapons (excluding Extra Attacks weapons) equipped by the bearer.||
WE|Chosen of the Blood God|000010074002|15|Cult of Blood|000001042|false|This immortal being has earned the favour of the Blood God, and its monstrous form is redolent with Khorne’s unholy power.|World Eaters Monster model only. Add 3" to the range of the bearers Aura abilities.||
WE|Carmine Corona|000009716003|0|Skullsworn|000000978|false|As this murderous champion butchers his foes, so a blazing crown of rage, hate and agony blazes to life about his brows. None can look upon this ghastly spectacle without their eyes bleeding and a bleak despair gripping their hearts.|When the bearer destroys an enemy unit for the first time, until the end of the battle, the bearer has an Objective Control characteristic of 5.||
WE|Battle Lust|000009708003|0|Boarding Butchers|000000977|false|Foes attempting to gun this warrior down only stoke his berserk rage still higher.|Each time an enemy unit is selected to shoot, after that unit has shot, if the bearer was the target of one or more of those attacks, it can make a Battle Lust move. To do so, roll one D6: the bearer can be moved a distance in inches up to the result, but must end that move as close as possible to the attacking unit. When doing so, the bearer can be moved within Engagement Range of that enemy unit, but only that enemy unit.||
WE|Gateways to Glory|000009847003|10|Vessels of Wrath|000001007|false|With but a stroke of its infernal weapons, this favoured entity can hack paths through the meat of realspace itself to reach the foe all the quicker.|WORLD EATERS DAEMON PRINCE model only. This model has:<br><ul><li>MOBILE.</li><li>+1 to charge rolls.</li></ul>||
WE|Killing Clarity|000010082003|15|Possessed Slaughterband|000001044|false|The ecstatic release of extreme violence provides momentary clarity to even the most frenzied of minds.|World Eaters Daemon model only. Each time the bearer’s unit destroys an enemy unit, roll one D6: on a 4+, you gain 1CP.||
WE|Helm of Brazen Ire|000008432003|30|Berzerker Warband|000000777|false|Khorne’s faithful believe this relic was forged in the depths of the Blood God’s own realm. The blades of many champions have broken upon its brass surface.|<span class="kwb">WORLD</span> <span class="kwb">EATERS</span> model only. Each time an attack is allocated to the bearer, subtract 1 from the Damage characteristic of that attack.||
WE|Butcher Lord|000010074003|10|Cult of Blood|000001042|false|Some World Eaters lead packs of cultists into battle, inspiring the masses with their inhuman savagery.|WORLD EATERS INFANTRY model only. The bearer has the Infiltrators ability.|<span class="kwb">LEADER:</span> <a class="kwbOne" href="/wh40k11ed/factions/world-eaters/Goremongers"><span class="kwb kwbo">GOREMONGERS</span></a>, <a class="kwbOne" href="/wh40k11ed/factions/world-eaters/Jakhals"><span class="kwb kwbo">JAKHALS</span></a>|
WE|Aggressive Deployment|000010086003|20|Goretrack Onslaught|000001045|false|This warrior fights in the vanguard, urging his vehicles forward to unload troops as swiftly as possible.|World Eaters model only. In the Declare Battle Formations step, if the bearer starts the battle embarked within a Dedicated Transport, that <span class="kwb">DEDICATED</span> <span class="kwb">TRANSPORT</span> has the Scouts 9" ability.||
WE|Blood-forged Armour|000010078003|20|Khorne Daemonkin|000001043|false|Made in the depths of the Immaterium, this crimson plate possesses unholy resilience.|Blood Legions or World Eaters model only. The bearer has a Save characteristic of 2+. If the bearer is destroyed, you gain 1 Blood Tithe point.||
WE|Murder-Forged Entity|000010976003|15|Brazen Engines|000001178|true|Within this armoured shell burns the bloodthirsty essence of a greater daemon of Khorne, its power barely contained.|WORLD EATERS VEHICLE unit only. This unit has DAEMON||
WE|Gore-Stained Veterans|000010980003|20|Butchers of Khorne|000001179|true|Countless fields of bloody battle have honed these warriors’ martial skills to the keenest killing edge.|TERMINATOR SQUAD unit only. This unit’s melee attacks have +1 <b>WS</b>.||
WE|Disciple of Khorne|000010078004|15|Khorne Daemonkin|000001043|false|This puissant master of carnage has earned the right to lead Khornes immortal legions to war.|LORD ON JUGGERNAUT model only. The bearer has the Deep Strike ability and it has the BLOOD LEGIONS Faction keyword instead of the <span class="kwb">WORLD</span> <span class="kwb">EATERS</span> Faction keyword.|<span class="kwb">LEADER:</span> <a class="kwbOne" href="/wh40k11ed/factions/world-eaters/Bloodcrushers"><span class="kwb kwbo">BLOODCRUSHERS</span></a>, <a class="kwbOne" href="/wh40k11ed/factions/world-eaters/Flesh-Hounds"><span class="kwb kwbo">FLESH</span> <span class="kwb kwbo">HOUNDS</span></a>|
WE|Favoured of Khorne|000008432004|20|Berzerker Warband|000000777|false|This warrior has the favour of Khorne; the Blood God’s infernal power pulses through their veins.|<span class="kwb">WORLD</span> <span class="kwb">EATERS</span> model only. Each time you make a Blessings of Khorne roll, if the bearer is on the battlefield, you can re-roll up to two of the D6 rolled.||
WE|Unleash Hell|000010086004|10|Goretrack Onslaught|000001045|false|A veteran tank commander, this warrior orders nearby armoured vehicles to lay down a withering field of fire, providing cover for disembarking troops.|World Eaters model only. At the start of your Shooting phase, you can select one Vehicle model within 6" of the bearer or, if the bearer is embarked within a Transport, you can select that <span class="kwb">TRANSPORT</span> model. Until the end of the phase, after the selected model has shot, select one enemy unit hit by one or more of those attacks. Until the start of your next turn, that enemy unit is suppressed. While a unit is suppressed, each time a model in that unit makes an attack, subtract 1 from the Hit roll.||
WE|Brazen Form|000010074004|25|Cult of Blood|000001042|false|Whether possessed, colossal daemons or heliforged constructs, Khorne’s diabolic followers have monstrous resilience.|World Eaters Monster model only. Add 1 to the bearer’s Toughness characteristic and the bearer has the Feel No Pain 5+ ability.||
WE|Frenzied Focus|000010082004|20|Possessed Slaughterband|000001044|false|This daemon channels its blazing fury with violent precision, its blows as accurate as they are devastating.|World Eaters Daemon model only. Each time a model in the bearer’s unit makes an attack, a Critical Hit is scored on an unmodified Hit roll of 5+, instead of only a 6.||
WE|Strategic Slaughter|000010074005|20|Cult of Blood|000001042|false|Despite the frenzied battle-lust that consumes his soul, this warrior still retains a sliver of the tactical insight instilled in him by his training.|World Eaters model only. After both players have deployed their armies, select up to three Jakhals and/or Goremongers units from your army and redeploy them. When doing so, you can set those units up in Strategic Reserves, regardless of how many units are already in Strategic Reserves.||
WE|Infernal Infusion|000010086005|25|Goretrack Onslaught|000001045|false|Provided to veteran World Eaters by the Berzerker-surgeons, these combat stimulants grant the user shocking speed.|World Eaters model only. Once per battle, at the start of the Fight phase, the bearer can use this Enhancement. If it does, until the end of the phase, the bearer’s unit has the Fights First ability.||
WE|Violent Demise|000010082005|10|Possessed Slaughterband|000001044|false|Upon this daemon’s death, pent-up rage and empyric energies are released in a howling maelstrom of killing force from which there is no escape.|World Eaters Daemon model only. The bearer’s Deadly Demise ability inflicts mortal wounds on a D6 roll of 2+ instead of on a 6. In addition, the bearer has the Deadly Demise D3+1 ability, instead of the Deadly Demise D3 ability.||
WE|Blade of Endless Bloodshed|000010078005|30|Khorne Daemonkin|000001043|false|This possessed weapon is ever stained with gore and eternally thirsts to taste the blood of fresh victims, empowering the bearer with its endless hunger.|World Eaters model only. Add 1 to the Attacks, Strength and Damage characteristics of the bearers melee weapons. Each time the bearer’s unit destroys an enemy unit with a melee attack, do not roll to gain a Blood Tithe point, you automatically gain 1 Blood Tithe point instead.||
WE|Battle-lust|000008432005|20|Berzerker Warband|000000777|false|This veteran killer cannot resist the urge to kill. His endless thirst for slaughter drives him forward into the thickest of fighting.|<span class="kwb">WORLD</span> <span class="kwb">EATERS</span> model only. You can re-roll Charge rolls made for the bearer’s unit. In addition, while the Unbridled Bloodlust Blessing of Khorne is active for your army, add 1 to Charge rolls made for the bearer’s unit.||
